-- Generated by Craft v1.0.2270 on Jun 13, 2013 10:18:41 PM.

--
-- Disable foreign key checks and autocommit and start a transaction.
--

SET FOREIGN_KEY_CHECKS = 0;
SET SQL_MODE = "NO_AUTO_VALUE_ON_ZERO";
SET AUTOCOMMIT = 0;
SET NAMES utf8;
START TRANSACTION;

/*!40101 SET @OLD_CHARACTER_SET_CLIENT=@@CHARACTER_SET_CLIENT */;
/*!40101 SET @OLD_CHARACTER_SET_RESULTS=@@CHARACTER_SET_RESULTS */;
/*!40101 SET @OLD_COLLATION_CONNECTION=@@COLLATION_CONNECTION */;
/*!40101 SET NAMES utf8 */;

--
-- Schema for table `craft_assetfiles`
--

DROP TABLE IF EXISTS `craft_assetfiles`;

CREATE TABLE `craft_assetfiles` (
  `id` int(11) NOT NULL,
  `sourceId` int(11) NOT NULL,
  `folderId` int(11) NOT NULL,
  `filename` varchar(255) COLLATE utf8_unicode_ci NOT NULL,
  `kind` char(10) COLLATE utf8_unicode_ci DEFAULT NULL,
  `width` smallint(6) unsigned DEFAULT NULL,
  `height` smallint(6) unsigned DEFAULT NULL,
  `size` int(11) unsigned DEFAULT NULL,
  `dateModified` datetime DEFAULT NULL,
  `dateCreated` datetime NOT NULL,
  `dateUpdated` datetime NOT NULL,
  `uid` char(36) COLLATE utf8_unicode_ci NOT NULL DEFAULT '0',
  PRIMARY KEY (`id`),
  UNIQUE KEY `craft_assetfiles_filename_folderId_unq_idx` (`filename`,`folderId`),
  KEY `craft_assetfiles_sourceId_fk` (`sourceId`),
  KEY `craft_assetfiles_folderId_fk` (`folderId`)
) ENGINE=InnoDB DEFAULT CHARSET=utf8 COLLATE=utf8_unicode_ci;

--
-- Schema for table `craft_assetfolders`
--

DROP TABLE IF EXISTS `craft_assetfolders`;

CREATE TABLE `craft_assetfolders` (
  `id` int(11) NOT NULL AUTO_INCREMENT,
  `parentId` int(11) DEFAULT NULL,
  `sourceId` int(11) NOT NULL,
  `name` varchar(255) COLLATE utf8_unicode_ci NOT NULL,
  `fullPath` varchar(255) COLLATE utf8_unicode_ci DEFAULT NULL,
  `dateCreated` datetime NOT NULL,
  `dateUpdated` datetime NOT NULL,
  `uid` char(36) COLLATE utf8_unicode_ci NOT NULL DEFAULT '0',
  PRIMARY KEY (`id`),
  UNIQUE KEY `craft_assetfolders_name_parentId_sourceId_unq_idx` (`name`,`parentId`,`sourceId`),
  KEY `craft_assetfolders_parentId_fk` (`parentId`),
  KEY `craft_assetfolders_sourceId_fk` (`sourceId`)
) ENGINE=InnoDB AUTO_INCREMENT=4 DEFAULT CHARSET=utf8 COLLATE=utf8_unicode_ci;

--
-- Data for table `craft_assetfolders`
--

BEGIN;
INSERT INTO `craft_assetfolders` (`id`, `parentId`, `sourceId`, `name`, `fullPath`, `dateCreated`, `dateUpdated`, `uid`) VALUES
 ('1', NULL, '1', 'song', '', '2013-06-13 18:06:23', '2013-06-13 18:10:24', '7f96a7ae-591b-4c9c-90b1-4fca3f15bfea'),
 ('2', NULL, '2', 'song-data', '', '2013-06-13 18:08:27', '2013-06-13 18:08:27', '9787265a-427b-4582-af32-0e4cff80e6b3'),
 ('3', NULL, '3', 'song-cover', '', '2013-06-13 18:09:49', '2013-06-13 18:09:49', '24e9233c-4010-4382-9a7d-e7455e5b5e22');
COMMIT;


--
-- Schema for table `craft_assetindexdata`
--

DROP TABLE IF EXISTS `craft_assetindexdata`;

CREATE TABLE `craft_assetindexdata` (
  `id` int(11) NOT NULL AUTO_INCREMENT,
  `sessionId` varchar(36) COLLATE utf8_unicode_ci NOT NULL DEFAULT '',
  `sourceId` int(10) NOT NULL,
  `offset` int(10) NOT NULL,
  `uri` varchar(255) COLLATE utf8_unicode_ci DEFAULT NULL,
  `size` int(10) DEFAULT NULL,
  `recordId` int(10) DEFAULT NULL,
  `dateCreated` datetime NOT NULL,
  `dateUpdated` datetime NOT NULL,
  `uid` char(36) COLLATE utf8_unicode_ci NOT NULL DEFAULT '0',
  PRIMARY KEY (`id`),
  UNIQUE KEY `craft_assetindexdata_sessionId_sourceId_offset_unq_idx` (`sessionId`,`sourceId`,`offset`),
  KEY `craft_assetindexdata_sourceId_fk` (`sourceId`)
) ENGINE=InnoDB DEFAULT CHARSET=utf8 COLLATE=utf8_unicode_ci;

--
-- Schema for table `craft_assetsources`
--

DROP TABLE IF EXISTS `craft_assetsources`;

CREATE TABLE `craft_assetsources` (
  `id` int(11) NOT NULL AUTO_INCREMENT,
  `name` varchar(100) COLLATE utf8_unicode_ci NOT NULL,
  `type` char(150) COLLATE utf8_unicode_ci NOT NULL,
  `settings` text COLLATE utf8_unicode_ci,
  `sortOrder` tinyint(4) DEFAULT NULL,
  `dateCreated` datetime NOT NULL,
  `dateUpdated` datetime NOT NULL,
  `uid` char(36) COLLATE utf8_unicode_ci NOT NULL DEFAULT '0',
  PRIMARY KEY (`id`),
  UNIQUE KEY `craft_assetsources_name_unq_idx` (`name`)
) ENGINE=InnoDB AUTO_INCREMENT=4 DEFAULT CHARSET=utf8 COLLATE=utf8_unicode_ci;

--
-- Data for table `craft_assetsources`
--

BEGIN;
INSERT INTO `craft_assetsources` (`id`, `name`, `type`, `settings`, `sortOrder`, `dateCreated`, `dateUpdated`, `uid`) VALUES
 ('1', 'song', 'Local', '{\"path\":\"\\/assets\\/upload\\/song\\/\",\"url\":\"\\/assets\\/upload\\/song\\/\"}', '1', '2013-06-13 18:06:23', '2013-06-13 18:10:24', '099cda60-ad41-4312-a9fa-3c9101cf9589'),
 ('2', 'song-data', 'Local', '{\"path\":\"\\/assets\\/upload\\/song-data\\/\",\"url\":\"\\/assets\\/upload\\/song-data\\/\"}', '2', '2013-06-13 18:08:27', '2013-06-13 18:08:27', '62dc4e40-49d7-47c2-8273-e9994db9fe8f'),
 ('3', 'song-cover', 'Local', '{\"path\":\"\\/assets\\/upload\\/song-cover\\/\",\"url\":\"\\/assets\\/upload\\/song-cover\\/\"}', '3', '2013-06-13 18:09:49', '2013-06-13 18:09:49', '6af5563a-b2f8-4613-86fc-a4c1a38ea930');
COMMIT;


--
-- Schema for table `craft_assettransformindex`
--

DROP TABLE IF EXISTS `craft_assettransformindex`;

CREATE TABLE `craft_assettransformindex` (
  `id` int(11) NOT NULL AUTO_INCREMENT,
  `fileId` int(11) NOT NULL,
  `location` varchar(255) COLLATE utf8_unicode_ci NOT NULL,
  `sourceId` int(11) NOT NULL,
  `fileExists` tinyint(1) DEFAULT NULL,
  `inProgress` tinyint(1) DEFAULT NULL,
  `dateIndexed` datetime DEFAULT NULL,
  `dateCreated` datetime NOT NULL,
  `dateUpdated` datetime NOT NULL,
  `uid` char(36) COLLATE utf8_unicode_ci NOT NULL DEFAULT '0',
  PRIMARY KEY (`id`),
  KEY `craft_assettransformindex_sourceId_fileId_location_idx` (`sourceId`,`fileId`,`location`)
) ENGINE=InnoDB DEFAULT CHARSET=utf8 COLLATE=utf8_unicode_ci;

--
-- Schema for table `craft_assettransforms`
--

DROP TABLE IF EXISTS `craft_assettransforms`;

CREATE TABLE `craft_assettransforms` (
  `id` int(11) NOT NULL AUTO_INCREMENT,
  `name` varchar(255) COLLATE utf8_unicode_ci NOT NULL,
  `handle` varchar(255) COLLATE utf8_unicode_ci NOT NULL,
  `mode` enum('stretch','fit','crop') COLLATE utf8_unicode_ci NOT NULL DEFAULT 'crop',
  `position` enum('top-left','top-center','top-right','center-left','center-center','center-right','bottom-left','bottom-center','bottom-right') COLLATE utf8_unicode_ci NOT NULL DEFAULT 'center-center',
  `height` int(10) DEFAULT NULL,
  `width` int(10) DEFAULT NULL,
  `dimensionChangeTime` datetime DEFAULT NULL,
  `dateCreated` datetime NOT NULL,
  `dateUpdated` datetime NOT NULL,
  `uid` char(36) COLLATE utf8_unicode_ci NOT NULL DEFAULT '0',
  PRIMARY KEY (`id`),
  UNIQUE KEY `craft_assettransforms_name_unq_idx` (`name`),
  UNIQUE KEY `craft_assettransforms_handle_unq_idx` (`handle`)
) ENGINE=InnoDB DEFAULT CHARSET=utf8 COLLATE=utf8_unicode_ci;

--
-- Schema for table `craft_content`
--

DROP TABLE IF EXISTS `craft_content`;

CREATE TABLE `craft_content` (
  `id` int(11) NOT NULL AUTO_INCREMENT,
  `elementId` int(11) NOT NULL,
  `locale` char(12) COLLATE utf8_unicode_ci NOT NULL,
  `heading` varchar(255) COLLATE utf8_unicode_ci DEFAULT NULL,
  `body` text COLLATE utf8_unicode_ci,
  `description` text COLLATE utf8_unicode_ci,
  `composer` varchar(255) COLLATE utf8_unicode_ci DEFAULT NULL,
  `instruments` text COLLATE utf8_unicode_ci,
  `duration` int(10) unsigned DEFAULT NULL,
  `performer` text COLLATE utf8_unicode_ci,
  `video` varchar(255) COLLATE utf8_unicode_ci DEFAULT NULL,
  `mediaFormat` varchar(255) COLLATE utf8_unicode_ci DEFAULT NULL,
  `year` smallint(4) unsigned DEFAULT NULL,
  `biographyParagraphs` text COLLATE utf8_unicode_ci,
  `emailHeading` varchar(255) COLLATE utf8_unicode_ci DEFAULT NULL,
  `emailAddress` varchar(255) COLLATE utf8_unicode_ci DEFAULT NULL,
  `socialHeading` varchar(255) COLLATE utf8_unicode_ci DEFAULT NULL,
  `facebookUrl` varchar(255) COLLATE utf8_unicode_ci DEFAULT NULL,
  `twitterUrl` varchar(255) COLLATE utf8_unicode_ci DEFAULT NULL,
  `googlePlusUrl` varchar(255) COLLATE utf8_unicode_ci DEFAULT NULL,
  `messageFormName` varchar(255) COLLATE utf8_unicode_ci DEFAULT NULL,
  `messageFormEmail` varchar(255) COLLATE utf8_unicode_ci DEFAULT NULL,
  `messageFormBody` varchar(255) COLLATE utf8_unicode_ci DEFAULT NULL,
  `messageFormHeading` varchar(255) COLLATE utf8_unicode_ci DEFAULT NULL,
  `eventList` text COLLATE utf8_unicode_ci,
  `subHeading` varchar(255) COLLATE utf8_unicode_ci DEFAULT NULL,
  `dateCreated` datetime NOT NULL,
  `dateUpdated` datetime NOT NULL,
  `uid` char(36) COLLATE utf8_unicode_ci NOT NULL DEFAULT '0',
  PRIMARY KEY (`id`),
  UNIQUE KEY `craft_content_elementId_locale_unq_idx` (`elementId`,`locale`),
  KEY `craft_content_locale_fk` (`locale`)
) ENGINE=InnoDB AUTO_INCREMENT=8 DEFAULT CHARSET=utf8 COLLATE=utf8_unicode_ci;

--
-- Data for table `craft_content`
--

BEGIN;
INSERT INTO `craft_content` (`id`, `elementId`, `locale`, `heading`, `body`, `description`, `composer`, `instruments`, `duration`, `performer`, `video`, `mediaFormat`, `year`, `biographyParagraphs`, `emailHeading`, `emailAddress`, `socialHeading`, `facebookUrl`, `twitterUrl`, `googlePlusUrl`, `messageFormName`, `messageFormEmail`, `messageFormBody`, `messageFormHeading`, `eventList`, `subHeading`, `dateCreated`, `dateUpdated`, `uid`) VALUES
 ('1', '2', 'en_us', 'Welcome to Hlc-portfolio.dev!', '<p>It’s true, this site doesn’t have a whole lot of content yet, but don’t worry. Our web developers have just installed the CMS, and they’re setting things up for the content editors this very moment. Soon Hlc-portfolio.dev will be an oasis of fresh perspectives, sharp analyses, and astute opinions that will keep you coming back again and again.</p>', NULL, NULL, NULL, NULL, NULL, NULL, NULL, NULL, NULL, NULL, NULL, NULL, NULL, NULL, NULL, NULL, NULL, NULL, NULL, NULL, NULL, '2013-06-13 00:38:00', '2013-06-13 00:38:00', '6a6fc3b9-dc12-4bb6-ab7b-9322874adfa3'),
 ('2', '3', 'en_us', NULL, '<p>Craft is the CMS that’s powering Hlc-portfolio.dev. It’s beautiful, powerful, flexible, and easy-to-use, and it’s made by Pixel &amp; Tonic. We can’t wait to dive in and see what it’s capable of!</p><!--pagebreak--><p>This is even more captivating content, which you couldn’t see on the News index page because it was entered after a Page Break, and the News index template only likes to show the content on the first page.</p><p>Craft: a nice alternative to Word, if you’re making a website.</p>', NULL, NULL, NULL, NULL, NULL, NULL, NULL, NULL, NULL, NULL, NULL, NULL, NULL, NULL, NULL, NULL, NULL, NULL, NULL, NULL, NULL, '2013-06-13 00:38:00', '2013-06-13 00:38:00', 'b565fcd2-3e69-4ebf-8607-3e419961de94'),
 ('3', '4', 'en_us', NULL, NULL, '<p>\r\n	This is the song description.\r\n</p>', '', '[{\"col1\":\"\"}]', '0', '', '', 'audio', '1999', NULL, NULL, NULL, NULL, NULL, NULL, NULL, NULL, NULL, NULL, NULL, NULL, NULL, '2013-06-13 20:42:35', '2013-06-13 20:42:35', '7e559572-c549-472f-8bc1-8cfed1cc048c'),
 ('4', '5', 'en_us', NULL, NULL, NULL, NULL, NULL, NULL, NULL, NULL, NULL, NULL, NULL, NULL, NULL, NULL, NULL, NULL, NULL, NULL, NULL, NULL, NULL, NULL, NULL, '2013-06-13 20:46:26', '2013-06-13 20:46:26', 'f7aea644-d7e8-41fe-afc9-ef451ffca5dc'),
 ('5', '6', 'en_us', NULL, NULL, NULL, NULL, NULL, NULL, NULL, NULL, NULL, NULL, '<p>\r\n	 Some text about brief...\r\n</p>', NULL, NULL, NULL, NULL, NULL, NULL, NULL, NULL, NULL, NULL, NULL, NULL, '2013-06-13 20:56:34', '2013-06-13 20:56:40', '45085120-a97d-4346-9d2d-d633d94a6822'),
 ('6', '8', 'en_us', NULL, NULL, NULL, NULL, NULL, NULL, NULL, NULL, NULL, NULL, NULL, NULL, NULL, NULL, NULL, NULL, NULL, NULL, NULL, NULL, NULL, '[{\"col1\":\"Award 1\",\"col2\":\"1999\"},{\"col1\":\"Award 2\",\"col2\":\"2000\"}]', NULL, '2013-06-13 21:10:30', '2013-06-13 21:13:25', 'e3eae87a-00a1-4510-a68a-451d28d0ff2b'),
 ('7', '10', 'en_us', 'Hsin-Lei Chen', NULL, NULL, NULL, NULL, NULL, NULL, NULL, NULL, NULL, NULL, NULL, NULL, NULL, NULL, NULL, NULL, NULL, NULL, NULL, NULL, NULL, 'composer', '2013-06-13 21:22:42', '2013-06-13 21:22:42', 'e3811593-9e59-4ede-9729-c347d08ce2df');
COMMIT;


--
-- Schema for table `craft_elements`
--

DROP TABLE IF EXISTS `craft_elements`;

CREATE TABLE `craft_elements` (
  `id` int(11) NOT NULL AUTO_INCREMENT,
  `type` char(150) COLLATE utf8_unicode_ci NOT NULL,
  `enabled` tinyint(1) unsigned NOT NULL DEFAULT '1',
  `archived` tinyint(1) unsigned NOT NULL DEFAULT '0',
  `dateCreated` datetime NOT NULL,
  `dateUpdated` datetime NOT NULL,
  `uid` char(36) COLLATE utf8_unicode_ci NOT NULL DEFAULT '0',
  PRIMARY KEY (`id`),
  KEY `craft_elements_type_idx` (`type`),
  KEY `craft_elements_enabled_idx` (`enabled`),
  KEY `craft_elements_archived_idx` (`archived`)
) ENGINE=InnoDB AUTO_INCREMENT=11 DEFAULT CHARSET=utf8 COLLATE=utf8_unicode_ci;

--
-- Data for table `craft_elements`
--

BEGIN;
INSERT INTO `craft_elements` (`id`, `type`, `enabled`, `archived`, `dateCreated`, `dateUpdated`, `uid`) VALUES
 ('1', 'User', '1', '0', '2013-06-13 00:37:57', '2013-06-13 00:37:57', 'cf7af526-9a13-4737-8125-41032c93941d'),
 ('2', 'GlobalSet', '1', '0', '2013-06-13 00:38:00', '2013-06-13 00:38:00', '137ccf97-61b0-4099-841b-713a74580407'),
 ('3', 'Entry', '1', '0', '2013-06-13 00:38:00', '2013-06-13 00:38:00', '5d40d2a8-d926-4e78-8c32-4b25308f3e8f'),
 ('4', 'Entry', '1', '0', '2013-06-13 20:42:35', '2013-06-13 20:42:35', 'ad4d93c4-11c9-4526-8f5e-8b392d8f4bf0'),
 ('5', 'Entry', '1', '0', '2013-06-13 20:46:26', '2013-06-13 20:46:26', 'f4768cff-9d8b-428e-889f-48ff2fa2e6a3'),
 ('6', 'GlobalSet', '1', '0', '2013-06-13 20:48:27', '2013-06-13 21:38:48', '521db26d-fe44-4530-9ebc-06f509c1c773'),
 ('7', 'GlobalSet', '1', '0', '2013-06-13 21:03:12', '2013-06-13 21:05:02', 'ff89e362-8251-4c65-a240-0d59b9280f07'),
 ('8', 'GlobalSet', '1', '0', '2013-06-13 21:08:19', '2013-06-13 21:10:17', '73dbcbcf-d186-43b3-8478-87884a95c013'),
 ('9', 'GlobalSet', '1', '0', '2013-06-13 21:14:07', '2013-06-13 21:14:28', '87768663-6b15-474d-9558-268f33b455eb'),
 ('10', 'GlobalSet', '1', '0', '2013-06-13 21:22:12', '2013-06-13 21:22:23', 'c3733371-d358-41e0-8981-cbca903c68f0');
COMMIT;


--
-- Schema for table `craft_elements_i18n`
--

DROP TABLE IF EXISTS `craft_elements_i18n`;

CREATE TABLE `craft_elements_i18n` (
  `id` int(11) NOT NULL AUTO_INCREMENT,
  `elementId` int(11) NOT NULL,
  `locale` char(12) COLLATE utf8_unicode_ci NOT NULL,
  `uri` varchar(255) COLLATE utf8_unicode_ci DEFAULT NULL,
  `dateCreated` datetime NOT NULL,
  `dateUpdated` datetime NOT NULL,
  `uid` char(36) COLLATE utf8_unicode_ci NOT NULL DEFAULT '0',
  PRIMARY KEY (`id`),
  UNIQUE KEY `craft_elements_i18n_elementId_locale_unq_idx` (`elementId`,`locale`),
  UNIQUE KEY `craft_elements_i18n_uri_locale_unq_idx` (`uri`,`locale`),
  KEY `craft_elements_i18n_locale_fk` (`locale`)
) ENGINE=InnoDB AUTO_INCREMENT=4 DEFAULT CHARSET=utf8 COLLATE=utf8_unicode_ci;

--
-- Data for table `craft_elements_i18n`
--

BEGIN;
INSERT INTO `craft_elements_i18n` (`id`, `elementId`, `locale`, `uri`, `dateCreated`, `dateUpdated`, `uid`) VALUES
 ('1', '3', 'en_us', 'news/2013/we-just-installed-craft', '2013-06-13 00:38:00', '2013-06-13 00:38:00', '64977b0d-a86e-460e-bf6a-62be18951647'),
 ('2', '4', 'en_us', NULL, '2013-06-13 20:42:35', '2013-06-13 20:42:35', '137e2eea-f928-44af-bf69-fdc97cea2e50'),
 ('3', '5', 'en_us', 'album/album-1', '2013-06-13 20:46:26', '2013-06-13 20:46:26', 'a13115a2-e23f-4ada-b744-e750efe856f5');
COMMIT;


--
-- Schema for table `craft_emailmessages`
--

DROP TABLE IF EXISTS `craft_emailmessages`;

CREATE TABLE `craft_emailmessages` (
  `id` int(11) NOT NULL AUTO_INCREMENT,
  `key` char(150) COLLATE utf8_unicode_ci NOT NULL,
  `locale` char(12) COLLATE utf8_unicode_ci NOT NULL,
  `subject` varchar(1000) COLLATE utf8_unicode_ci NOT NULL,
  `body` text COLLATE utf8_unicode_ci NOT NULL,
  `dateCreated` datetime NOT NULL,
  `dateUpdated` datetime NOT NULL,
  `uid` char(36) COLLATE utf8_unicode_ci NOT NULL DEFAULT '0',
  PRIMARY KEY (`id`),
  UNIQUE KEY `craft_emailmessages_key_locale_unq_idx` (`key`,`locale`)
) ENGINE=InnoDB DEFAULT CHARSET=utf8 COLLATE=utf8_unicode_ci;

--
-- Schema for table `craft_entries`
--

DROP TABLE IF EXISTS `craft_entries`;

CREATE TABLE `craft_entries` (
  `id` int(11) NOT NULL,
  `sectionId` int(11) NOT NULL,
  `authorId` int(11) NOT NULL,
  `postDate` datetime DEFAULT NULL,
  `expiryDate` datetime DEFAULT NULL,
  `dateCreated` datetime NOT NULL,
  `dateUpdated` datetime NOT NULL,
  `uid` char(36) COLLATE utf8_unicode_ci NOT NULL DEFAULT '0',
  PRIMARY KEY (`id`),
  KEY `craft_entries_sectionId_idx` (`sectionId`),
  KEY `craft_entries_postDate_idx` (`postDate`),
  KEY `craft_entries_expiryDate_idx` (`expiryDate`),
  KEY `craft_entries_authorId_fk` (`authorId`)
) ENGINE=InnoDB DEFAULT CHARSET=utf8 COLLATE=utf8_unicode_ci;

--
-- Data for table `craft_entries`
--

BEGIN;
INSERT INTO `craft_entries` (`id`, `sectionId`, `authorId`, `postDate`, `expiryDate`, `dateCreated`, `dateUpdated`, `uid`) VALUES
 ('3', '1', '1', '2013-06-13 00:38:00', NULL, '2013-06-13 00:38:00', '2013-06-13 00:38:00', '86024707-a101-47c9-ab2c-e7bd3fc6ad97'),
 ('4', '3', '1', '2013-06-13 20:42:35', NULL, '2013-06-13 20:42:35', '2013-06-13 20:42:35', '512f8fef-5a03-435c-a2d8-0d81a8a9d436'),
 ('5', '2', '1', '2013-06-13 20:46:26', NULL, '2013-06-13 20:46:26', '2013-06-13 20:46:26', 'c08b9a83-aa7c-4ef1-b5a1-5f6d845c03e3');
COMMIT;


--
-- Schema for table `craft_entries_i18n`
--

DROP TABLE IF EXISTS `craft_entries_i18n`;

CREATE TABLE `craft_entries_i18n` (
  `id` int(11) NOT NULL AUTO_INCREMENT,
  `entryId` int(11) NOT NULL,
  `sectionId` int(11) NOT NULL,
  `locale` char(12) COLLATE utf8_unicode_ci NOT NULL,
  `title` varchar(255) COLLATE utf8_unicode_ci NOT NULL,
  `slug` varchar(255) COLLATE utf8_unicode_ci NOT NULL,
  `dateCreated` datetime NOT NULL,
  `dateUpdated` datetime NOT NULL,
  `uid` char(36) COLLATE utf8_unicode_ci NOT NULL DEFAULT '0',
  PRIMARY KEY (`id`),
  UNIQUE KEY `craft_entries_i18n_entryId_locale_unq_idx` (`entryId`,`locale`),
  UNIQUE KEY `craft_entries_i18n_slug_sectionId_locale_unq_idx` (`slug`,`sectionId`,`locale`),
  KEY `craft_entries_i18n_title_idx` (`title`),
  KEY `craft_entries_i18n_sectionId_fk` (`sectionId`),
  KEY `craft_entries_i18n_locale_fk` (`locale`)
) ENGINE=InnoDB AUTO_INCREMENT=4 DEFAULT CHARSET=utf8 COLLATE=utf8_unicode_ci;

--
-- Data for table `craft_entries_i18n`
--

BEGIN;
INSERT INTO `craft_entries_i18n` (`id`, `entryId`, `sectionId`, `locale`, `title`, `slug`, `dateCreated`, `dateUpdated`, `uid`) VALUES
 ('1', '3', '1', 'en_us', 'We just installed Craft!', 'we-just-installed-craft', '2013-06-13 00:38:00', '2013-06-13 00:38:00', 'f5756d0b-0bfe-4c49-9252-3b5de6c7eec1'),
 ('2', '4', '3', 'en_us', 'the school of artist', 'the-school-of-artist', '2013-06-13 20:42:35', '2013-06-13 20:42:35', 'f5d85d52-f65f-4152-8216-b6123ca3eb30'),
 ('3', '5', '2', 'en_us', 'Album 1', 'album-1', '2013-06-13 20:46:26', '2013-06-13 20:46:26', '730f9024-fac5-4e97-95f1-6ab4693a88e6');
COMMIT;


--
-- Schema for table `craft_entrydrafts`
--

DROP TABLE IF EXISTS `craft_entrydrafts`;

CREATE TABLE `craft_entrydrafts` (
  `id` int(11) NOT NULL AUTO_INCREMENT,
  `entryId` int(11) NOT NULL,
  `sectionId` int(11) NOT NULL,
  `creatorId` int(11) NOT NULL,
  `locale` char(12) COLLATE utf8_unicode_ci NOT NULL,
  `name` varchar(255) COLLATE utf8_unicode_ci DEFAULT NULL,
  `data` mediumtext COLLATE utf8_unicode_ci NOT NULL,
  `dateCreated` datetime NOT NULL,
  `dateUpdated` datetime NOT NULL,
  `uid` char(36) COLLATE utf8_unicode_ci NOT NULL DEFAULT '0',
  PRIMARY KEY (`id`),
  KEY `craft_entrydrafts_entryId_locale_idx` (`entryId`,`locale`),
  KEY `craft_entrydrafts_sectionId_fk` (`sectionId`),
  KEY `craft_entrydrafts_creatorId_fk` (`creatorId`),
  KEY `craft_entrydrafts_locale_fk` (`locale`)
) ENGINE=InnoDB DEFAULT CHARSET=utf8 COLLATE=utf8_unicode_ci;

--
-- Schema for table `craft_entrytags`
--

DROP TABLE IF EXISTS `craft_entrytags`;

CREATE TABLE `craft_entrytags` (
  `id` int(11) NOT NULL AUTO_INCREMENT,
  `name` varchar(100) COLLATE utf8_unicode_ci NOT NULL,
  `count` int(10) NOT NULL,
  `dateCreated` datetime NOT NULL,
  `dateUpdated` datetime NOT NULL,
  `uid` char(36) COLLATE utf8_unicode_ci NOT NULL DEFAULT '0',
  PRIMARY KEY (`id`),
  UNIQUE KEY `craft_entrytags_name_unq_idx` (`name`)
) ENGINE=InnoDB DEFAULT CHARSET=utf8 COLLATE=utf8_unicode_ci;

--
-- Schema for table `craft_entrytags_entries`
--

DROP TABLE IF EXISTS `craft_entrytags_entries`;

CREATE TABLE `craft_entrytags_entries` (
  `id` int(11) NOT NULL AUTO_INCREMENT,
  `tagId` int(11) NOT NULL,
  `entryId` int(11) NOT NULL,
  `dateCreated` datetime NOT NULL,
  `dateUpdated` datetime NOT NULL,
  `uid` char(36) COLLATE utf8_unicode_ci NOT NULL DEFAULT '0',
  PRIMARY KEY (`id`),
  KEY `craft_entrytags_entries_tagId_fk` (`tagId`),
  KEY `craft_entrytags_entries_entryId_fk` (`entryId`)
) ENGINE=InnoDB DEFAULT CHARSET=utf8 COLLATE=utf8_unicode_ci;

--
-- Schema for table `craft_entryversions`
--

DROP TABLE IF EXISTS `craft_entryversions`;

CREATE TABLE `craft_entryversions` (
  `id` int(11) NOT NULL AUTO_INCREMENT,
  `entryId` int(11) NOT NULL,
  `sectionId` int(11) NOT NULL,
  `creatorId` int(11) NOT NULL,
  `locale` char(12) COLLATE utf8_unicode_ci NOT NULL,
  `notes` tinytext COLLATE utf8_unicode_ci,
  `data` mediumtext COLLATE utf8_unicode_ci NOT NULL,
  `dateCreated` datetime NOT NULL,
  `dateUpdated` datetime NOT NULL,
  `uid` char(36) COLLATE utf8_unicode_ci NOT NULL DEFAULT '0',
  PRIMARY KEY (`id`),
  KEY `craft_entryversions_entryId_locale_idx` (`entryId`,`locale`),
  KEY `craft_entryversions_sectionId_fk` (`sectionId`),
  KEY `craft_entryversions_creatorId_fk` (`creatorId`),
  KEY `craft_entryversions_locale_fk` (`locale`)
) ENGINE=InnoDB AUTO_INCREMENT=3 DEFAULT CHARSET=utf8 COLLATE=utf8_unicode_ci;

--
-- Data for table `craft_entryversions`
--

BEGIN;
INSERT INTO `craft_entryversions` (`id`, `entryId`, `sectionId`, `creatorId`, `locale`, `notes`, `data`, `dateCreated`, `dateUpdated`, `uid`) VALUES
 ('1', '4', '3', '1', 'en_us', NULL, '{\"authorId\":\"1\",\"title\":\"the school of artist\",\"slug\":\"the-school-of-artist\",\"postDate\":1371156155,\"expiryDate\":null,\"enabled\":1,\"tags\":[],\"fields\":{\"6\":\"\",\"3\":\"<p>\\r\\n\\tThis is the song description.\\r\\n<\\/p>\",\"8\":\"\",\"7\":[{\"col1\":\"\"}],\"11\":\"audio\",\"9\":\"\",\"10\":\"\",\"14\":\"1999\"}}', '2013-06-13 20:42:35', '2013-06-13 20:42:35', 'a448b4e9-bbc5-42d6-bef2-56967c276cfc'),
 ('2', '5', '2', '1', 'en_us', NULL, '{\"authorId\":\"1\",\"title\":\"Album 1\",\"slug\":\"album-1\",\"postDate\":1371156386,\"expiryDate\":null,\"enabled\":1,\"tags\":[],\"fields\":{\"13\":[\"4\"]}}', '2013-06-13 20:46:26', '2013-06-13 20:46:26', 'b26935e3-0934-4097-b7c2-1c4a0cabd13a');
COMMIT;


--
-- Schema for table `craft_fieldgroups`
--

DROP TABLE IF EXISTS `craft_fieldgroups`;

CREATE TABLE `craft_fieldgroups` (
  `id` int(11) NOT NULL AUTO_INCREMENT,
  `name` varchar(100) COLLATE utf8_unicode_ci NOT NULL,
  `dateCreated` datetime NOT NULL,
  `dateUpdated` datetime NOT NULL,
  `uid` char(36) COLLATE utf8_unicode_ci NOT NULL DEFAULT '0',
  PRIMARY KEY (`id`),
  UNIQUE KEY `craft_fieldgroups_name_unq_idx` (`name`)
) ENGINE=InnoDB AUTO_INCREMENT=7 DEFAULT CHARSET=utf8 COLLATE=utf8_unicode_ci;

--
-- Data for table `craft_fieldgroups`
--

BEGIN;
INSERT INTO `craft_fieldgroups` (`id`, `name`, `dateCreated`, `dateUpdated`, `uid`) VALUES
 ('1', 'Default', '2013-06-13 00:37:58', '2013-06-13 00:37:58', 'cbfecc04-e033-4a76-a7b2-b4fc4f6bb0fb'),
 ('2', 'Song', '2013-06-13 20:03:51', '2013-06-13 20:03:51', '40ee2df8-3377-438b-b825-abdc84596e60'),
 ('3', 'Album', '2013-06-13 20:36:30', '2013-06-13 20:36:30', 'fb3a7ea3-639c-4cc0-aee6-1a941cf3ffd0'),
 ('4', 'Biography', '2013-06-13 20:50:33', '2013-06-13 21:00:08', 'a4fbf138-298f-41b5-acae-559e35b20870'),
 ('5', 'Contact', '2013-06-13 20:59:48', '2013-06-13 21:00:01', '84e06064-97d4-47de-aa64-c5b83e3df139'),
 ('6', 'Common', '2013-06-13 21:08:33', '2013-06-13 21:14:46', '21dd3d0f-35da-469d-bf3a-a8dff870d517');
COMMIT;


--
-- Schema for table `craft_fieldlayoutfields`
--

DROP TABLE IF EXISTS `craft_fieldlayoutfields`;

CREATE TABLE `craft_fieldlayoutfields` (
  `id` int(11) NOT NULL AUTO_INCREMENT,
  `layoutId` int(11) NOT NULL,
  `tabId` int(11) DEFAULT NULL,
  `fieldId` int(11) NOT NULL,
  `required` tinyint(1) unsigned NOT NULL DEFAULT '0',
  `sortOrder` tinyint(4) DEFAULT NULL,
  `dateCreated` datetime NOT NULL,
  `dateUpdated` datetime NOT NULL,
  `uid` char(36) COLLATE utf8_unicode_ci NOT NULL DEFAULT '0',
  PRIMARY KEY (`id`),
  UNIQUE KEY `craft_fieldlayoutfields_layoutId_fieldId_unq_idx` (`layoutId`,`fieldId`),
  KEY `craft_fieldlayoutfields_sortOrder_idx` (`sortOrder`),
  KEY `craft_fieldlayoutfields_tabId_fk` (`tabId`),
  KEY `craft_fieldlayoutfields_fieldId_fk` (`fieldId`)
) ENGINE=InnoDB AUTO_INCREMENT=66 DEFAULT CHARSET=utf8 COLLATE=utf8_unicode_ci;

--
-- Data for table `craft_fieldlayoutfields`
--

BEGIN;
INSERT INTO `craft_fieldlayoutfields` (`id`, `layoutId`, `tabId`, `fieldId`, `required`, `sortOrder`, `dateCreated`, `dateUpdated`, `uid`) VALUES
 ('1', '1', NULL, '1', '0', '1', '2013-06-13 00:38:00', '2013-06-13 00:38:00', 'd2c336da-db7e-42ff-a3e5-b19e9bb03012'),
 ('2', '1', NULL, '2', '0', '2', '2013-06-13 00:38:00', '2013-06-13 00:38:00', 'df9c183c-be17-49b4-9d1a-e3b7751c66b4'),
 ('3', '2', '1', '2', '1', '1', '2013-06-13 00:38:00', '2013-06-13 00:38:00', 'cf9a142c-40ad-4bad-8f8a-302459eb7d24'),
 ('14', '6', '3', '13', '0', '1', '2013-06-13 20:37:22', '2013-06-13 20:37:22', '17bfb7e9-5e57-4124-90a0-c033e65e9e8c'),
 ('15', '7', '4', '3', '1', '1', '2013-06-13 20:38:52', '2013-06-13 20:38:52', 'c38ada75-6fca-455a-8df3-e3e663eb2f9b'),
 ('16', '7', '4', '14', '1', '2', '2013-06-13 20:38:52', '2013-06-13 20:38:52', '2599220e-760b-43d2-9bba-08f86c69b633'),
 ('17', '7', '4', '6', '0', '3', '2013-06-13 20:38:52', '2013-06-13 20:38:52', '27fda916-53f9-472a-8b9c-4c9192eec87a'),
 ('18', '7', '4', '9', '0', '4', '2013-06-13 20:38:52', '2013-06-13 20:38:52', '81a42295-12d8-424b-a3e9-4ac748a30542'),
 ('19', '7', '4', '7', '0', '5', '2013-06-13 20:38:52', '2013-06-13 20:38:52', 'c74d09da-c807-4c3a-838c-f20f32d0fc21'),
 ('20', '7', '4', '8', '0', '6', '2013-06-13 20:38:52', '2013-06-13 20:38:52', '10fef6d0-749f-40c3-b8c6-f7454942de29'),
 ('21', '7', '4', '5', '0', '7', '2013-06-13 20:38:52', '2013-06-13 20:38:52', 'af75ec49-f3e3-45d8-b15f-fce27c0028ca'),
 ('22', '7', '4', '11', '1', '8', '2013-06-13 20:38:52', '2013-06-13 20:38:52', '76a11341-4a3b-401a-b677-a95298921512'),
 ('23', '7', '4', '4', '0', '9', '2013-06-13 20:38:52', '2013-06-13 20:38:52', 'e5c45a2b-d18d-4a26-9822-7a9a9df0ccf3'),
 ('24', '7', '4', '10', '0', '10', '2013-06-13 20:38:52', '2013-06-13 20:38:52', '7443eee4-7f74-44b5-b3a3-11ec85605b55'),
 ('25', '7', '4', '12', '0', '11', '2013-06-13 20:38:52', '2013-06-13 20:38:52', '8a27049e-7d1a-4b1d-b0fe-e14ad01e2801'),
 ('51', '13', NULL, '21', '0', '1', '2013-06-13 21:05:02', '2013-06-13 21:05:02', '25be4b04-4a89-4246-ac53-1c5daad0d834'),
 ('52', '13', NULL, '22', '0', '2', '2013-06-13 21:05:02', '2013-06-13 21:05:02', '435118fd-68e1-4882-b194-37af1d84b296'),
 ('53', '13', NULL, '23', '0', '3', '2013-06-13 21:05:02', '2013-06-13 21:05:02', '0e963770-c9a3-4279-a82f-d494d375824d'),
 ('54', '13', NULL, '24', '0', '4', '2013-06-13 21:05:02', '2013-06-13 21:05:02', '45160f9f-2d45-4b0a-8a84-abe981a61987'),
 ('55', '13', NULL, '26', '0', '5', '2013-06-13 21:05:02', '2013-06-13 21:05:02', 'cb46cd62-f8fd-4245-bea3-553b8e954e00'),
 ('56', '13', NULL, '25', '0', '6', '2013-06-13 21:05:02', '2013-06-13 21:05:02', 'd0173dc2-dc1d-4353-8428-b048bd3f8e28'),
 ('57', '13', NULL, '30', '0', '7', '2013-06-13 21:05:02', '2013-06-13 21:05:02', 'f48bf44d-fd94-4731-ae5c-0679e43cd738'),
 ('58', '13', NULL, '27', '0', '8', '2013-06-13 21:05:02', '2013-06-13 21:05:02', '8f0b570d-4fa1-4cb4-8d37-83f894664080'),
 ('59', '13', NULL, '28', '0', '9', '2013-06-13 21:05:02', '2013-06-13 21:05:02', 'e6172d65-e44c-44ad-89b0-3e28eb58f8e0'),
 ('60', '13', NULL, '29', '0', '10', '2013-06-13 21:05:02', '2013-06-13 21:05:02', 'bbada635-4f19-40ea-af09-78d5c544c6c8'),
 ('61', '15', NULL, '31', '0', '1', '2013-06-13 21:10:17', '2013-06-13 21:10:17', '32868d35-2c7e-4e48-837a-8dde465fa11b'),
 ('62', '17', NULL, '31', '0', '1', '2013-06-13 21:14:28', '2013-06-13 21:14:28', '196d39f3-d183-4d4b-8fe8-05fd5e41b839'),
 ('63', '19', NULL, '1', '1', '1', '2013-06-13 21:22:23', '2013-06-13 21:22:23', '7a2522b0-a98f-4af1-8b8e-910aad045b7a'),
 ('64', '19', NULL, '32', '1', '2', '2013-06-13 21:22:23', '2013-06-13 21:22:23', '97e6aa33-59ff-476d-8b06-c34d433355ac'),
 ('65', '20', NULL, '15', '1', '1', '2013-06-13 21:38:48', '2013-06-13 21:38:48', 'ce437f0c-6e45-41f2-a811-00f4f06ade86');
COMMIT;


--
-- Schema for table `craft_fieldlayouts`
--

DROP TABLE IF EXISTS `craft_fieldlayouts`;

CREATE TABLE `craft_fieldlayouts` (
  `id` int(11) NOT NULL AUTO_INCREMENT,
  `type` char(150) COLLATE utf8_unicode_ci NOT NULL,
  `dateCreated` datetime NOT NULL,
  `dateUpdated` datetime NOT NULL,
  `uid` char(36) COLLATE utf8_unicode_ci NOT NULL DEFAULT '0',
  PRIMARY KEY (`id`),
  KEY `craft_fieldlayouts_type_idx` (`type`)
) ENGINE=InnoDB AUTO_INCREMENT=21 DEFAULT CHARSET=utf8 COLLATE=utf8_unicode_ci;

--
-- Data for table `craft_fieldlayouts`
--

BEGIN;
INSERT INTO `craft_fieldlayouts` (`id`, `type`, `dateCreated`, `dateUpdated`, `uid`) VALUES
 ('1', 'GlobalSet', '2013-06-13 00:38:00', '2013-06-13 00:38:00', '64add02a-8c2f-42c5-a8c8-c59951c82420'),
 ('2', 'Entry', '2013-06-13 00:38:00', '2013-06-13 00:38:00', '19d9d43e-7f14-44aa-8222-f73b2c026b70'),
 ('6', 'Entry', '2013-06-13 20:37:22', '2013-06-13 20:37:22', '2c5e21f0-5503-4d45-ad47-6226425fea10'),
 ('7', 'Entry', '2013-06-13 20:38:52', '2013-06-13 20:38:52', 'fd5eebd7-d3f8-43a9-9046-84f309bf70f2'),
 ('13', 'GlobalSet', '2013-06-13 21:05:02', '2013-06-13 21:05:02', '793f63da-c007-4fe1-aaac-4d686543ced5'),
 ('15', 'GlobalSet', '2013-06-13 21:10:17', '2013-06-13 21:10:17', 'affc2b44-f0ef-49c8-b44d-d5d294035ff4'),
 ('17', 'GlobalSet', '2013-06-13 21:14:28', '2013-06-13 21:14:28', '014410ae-2bae-432f-891b-bb72470e9a16'),
 ('19', 'GlobalSet', '2013-06-13 21:22:23', '2013-06-13 21:22:23', 'a2f6a236-62d5-4e77-a15a-4e2a1f449bd1'),
 ('20', 'GlobalSet', '2013-06-13 21:38:48', '2013-06-13 21:38:48', 'd161ef51-4985-4808-8e8f-40bc22aa0f79');
COMMIT;


--
-- Schema for table `craft_fieldlayouttabs`
--

DROP TABLE IF EXISTS `craft_fieldlayouttabs`;

CREATE TABLE `craft_fieldlayouttabs` (
  `id` int(11) NOT NULL AUTO_INCREMENT,
  `layoutId` int(11) NOT NULL,
  `name` varchar(100) COLLATE utf8_unicode_ci DEFAULT NULL,
  `sortOrder` tinyint(4) DEFAULT NULL,
  `dateCreated` datetime NOT NULL,
  `dateUpdated` datetime NOT NULL,
  `uid` char(36) COLLATE utf8_unicode_ci NOT NULL DEFAULT '0',
  PRIMARY KEY (`id`),
  KEY `craft_fieldlayouttabs_sortOrder_idx` (`sortOrder`),
  KEY `craft_fieldlayouttabs_layoutId_fk` (`layoutId`)
) ENGINE=InnoDB AUTO_INCREMENT=5 DEFAULT CHARSET=utf8 COLLATE=utf8_unicode_ci;

--
-- Data for table `craft_fieldlayouttabs`
--

BEGIN;
INSERT INTO `craft_fieldlayouttabs` (`id`, `layoutId`, `name`, `sortOrder`, `dateCreated`, `dateUpdated`, `uid`) VALUES
 ('1', '2', 'Content', '1', '2013-06-13 00:38:00', '2013-06-13 00:38:00', '892edcb2-eb16-4c80-a1ed-e499ba1f9f18'),
 ('3', '6', 'Album', '1', '2013-06-13 20:37:22', '2013-06-13 20:37:22', '33cdf460-50b7-4b06-9cfb-335011a526eb'),
 ('4', '7', 'Song', '1', '2013-06-13 20:38:52', '2013-06-13 20:38:52', '8e88f842-7089-419e-9e3e-8a1df5242843');
COMMIT;


--
-- Schema for table `craft_fields`
--

DROP TABLE IF EXISTS `craft_fields`;

CREATE TABLE `craft_fields` (
  `id` int(11) NOT NULL AUTO_INCREMENT,
  `groupId` int(11) DEFAULT NULL,
  `name` varchar(100) COLLATE utf8_unicode_ci NOT NULL,
  `handle` char(64) COLLATE utf8_unicode_ci NOT NULL,
  `instructions` text COLLATE utf8_unicode_ci,
  `translatable` tinyint(1) unsigned NOT NULL DEFAULT '0',
  `type` char(150) COLLATE utf8_unicode_ci NOT NULL,
  `settings` text COLLATE utf8_unicode_ci,
  `dateCreated` datetime NOT NULL,
  `dateUpdated` datetime NOT NULL,
  `uid` char(36) COLLATE utf8_unicode_ci NOT NULL DEFAULT '0',
  PRIMARY KEY (`id`),
  UNIQUE KEY `craft_fields_handle_unq_idx` (`handle`),
  KEY `craft_fields_groupId_fk` (`groupId`)
) ENGINE=InnoDB AUTO_INCREMENT=33 DEFAULT CHARSET=utf8 COLLATE=utf8_unicode_ci;

--
-- Data for table `craft_fields`
--

BEGIN;
INSERT INTO `craft_fields` (`id`, `groupId`, `name`, `handle`, `instructions`, `translatable`, `type`, `settings`, `dateCreated`, `dateUpdated`, `uid`) VALUES
 ('1', '6', 'Heading', 'heading', '', '0', 'PlainText', '{\"placeholder\":\"\",\"multiline\":\"\",\"initialRows\":\"4\"}', '2013-06-13 00:37:59', '2013-06-13 21:21:06', 'd3e08709-52d3-4e9d-adf3-e78b1925acd8'),
 ('2', '6', 'Body', 'body', '', '0', 'RichText', '{\"configFile\":\"Standard.json\",\"cleanupHtml\":\"1\"}', '2013-06-13 00:37:59', '2013-06-13 21:21:19', '61be3693-423d-4011-afb5-415f93a68e1e'),
 ('3', '2', 'Description', 'description', 'Description of the song.', '0', 'RichText', '{\"configFile\":\"\",\"cleanupHtml\":\"\"}', '2013-06-13 20:04:25', '2013-06-13 20:04:25', 'c996360a-ae5e-4743-ad6f-3b6707101e86'),
 ('4', '2', 'Audio', 'audio', 'Song audio files (mp3, wav, ogg)', '0', 'Assets', '{\"sources\":[\"folder:1\"],\"limit\":\"3\"}', '2013-06-13 20:05:42', '2013-06-13 20:26:14', 'cd2b69ad-c73b-47cf-bea9-c1f608e3212e'),
 ('5', '2', 'Cover', 'cover', 'The cover image(s) of the song.', '0', 'Assets', '{\"sources\":[\"folder:3\"],\"limit\":\"5\"}', '2013-06-13 20:07:17', '2013-06-13 20:07:25', '7d48020f-0aa8-4fc0-992d-c674fada9dba'),
 ('6', '2', 'Composer', 'composer', 'Composer of the song.', '0', 'PlainText', '{\"placeholder\":\"Hsin-Lei Chen\",\"multiline\":\"\",\"initialRows\":\"1\"}', '2013-06-13 20:14:40', '2013-06-13 20:43:53', 'c2156659-2f62-4923-a911-ab4acb660856'),
 ('7', '2', 'Instruments', 'instruments', 'The instruments used to perform the song.', '0', 'Table', '{\"columns\":{\"col1\":{\"heading\":\"\",\"handle\":\"\",\"width\":\"\",\"type\":\"singleline\"}},\"defaults\":{\"row1\":{\"col1\":\"\"}}}', '2013-06-13 20:20:17', '2013-06-13 20:20:17', 'c1a13781-79ca-41c6-aa8b-560efba6557f'),
 ('8', '2', 'Duration', 'duration', 'The duration of the song in milliseconds.', '0', 'Number', '{\"min\":\"0\",\"max\":\"\",\"decimals\":\"\"}', '2013-06-13 20:20:36', '2013-06-13 20:45:06', '20d1f599-a7e9-4d30-be0d-943c4359b66b'),
 ('9', '2', 'Performer', 'performer', 'The performer(s) of the song.', '0', 'PlainText', '{\"placeholder\":\"\",\"multiline\":\"1\",\"initialRows\":\"1\"}', '2013-06-13 20:24:07', '2013-06-13 20:24:18', '52978727-6041-47cf-8bdd-fded5e8c8381'),
 ('10', '2', 'Video', 'video', 'The YouTube / Vimeo video ID of the song.', '0', 'PlainText', '{\"placeholder\":\"\",\"multiline\":\"\",\"initialRows\":\"4\"}', '2013-06-13 20:25:44', '2013-06-13 20:25:44', '1abff761-18db-4778-859c-831e65d3066f'),
 ('11', '2', 'Media Format', 'mediaFormat', 'The media format of the song, either audio or video.', '0', 'Dropdown', '{\"options\":[{\"label\":\"audio\",\"value\":\"audio\",\"default\":\"1\"},{\"label\":\"video\",\"value\":\"video\",\"default\":\"\"}]}', '2013-06-13 20:27:08', '2013-06-13 20:27:08', '9a282443-f63b-4bf5-863d-d082b268b3a3'),
 ('12', '2', 'Suggested Songs', 'suggestedSongs', 'Songs to suggest related to this song.', '0', 'Entries', '{\"sources\":[\"section:3\"],\"limit\":\"4\"}', '2013-06-13 20:32:01', '2013-06-13 20:32:01', '89fd3225-06d1-466f-aba5-4651d98a9357'),
 ('13', '3', 'Songs', 'songs', 'The songs of the album.', '0', 'Entries', '{\"sources\":[\"section:3\"],\"limit\":\"\"}', '2013-06-13 20:36:52', '2013-06-13 20:36:52', '09b8d312-721d-4563-b12f-d7cf410cd99c'),
 ('14', '2', 'Year', 'year', 'The year of the song.', '0', 'Number', '{\"min\":\"1980\",\"max\":\"2080\",\"decimals\":\"\"}', '2013-06-13 20:38:26', '2013-06-13 20:38:26', '2a7312df-89d7-4674-943a-0543728c9560'),
 ('15', '4', 'Biography Paragraphs', 'biographyParagraphs', '', '0', 'Table', '{\"columns\":{\"col1\":{\"heading\":\"Title\",\"handle\":\"title\",\"width\":\"\",\"type\":\"singleline\"},\"col2\":{\"heading\":\"Body\",\"handle\":\"body\",\"width\":\"\",\"type\":\"multiline\"}},\"defaults\":{\"row1\":{\"col1\":\"Brief\",\"col2\":\"Some brief text.\"},\"row2\":{\"col1\":\"Education\",\"col2\":\"Some education text.\"},\"row3\":{\"col1\":\"Career\",\"col2\":\"Some career text.\"}}}', '2013-06-13 20:51:08', '2013-06-13 21:39:29', '761cf161-b94a-4afc-90ac-88ac23e990f5'),
 ('21', '5', 'Email Heading', 'emailHeading', '', '0', 'PlainText', '{\"placeholder\":\"\",\"multiline\":\"\",\"initialRows\":\"4\"}', '2013-06-13 21:00:40', '2013-06-13 21:00:40', 'fc1d7681-8333-4270-89c2-52cf333ac44d'),
 ('22', '5', 'Email Address', 'emailAddress', '', '0', 'PlainText', '{\"placeholder\":\"\",\"multiline\":\"\",\"initialRows\":\"4\"}', '2013-06-13 21:00:56', '2013-06-13 21:00:56', 'c1e9bd3f-8d78-4759-a7d1-779517821673'),
 ('23', '5', 'Social Heading', 'socialHeading', '', '0', 'PlainText', '{\"placeholder\":\"\",\"multiline\":\"\",\"initialRows\":\"4\"}', '2013-06-13 21:01:16', '2013-06-13 21:01:16', '27ce8b6e-9fed-48ce-a581-aed6e17e1c57'),
 ('24', '5', 'Facebook Url', 'facebookUrl', '', '0', 'PlainText', '{\"placeholder\":\"\",\"multiline\":\"\",\"initialRows\":\"4\"}', '2013-06-13 21:01:38', '2013-06-13 21:01:38', 'e44bd1ce-ea90-4d85-a1f1-218a562a049b'),
 ('25', '5', 'Twitter Url', 'twitterUrl', '', '0', 'PlainText', '{\"placeholder\":\"\",\"multiline\":\"\",\"initialRows\":\"4\"}', '2013-06-13 21:01:45', '2013-06-13 21:01:45', '550b87f5-7321-445c-894c-d38c622002c5'),
 ('26', '5', 'Google Plus Url', 'googlePlusUrl', '', '0', 'PlainText', '{\"placeholder\":\"\",\"multiline\":\"\",\"initialRows\":\"4\"}', '2013-06-13 21:02:00', '2013-06-13 21:02:00', '13f73071-f0c1-4f76-9b97-05b739c50170'),
 ('27', '5', 'Message Form Name', 'messageFormName', '', '0', 'PlainText', '{\"placeholder\":\"\",\"multiline\":\"\",\"initialRows\":\"4\"}', '2013-06-13 21:02:32', '2013-06-13 21:02:32', '562df15a-0374-4567-8bc0-fa6968e8714c'),
 ('28', '5', 'Message Form Email', 'messageFormEmail', '', '0', 'PlainText', '{\"placeholder\":\"\",\"multiline\":\"\",\"initialRows\":\"4\"}', '2013-06-13 21:02:40', '2013-06-13 21:02:40', 'b12d5f99-588e-4cb5-a4e4-0833656b8d64'),
 ('29', '5', 'Message Form Body', 'messageFormBody', '', '0', 'PlainText', '{\"placeholder\":\"\",\"multiline\":\"\",\"initialRows\":\"4\"}', '2013-06-13 21:02:52', '2013-06-13 21:02:52', '0863a8cd-041d-487e-b89d-c974d5e2a876'),
 ('30', '5', 'Message Form Heading', 'messageFormHeading', '', '0', 'PlainText', '{\"placeholder\":\"\",\"multiline\":\"\",\"initialRows\":\"4\"}', '2013-06-13 21:04:02', '2013-06-13 21:04:02', 'e5eac2bf-6f30-4989-804c-521533dc6c9c'),
 ('31', '6', 'Event-List', 'eventList', '', '0', 'Table', '{\"columns\":{\"col1\":{\"heading\":\"Title\",\"handle\":\"title\",\"width\":\"\",\"type\":\"singleline\"},\"col2\":{\"heading\":\"Year\",\"handle\":\"year\",\"width\":\"\",\"type\":\"singleline\"},\"col3\":{\"heading\":\"Url\",\"handle\":\"url\",\"width\":\"\",\"type\":\"singleline\"}},\"defaults\":{\"row1\":{\"col1\":\"\",\"col2\":\"\",\"col3\":\"\"}}}', '2013-06-13 21:09:45', '2013-06-13 21:15:21', '9eadd266-2644-46b2-8f80-e99540833a06'),
 ('32', '6', 'Sub-Heading', 'subHeading', '', '0', 'PlainText', '{\"placeholder\":\"\",\"multiline\":\"\",\"initialRows\":\"4\"}', '2013-06-13 21:21:53', '2013-06-13 21:21:53', '14ea4159-dce8-42d0-b78d-6da09e291cf7');
COMMIT;


--
-- Schema for table `craft_globalsets`
--

DROP TABLE IF EXISTS `craft_globalsets`;

CREATE TABLE `craft_globalsets` (
  `id` int(11) NOT NULL,
  `name` varchar(100) COLLATE utf8_unicode_ci NOT NULL,
  `handle` char(45) COLLATE utf8_unicode_ci NOT NULL,
  `fieldLayoutId` int(10) DEFAULT NULL,
  `dateCreated` datetime NOT NULL,
  `dateUpdated` datetime NOT NULL,
  `uid` char(36) COLLATE utf8_unicode_ci NOT NULL DEFAULT '0',
  PRIMARY KEY (`id`),
  UNIQUE KEY `craft_globalsets_name_unq_idx` (`name`),
  UNIQUE KEY `craft_globalsets_handle_unq_idx` (`handle`),
  KEY `craft_globalsets_fieldLayoutId_fk` (`fieldLayoutId`)
) ENGINE=InnoDB DEFAULT CHARSET=utf8 COLLATE=utf8_unicode_ci;

--
-- Data for table `craft_globalsets`
--

BEGIN;
INSERT INTO `craft_globalsets` (`id`, `name`, `handle`, `fieldLayoutId`, `dateCreated`, `dateUpdated`, `uid`) VALUES
 ('2', 'Homepage', 'homepage', '1', '2013-06-13 00:38:00', '2013-06-13 00:38:00', 'bb615140-1cca-448f-a788-61430f21dfc0'),
 ('6', 'Biography', 'biography', '20', '2013-06-13 20:48:27', '2013-06-13 21:38:48', '03f87cd4-dc61-408b-99b9-436dc4634d5d'),
 ('7', 'Contact', 'contact', '13', '2013-06-13 21:03:12', '2013-06-13 21:05:02', '9f0f78fd-c443-49d8-a77a-8cc94d7c061a'),
 ('8', 'Awards', 'awards', '15', '2013-06-13 21:08:19', '2013-06-13 21:10:17', '2001a20b-d644-4223-a4c2-4f18d95f75d8'),
 ('9', 'Press', 'press', '17', '2013-06-13 21:14:07', '2013-06-13 21:14:28', '938bb13b-736b-49e1-9345-84e53b9e2067'),
 ('10', 'Home', 'home', '19', '2013-06-13 21:22:12', '2013-06-13 21:22:23', '99350073-9754-4343-bec2-20fb0d339693');
COMMIT;


--
-- Schema for table `craft_info`
--

DROP TABLE IF EXISTS `craft_info`;

CREATE TABLE `craft_info` (
  `id` int(11) NOT NULL AUTO_INCREMENT,
  `version` char(15) COLLATE utf8_unicode_ci NOT NULL,
  `build` int(11) unsigned NOT NULL,
  `packages` varchar(200) COLLATE utf8_unicode_ci DEFAULT NULL,
  `releaseDate` datetime NOT NULL,
  `siteName` varchar(100) COLLATE utf8_unicode_ci NOT NULL,
  `siteUrl` varchar(255) COLLATE utf8_unicode_ci NOT NULL,
  `timezone` varchar(30) COLLATE utf8_unicode_ci DEFAULT NULL,
  `on` tinyint(1) unsigned NOT NULL DEFAULT '0',
  `maintenance` tinyint(1) unsigned NOT NULL DEFAULT '0',
  `track` varchar(40) COLLATE utf8_unicode_ci NOT NULL,
  `dateCreated` datetime NOT NULL,
  `dateUpdated` datetime NOT NULL,
  `uid` char(36) COLLATE utf8_unicode_ci NOT NULL DEFAULT '0',
  PRIMARY KEY (`id`)
) ENGINE=InnoDB AUTO_INCREMENT=2 DEFAULT CHARSET=utf8 COLLATE=utf8_unicode_ci;

--
-- Data for table `craft_info`
--

BEGIN;
INSERT INTO `craft_info` (`id`, `version`, `build`, `packages`, `releaseDate`, `siteName`, `siteUrl`, `timezone`, `on`, `maintenance`, `track`, `dateCreated`, `dateUpdated`, `uid`) VALUES
 ('1', '1.0', '2270', 'PublishPro', '2013-06-12 00:50:53', 'Hsin-Lei Chen', 'http://hlc-portfolio.dev', 'UTC', '1', '0', 'stable', '2013-06-13 00:37:55', '2013-06-13 18:03:35', 'fc75fae5-406f-4d67-8ac4-295e67867be8');
COMMIT;


--
-- Schema for table `craft_locales`
--

DROP TABLE IF EXISTS `craft_locales`;

CREATE TABLE `craft_locales` (
  `locale` char(12) COLLATE utf8_unicode_ci NOT NULL,
  `sortOrder` tinyint(4) DEFAULT NULL,
  `dateCreated` datetime NOT NULL,
  `dateUpdated` datetime NOT NULL,
  `uid` char(36) COLLATE utf8_unicode_ci NOT NULL DEFAULT '0',
  PRIMARY KEY (`locale`)
) ENGINE=InnoDB DEFAULT CHARSET=utf8 COLLATE=utf8_unicode_ci;

--
-- Data for table `craft_locales`
--

BEGIN;
INSERT INTO `craft_locales` (`locale`, `sortOrder`, `dateCreated`, `dateUpdated`, `uid`) VALUES
 ('en_us', '1', '2013-06-13 00:37:57', '2013-06-13 00:37:57', '94e81c1b-1b8a-42f3-96bd-f56a16c30ceb');
COMMIT;


--
-- Schema for table `craft_migrations`
--

DROP TABLE IF EXISTS `craft_migrations`;

CREATE TABLE `craft_migrations` (
  `id` int(11) NOT NULL AUTO_INCREMENT,
  `pluginId` int(11) DEFAULT NULL,
  `version` varchar(255) COLLATE utf8_unicode_ci NOT NULL,
  `applyTime` datetime NOT NULL,
  `dateCreated` datetime NOT NULL,
  `dateUpdated` datetime NOT NULL,
  `uid` char(36) COLLATE utf8_unicode_ci NOT NULL DEFAULT '0',
  PRIMARY KEY (`id`),
  UNIQUE KEY `craft_migrations_version_unq_idx` (`version`),
  KEY `craft_migrations_pluginId_fk` (`pluginId`)
) ENGINE=InnoDB AUTO_INCREMENT=2 DEFAULT CHARSET=utf8 COLLATE=utf8_unicode_ci;

--
-- Data for table `craft_migrations`
--

BEGIN;
INSERT INTO `craft_migrations` (`id`, `pluginId`, `version`, `applyTime`, `dateCreated`, `dateUpdated`, `uid`) VALUES
 ('1', NULL, 'm000000_000000_base', '2013-06-13 00:37:56', '2013-06-13 00:37:56', '2013-06-13 00:37:56', '3c74f1ec-a9e8-4d04-a7a4-c7d044afaba4');
COMMIT;


--
-- Schema for table `craft_plugins`
--

DROP TABLE IF EXISTS `craft_plugins`;

CREATE TABLE `craft_plugins` (
  `id` int(11) NOT NULL AUTO_INCREMENT,
  `class` char(150) COLLATE utf8_unicode_ci NOT NULL,
  `version` char(15) COLLATE utf8_unicode_ci NOT NULL,
  `enabled` tinyint(1) unsigned NOT NULL DEFAULT '0',
  `settings` text COLLATE utf8_unicode_ci,
  `installDate` datetime NOT NULL,
  `dateCreated` datetime NOT NULL,
  `dateUpdated` datetime NOT NULL,
  `uid` char(36) COLLATE utf8_unicode_ci NOT NULL DEFAULT '0',
  PRIMARY KEY (`id`)
) ENGINE=InnoDB DEFAULT CHARSET=utf8 COLLATE=utf8_unicode_ci;

--
-- Schema for table `craft_rackspaceaccess`
--

DROP TABLE IF EXISTS `craft_rackspaceaccess`;

CREATE TABLE `craft_rackspaceaccess` (
  `id` int(11) NOT NULL AUTO_INCREMENT,
  `connectionKey` varchar(255) COLLATE utf8_unicode_ci NOT NULL,
  `token` varchar(255) COLLATE utf8_unicode_ci NOT NULL,
  `storageUrl` varchar(255) COLLATE utf8_unicode_ci NOT NULL,
  `cdnUrl` varchar(255) COLLATE utf8_unicode_ci NOT NULL,
  `dateCreated` datetime NOT NULL,
  `dateUpdated` datetime NOT NULL,
  `uid` char(36) COLLATE utf8_unicode_ci NOT NULL DEFAULT '0',
  PRIMARY KEY (`id`),
  UNIQUE KEY `craft_rackspaceaccess_connectionKey_unq_idx` (`connectionKey`)
) ENGINE=InnoDB DEFAULT CHARSET=utf8 COLLATE=utf8_unicode_ci;

--
-- Schema for table `craft_relations`
--

DROP TABLE IF EXISTS `craft_relations`;

CREATE TABLE `craft_relations` (
  `id` int(11) NOT NULL AUTO_INCREMENT,
  `fieldId` int(11) NOT NULL,
  `parentId` int(11) NOT NULL,
  `childId` int(11) NOT NULL,
  `sortOrder` tinyint(4) DEFAULT NULL,
  `dateCreated` datetime NOT NULL,
  `dateUpdated` datetime NOT NULL,
  `uid` char(36) COLLATE utf8_unicode_ci NOT NULL DEFAULT '0',
  PRIMARY KEY (`id`),
  UNIQUE KEY `craft_relations_fieldId_parentId_childId_unq_idx` (`fieldId`,`parentId`,`childId`),
  KEY `craft_relations_parentId_fk` (`parentId`),
  KEY `craft_relations_childId_fk` (`childId`)
) ENGINE=InnoDB AUTO_INCREMENT=2 DEFAULT CHARSET=utf8 COLLATE=utf8_unicode_ci;

--
-- Data for table `craft_relations`
--

BEGIN;
INSERT INTO `craft_relations` (`id`, `fieldId`, `parentId`, `childId`, `sortOrder`, `dateCreated`, `dateUpdated`, `uid`) VALUES
 ('1', '13', '5', '4', '1', '2013-06-13 20:46:26', '2013-06-13 20:46:26', '2fef1d5c-6acd-4539-9880-04317025a50c');
COMMIT;


--
-- Schema for table `craft_routes`
--

DROP TABLE IF EXISTS `craft_routes`;

CREATE TABLE `craft_routes` (
  `id` int(11) NOT NULL AUTO_INCREMENT,
  `urlParts` varchar(255) COLLATE utf8_unicode_ci NOT NULL,
  `urlPattern` varchar(255) COLLATE utf8_unicode_ci NOT NULL,
  `template` varchar(255) COLLATE utf8_unicode_ci NOT NULL,
  `sortOrder` tinyint(4) DEFAULT NULL,
  `dateCreated` datetime NOT NULL,
  `dateUpdated` datetime NOT NULL,
  `uid` char(36) COLLATE utf8_unicode_ci NOT NULL DEFAULT '0',
  PRIMARY KEY (`id`),
  UNIQUE KEY `craft_routes_urlPattern_unq_idx` (`urlPattern`)
) ENGINE=InnoDB DEFAULT CHARSET=utf8 COLLATE=utf8_unicode_ci;

--
-- Schema for table `craft_searchindex`
--

DROP TABLE IF EXISTS `craft_searchindex`;

CREATE TABLE `craft_searchindex` (
  `elementId` int(11) NOT NULL,
  `attribute` varchar(25) COLLATE utf8_unicode_ci NOT NULL,
  `fieldId` int(11) NOT NULL,
  `locale` char(12) COLLATE utf8_unicode_ci NOT NULL,
  `keywords` text COLLATE utf8_unicode_ci NOT NULL,
  PRIMARY KEY (`elementId`,`attribute`,`fieldId`,`locale`),
  FULLTEXT KEY `craft_searchindex_keywords_idx` (`keywords`)
) ENGINE=MyISAM DEFAULT CHARSET=utf8 COLLATE=utf8_unicode_ci;

--
-- Data for table `craft_searchindex`
--

BEGIN;
INSERT INTO `craft_searchindex` (`elementId`, `attribute`, `fieldId`, `locale`, `keywords`) VALUES
 ('1', 'username', '0', 'en_us', ' joeonmars '),
 ('1', 'email', '0', 'en_us', ' joe joeonmars com '),
 ('2', 'field', '2', 'en_us', ' it s true this site doesn t have a whole lot of content yet but don t worry our web developers have just installed the cms and they re setting things up for the content editors this very moment soon hlc portfolio dev will be an oasis of fresh perspectives sharp analyses and astute opinions that will keep you coming back again and again '),
 ('2', 'field', '1', 'en_us', ' welcome to hlc portfolio dev '),
 ('3', 'title', '0', 'en_us', ' we just installed craft '),
 ('3', 'slug', '0', 'en_us', ' we just installed craft '),
 ('3', 'field', '2', 'en_us', ' craft is the cms that s powering hlc portfolio dev it s beautiful powerful flexible and easy to use and it s made by pixel tonic we can t wait to dive in and see what it s capable of this is even more captivating content which you couldn t see on the news index page because it was entered after a page break and the news index template only likes to show the content on the first page craft a nice alternative to word if you re making a website '),
 ('4', 'title', '0', 'en_us', ' the school of artist '),
 ('4', 'slug', '0', 'en_us', ' the school of artist '),
 ('4', 'field', '3', 'en_us', ' this is the song description '),
 ('4', 'field', '11', 'en_us', ' audio '),
 ('4', 'field', '14', 'en_us', ' 1999 '),
 ('5', 'title', '0', 'en_us', ' album 1 '),
 ('5', 'slug', '0', 'en_us', ' album 1 '),
 ('5', 'field', '13', 'en_us', ' 4 1 0 en_us 2013 06 13 2013 06 13 3 1 the school of artist the school of artist 2013 06 13 '),
 ('6', 'field', '15', 'en_us', ' some text about brief '),
 ('6', 'field', '18', 'en_us', ' brief '),
 ('6', 'field', '17', 'en_us', ' some text about education '),
 ('6', 'field', '19', 'en_us', ' education '),
 ('6', 'field', '16', 'en_us', ' some text about career '),
 ('6', 'field', '20', 'en_us', ' career '),
 ('8', 'field', '31', 'en_us', ' award 1 1999 award 1 1999 award 2 2000 award 2 2000 '),
 ('10', 'field', '1', 'en_us', ' hsin lei chen '),
 ('10', 'field', '32', 'en_us', ' composer ');
COMMIT;


--
-- Schema for table `craft_sections`
--

DROP TABLE IF EXISTS `craft_sections`;

CREATE TABLE `craft_sections` (
  `id` int(11) NOT NULL AUTO_INCREMENT,
  `name` varchar(100) COLLATE utf8_unicode_ci NOT NULL,
  `handle` char(45) COLLATE utf8_unicode_ci NOT NULL,
  `titleLabel` varchar(255) COLLATE utf8_unicode_ci NOT NULL DEFAULT 'Title',
  `hasUrls` tinyint(1) unsigned NOT NULL DEFAULT '1',
  `template` varchar(500) COLLATE utf8_unicode_ci DEFAULT NULL,
  `fieldLayoutId` int(10) DEFAULT NULL,
  `dateCreated` datetime NOT NULL,
  `dateUpdated` datetime NOT NULL,
  `uid` char(36) COLLATE utf8_unicode_ci NOT NULL DEFAULT '0',
  PRIMARY KEY (`id`),
  UNIQUE KEY `craft_sections_name_unq_idx` (`name`),
  UNIQUE KEY `craft_sections_handle_unq_idx` (`handle`),
  KEY `craft_sections_fieldLayoutId_fk` (`fieldLayoutId`)
) ENGINE=InnoDB AUTO_INCREMENT=4 DEFAULT CHARSET=utf8 COLLATE=utf8_unicode_ci;

--
-- Data for table `craft_sections`
--

BEGIN;
INSERT INTO `craft_sections` (`id`, `name`, `handle`, `titleLabel`, `hasUrls`, `template`, `fieldLayoutId`, `dateCreated`, `dateUpdated`, `uid`) VALUES
 ('1', 'News', 'news', 'Title', '1', 'news/_entry', '2', '2013-06-13 00:38:00', '2013-06-13 00:38:00', '10ed4e7f-97b8-446e-9114-bdd3ebd40913'),
 ('2', 'Album', 'album', 'Album Title', '1', '', '6', '2013-06-13 19:55:24', '2013-06-13 20:37:22', 'baa730cf-c398-454a-96ef-525ef6c346c6'),
 ('3', 'Song', 'song', 'Song Title', '0', NULL, '7', '2013-06-13 20:03:14', '2013-06-13 20:38:52', '9ed76c60-a7d7-4826-8518-40e81c331c2d');
COMMIT;


--
-- Schema for table `craft_sections_i18n`
--

DROP TABLE IF EXISTS `craft_sections_i18n`;

CREATE TABLE `craft_sections_i18n` (
  `id` int(11) NOT NULL AUTO_INCREMENT,
  `sectionId` int(11) NOT NULL,
  `locale` char(12) COLLATE utf8_unicode_ci NOT NULL,
  `urlFormat` varchar(255) COLLATE utf8_unicode_ci DEFAULT NULL,
  `dateCreated` datetime NOT NULL,
  `dateUpdated` datetime NOT NULL,
  `uid` char(36) COLLATE utf8_unicode_ci NOT NULL DEFAULT '0',
  PRIMARY KEY (`id`),
  UNIQUE KEY `craft_sections_i18n_sectionId_locale_unq_idx` (`sectionId`,`locale`),
  KEY `craft_sections_i18n_locale_fk` (`locale`)
) ENGINE=InnoDB AUTO_INCREMENT=4 DEFAULT CHARSET=utf8 COLLATE=utf8_unicode_ci;

--
-- Data for table `craft_sections_i18n`
--

BEGIN;
INSERT INTO `craft_sections_i18n` (`id`, `sectionId`, `locale`, `urlFormat`, `dateCreated`, `dateUpdated`, `uid`) VALUES
 ('1', '1', 'en_us', 'news/{postDate.year}/{slug}', '2013-06-13 00:38:00', '2013-06-13 00:38:00', 'cf9cccc1-d9bc-4ae5-9ad7-ed2f33412746'),
 ('2', '2', 'en_us', 'album/{slug}', '2013-06-13 19:55:24', '2013-06-13 19:55:24', '67db99fc-4f2d-42a2-8068-1a95bf69bbcb'),
 ('3', '3', 'en_us', NULL, '2013-06-13 20:03:14', '2013-06-13 20:03:14', '28184d4a-45a7-44d7-b9f6-0e00fb16f006');
COMMIT;


--
-- Schema for table `craft_sessions`
--

DROP TABLE IF EXISTS `craft_sessions`;

CREATE TABLE `craft_sessions` (
  `id` int(11) NOT NULL AUTO_INCREMENT,
  `userId` int(11) NOT NULL,
  `token` char(100) COLLATE utf8_unicode_ci NOT NULL,
  `dateCreated` datetime NOT NULL,
  `dateUpdated` datetime NOT NULL,
  `uid` char(36) COLLATE utf8_unicode_ci NOT NULL DEFAULT '0',
  PRIMARY KEY (`id`),
  KEY `craft_sessions_uid_idx` (`uid`),
  KEY `craft_sessions_token_idx` (`token`),
  KEY `craft_sessions_dateUpdated_idx` (`dateUpdated`),
  KEY `craft_sessions_userId_fk` (`userId`)
) ENGINE=InnoDB AUTO_INCREMENT=4 DEFAULT CHARSET=utf8 COLLATE=utf8_unicode_ci;

--
-- Data for table `craft_sessions`
--

BEGIN;
INSERT INTO `craft_sessions` (`id`, `userId`, `token`, `dateCreated`, `dateUpdated`, `uid`) VALUES
 ('1', '1', '$2a$08$xhR7J3bIm9rYcxX4fSs27.rVk/tW04mxTrl05FFCuQKdHpxjk55Ym', '2013-06-13 00:37:58', '2013-06-13 00:37:58', 'b0fec45b-c627-4baf-8f87-25ea516c7c2f'),
 ('2', '1', '$2a$08$P3i1hXmM9xBIYEnmFPZkoOWSSANL2rvbhldKcDxHwgE8SurPcf/ea', '2013-06-13 18:03:09', '2013-06-13 18:03:09', 'fd7647ae-a148-4591-a6cb-825183b7ffca'),
 ('3', '1', '$2a$08$KXjV9BaCDok/8yK/zvlTwODd4durH0JGgE5JuxR9Pbl0B/QiF5ZgO', '2013-06-13 22:02:26', '2013-06-13 22:02:26', '2bb5dfb4-5160-430d-9212-eb085796933f');
COMMIT;


--
-- Schema for table `craft_shunnedmessages`
--

DROP TABLE IF EXISTS `craft_shunnedmessages`;

CREATE TABLE `craft_shunnedmessages` (
  `id` int(11) NOT NULL AUTO_INCREMENT,
  `userId` int(11) NOT NULL,
  `message` varchar(255) COLLATE utf8_unicode_ci NOT NULL,
  `expiryDate` datetime DEFAULT NULL,
  `dateCreated` datetime NOT NULL,
  `dateUpdated` datetime NOT NULL,
  `uid` char(36) COLLATE utf8_unicode_ci NOT NULL DEFAULT '0',
  PRIMARY KEY (`id`),
  UNIQUE KEY `craft_shunnedmessages_userId_message_unq_idx` (`userId`,`message`)
) ENGINE=InnoDB DEFAULT CHARSET=utf8 COLLATE=utf8_unicode_ci;

--
-- Schema for table `craft_systemsettings`
--

DROP TABLE IF EXISTS `craft_systemsettings`;

CREATE TABLE `craft_systemsettings` (
  `id` int(11) NOT NULL AUTO_INCREMENT,
  `category` varchar(15) COLLATE utf8_unicode_ci NOT NULL,
  `settings` text COLLATE utf8_unicode_ci,
  `dateCreated` datetime NOT NULL,
  `dateUpdated` datetime NOT NULL,
  `uid` char(36) COLLATE utf8_unicode_ci NOT NULL DEFAULT '0',
  PRIMARY KEY (`id`),
  UNIQUE KEY `craft_systemsettings_category_unq_idx` (`category`)
) ENGINE=InnoDB AUTO_INCREMENT=2 DEFAULT CHARSET=utf8 COLLATE=utf8_unicode_ci;

--
-- Data for table `craft_systemsettings`
--

BEGIN;
INSERT INTO `craft_systemsettings` (`id`, `category`, `settings`, `dateCreated`, `dateUpdated`, `uid`) VALUES
 ('1', 'email', '{\"protocol\":\"php\",\"emailAddress\":\"joe@joeonmars.com\",\"senderName\":\"Hsin-Lei Chen\"}', '2013-06-13 00:37:58', '2013-06-13 00:37:58', '06cbdc79-05d5-479f-ab87-1ed20fdae2b5');
COMMIT;


--
-- Schema for table `craft_usergroups`
--

DROP TABLE IF EXISTS `craft_usergroups`;

CREATE TABLE `craft_usergroups` (
  `id` int(11) NOT NULL AUTO_INCREMENT,
  `name` varchar(100) COLLATE utf8_unicode_ci NOT NULL,
  `handle` char(255) COLLATE utf8_unicode_ci NOT NULL,
  `dateCreated` datetime NOT NULL,
  `dateUpdated` datetime NOT NULL,
  `uid` char(36) COLLATE utf8_unicode_ci NOT NULL DEFAULT '0',
  PRIMARY KEY (`id`)
) ENGINE=InnoDB DEFAULT CHARSET=utf8 COLLATE=utf8_unicode_ci;

--
-- Schema for table `craft_usergroups_users`
--

DROP TABLE IF EXISTS `craft_usergroups_users`;

CREATE TABLE `craft_usergroups_users` (
  `id` int(11) NOT NULL AUTO_INCREMENT,
  `groupId` int(11) NOT NULL,
  `userId` int(11) NOT NULL,
  `dateCreated` datetime NOT NULL,
  `dateUpdated` datetime NOT NULL,
  `uid` char(36) COLLATE utf8_unicode_ci NOT NULL DEFAULT '0',
  PRIMARY KEY (`id`),
  UNIQUE KEY `craft_usergroups_users_groupId_userId_unq_idx` (`groupId`,`userId`),
  KEY `craft_usergroups_users_userId_fk` (`userId`)
) ENGINE=InnoDB DEFAULT CHARSET=utf8 COLLATE=utf8_unicode_ci;

--
-- Schema for table `craft_userpermissions`
--

DROP TABLE IF EXISTS `craft_userpermissions`;

CREATE TABLE `craft_userpermissions` (
  `id` int(11) NOT NULL AUTO_INCREMENT,
  `name` varchar(100) COLLATE utf8_unicode_ci NOT NULL,
  `dateCreated` datetime NOT NULL,
  `dateUpdated` datetime NOT NULL,
  `uid` char(36) COLLATE utf8_unicode_ci NOT NULL DEFAULT '0',
  PRIMARY KEY (`id`),
  UNIQUE KEY `craft_userpermissions_name_unq_idx` (`name`)
) ENGINE=InnoDB DEFAULT CHARSET=utf8 COLLATE=utf8_unicode_ci;

--
-- Schema for table `craft_userpermissions_usergroups`
--

DROP TABLE IF EXISTS `craft_userpermissions_usergroups`;

CREATE TABLE `craft_userpermissions_usergroups` (
  `id` int(11) NOT NULL AUTO_INCREMENT,
  `permissionId` int(11) NOT NULL,
  `groupId` int(11) NOT NULL,
  `dateCreated` datetime NOT NULL,
  `dateUpdated` datetime NOT NULL,
  `uid` char(36) COLLATE utf8_unicode_ci NOT NULL DEFAULT '0',
  PRIMARY KEY (`id`),
  UNIQUE KEY `craft_userpermissions_usergroups_permissionId_groupId_unq_idx` (`permissionId`,`groupId`),
  KEY `craft_userpermissions_usergroups_groupId_fk` (`groupId`)
) ENGINE=InnoDB DEFAULT CHARSET=utf8 COLLATE=utf8_unicode_ci;

--
-- Schema for table `craft_userpermissions_users`
--

DROP TABLE IF EXISTS `craft_userpermissions_users`;

CREATE TABLE `craft_userpermissions_users` (
  `id` int(11) NOT NULL AUTO_INCREMENT,
  `permissionId` int(11) NOT NULL,
  `userId` int(11) NOT NULL,
  `dateCreated` datetime NOT NULL,
  `dateUpdated` datetime NOT NULL,
  `uid` char(36) COLLATE utf8_unicode_ci NOT NULL DEFAULT '0',
  PRIMARY KEY (`id`),
  UNIQUE KEY `craft_userpermissions_users_permissionId_userId_unq_idx` (`permissionId`,`userId`),
  KEY `craft_userpermissions_users_userId_fk` (`userId`)
) ENGINE=InnoDB DEFAULT CHARSET=utf8 COLLATE=utf8_unicode_ci;

--
-- Schema for table `craft_users`
--

DROP TABLE IF EXISTS `craft_users`;

CREATE TABLE `craft_users` (
  `id` int(11) NOT NULL,
  `username` varchar(100) COLLATE utf8_unicode_ci NOT NULL,
  `photo` varchar(50) COLLATE utf8_unicode_ci DEFAULT NULL,
  `firstName` varchar(100) COLLATE utf8_unicode_ci DEFAULT NULL,
  `lastName` varchar(100) COLLATE utf8_unicode_ci DEFAULT NULL,
  `email` varchar(255) COLLATE utf8_unicode_ci NOT NULL,
  `password` char(255) COLLATE utf8_unicode_ci DEFAULT NULL,
  `encType` char(10) COLLATE utf8_unicode_ci DEFAULT NULL,
  `preferredLocale` char(12) COLLATE utf8_unicode_ci DEFAULT NULL,
  `admin` tinyint(1) unsigned NOT NULL DEFAULT '0',
  `status` enum('locked','suspended','pending','active','archived') COLLATE utf8_unicode_ci DEFAULT 'pending',
  `lastLoginDate` datetime DEFAULT NULL,
  `lastLoginAttemptIPAddress` varchar(45) COLLATE utf8_unicode_ci DEFAULT NULL,
  `invalidLoginWindowStart` datetime DEFAULT NULL,
  `invalidLoginCount` tinyint(4) unsigned DEFAULT NULL,
  `lastInvalidLoginDate` datetime DEFAULT NULL,
  `lockoutDate` datetime DEFAULT NULL,
  `verificationCode` char(100) COLLATE utf8_unicode_ci DEFAULT NULL,
  `verificationCodeIssuedDate` datetime DEFAULT NULL,
  `passwordResetRequired` tinyint(1) unsigned NOT NULL DEFAULT '0',
  `lastPasswordChangeDate` datetime DEFAULT NULL,
  `dateCreated` datetime NOT NULL,
  `dateUpdated` datetime NOT NULL,
  `uid` char(36) COLLATE utf8_unicode_ci NOT NULL DEFAULT '0',
  PRIMARY KEY (`id`),
  UNIQUE KEY `craft_users_username_unq_idx` (`username`),
  UNIQUE KEY `craft_users_email_unq_idx` (`email`),
  KEY `craft_users_verificationCode_idx` (`verificationCode`),
  KEY `craft_users_uid_idx` (`uid`),
  KEY `craft_users_preferredLocale_fk` (`preferredLocale`)
) ENGINE=InnoDB DEFAULT CHARSET=utf8 COLLATE=utf8_unicode_ci;

--
-- Data for table `craft_users`
--

BEGIN;
INSERT INTO `craft_users` (`id`, `username`, `photo`, `firstName`, `lastName`, `email`, `password`, `encType`, `preferredLocale`, `admin`, `status`, `lastLoginDate`, `lastLoginAttemptIPAddress`, `invalidLoginWindowStart`, `invalidLoginCount`, `lastInvalidLoginDate`, `lockoutDate`, `verificationCode`, `verificationCodeIssuedDate`, `passwordResetRequired`, `lastPasswordChangeDate`, `dateCreated`, `dateUpdated`, `uid`) VALUES
 ('1', 'joeonmars', NULL, NULL, NULL, 'joe@joeonmars.com', '$2a$08$N3e8/JLrDzMeacJVgG9j0.GX7OwxQrP/5a.rVfO.ioa/AdEs/lsG.', 'blowfish', NULL, '1', 'active', '2013-06-13 22:02:26', '127.0.0.1', NULL, NULL, NULL, NULL, NULL, NULL, '0', '2013-06-13 00:37:57', '2013-06-13 00:37:57', '2013-06-13 22:02:26', '955ff719-258c-40f5-935a-4bb82d2e226e');
COMMIT;


--
-- Schema for table `craft_widgets`
--

DROP TABLE IF EXISTS `craft_widgets`;

CREATE TABLE `craft_widgets` (
  `id` int(11) NOT NULL AUTO_INCREMENT,
  `userId` int(11) NOT NULL,
  `type` char(150) COLLATE utf8_unicode_ci NOT NULL,
  `sortOrder` tinyint(4) DEFAULT NULL,
  `settings` text COLLATE utf8_unicode_ci,
  `enabled` tinyint(1) unsigned NOT NULL DEFAULT '1',
  `dateCreated` datetime NOT NULL,
  `dateUpdated` datetime NOT NULL,
  `uid` char(36) COLLATE utf8_unicode_ci NOT NULL DEFAULT '0',
  PRIMARY KEY (`id`),
  KEY `craft_widgets_userId_fk` (`userId`)
) ENGINE=InnoDB AUTO_INCREMENT=6 DEFAULT CHARSET=utf8 COLLATE=utf8_unicode_ci;

--
-- Data for table `craft_widgets`
--

BEGIN;
INSERT INTO `craft_widgets` (`id`, `userId`, `type`, `sortOrder`, `settings`, `enabled`, `dateCreated`, `dateUpdated`, `uid`) VALUES
 ('1', '1', 'QuickPost', '1', '{\"section\":\"1\"}', '1', '2013-06-13 00:39:18', '2013-06-13 00:39:18', '6c741916-c3d1-47bc-9333-1c5f7630773c'),
 ('2', '1', 'RecentEntries', '2', NULL, '1', '2013-06-13 00:39:18', '2013-06-13 00:39:18', '792e7ddc-e40b-4e9b-9919-21a6d169ff2f'),
 ('3', '1', 'Feed', '3', '{\"url\":\"http:\\/\\/feeds.feedburner.com\\/blogandtonic\",\"title\":\"Blog & Tonic\"}', '1', '2013-06-13 00:39:18', '2013-06-13 00:39:18', '23ee7b5f-bafe-459b-9550-480f8cda03f3'),
 ('4', '1', 'Updates', '4', NULL, '1', '2013-06-13 00:39:18', '2013-06-13 00:39:18', 'e5b56993-4fd3-4547-a1c8-bb1df08f5b4a'),
 ('5', '1', 'GetHelp', '5', NULL, '1', '2013-06-13 00:39:18', '2013-06-13 00:39:18', 'e4a4e1e5-ea70-42a3-b52c-fe7a8dcf5293');
COMMIT;

--
-- Constraints for tables
--


--
-- Constraints for table `craft_assetfiles`
--
ALTER TABLE `craft_assetfiles`
	ADD CONSTRAINT `craft_assetfiles_folderId_fk` FOREIGN KEY (`folderId`) REFERENCES `craft_assetfolders` (`id`) ON DELETE CASCADE,
	ADD CONSTRAINT `craft_assetfiles_id_fk` FOREIGN KEY (`id`) REFERENCES `craft_elements` (`id`) ON DELETE CASCADE,
	ADD CONSTRAINT `craft_assetfiles_sourceId_fk` FOREIGN KEY (`sourceId`) REFERENCES `craft_assetsources` (`id`) ON DELETE CASCADE;

--
-- Constraints for table `craft_assetfolders`
--
ALTER TABLE `craft_assetfolders`
	ADD CONSTRAINT `craft_assetfolders_parentId_fk` FOREIGN KEY (`parentId`) REFERENCES `craft_assetfolders` (`id`) ON DELETE CASCADE,
	ADD CONSTRAINT `craft_assetfolders_sourceId_fk` FOREIGN KEY (`sourceId`) REFERENCES `craft_assetsources` (`id`) ON DELETE CASCADE;

--
-- Constraints for table `craft_assetindexdata`
--
ALTER TABLE `craft_assetindexdata`
	ADD CONSTRAINT `craft_assetindexdata_sourceId_fk` FOREIGN KEY (`sourceId`) REFERENCES `craft_assetsources` (`id`) ON DELETE CASCADE;

--
-- Constraints for table `craft_content`
--
ALTER TABLE `craft_content`
	ADD CONSTRAINT `craft_content_elementId_fk` FOREIGN KEY (`elementId`) REFERENCES `craft_elements` (`id`) ON DELETE CASCADE,
	ADD CONSTRAINT `craft_content_locale_fk` FOREIGN KEY (`locale`) REFERENCES `craft_locales` (`locale`) ON DELETE CASCADE ON UPDATE CASCADE;

--
-- Constraints for table `craft_elements_i18n`
--
ALTER TABLE `craft_elements_i18n`
	ADD CONSTRAINT `craft_elements_i18n_elementId_fk` FOREIGN KEY (`elementId`) REFERENCES `craft_elements` (`id`) ON DELETE CASCADE,
	ADD CONSTRAINT `craft_elements_i18n_locale_fk` FOREIGN KEY (`locale`) REFERENCES `craft_locales` (`locale`) ON DELETE CASCADE ON UPDATE CASCADE;

--
-- Constraints for table `craft_entries`
--
ALTER TABLE `craft_entries`
	ADD CONSTRAINT `craft_entries_authorId_fk` FOREIGN KEY (`authorId`) REFERENCES `craft_users` (`id`) ON DELETE CASCADE,
	ADD CONSTRAINT `craft_entries_id_fk` FOREIGN KEY (`id`) REFERENCES `craft_elements` (`id`) ON DELETE CASCADE,
	ADD CONSTRAINT `craft_entries_sectionId_fk` FOREIGN KEY (`sectionId`) REFERENCES `craft_sections` (`id`) ON DELETE CASCADE;

--
-- Constraints for table `craft_entries_i18n`
--
ALTER TABLE `craft_entries_i18n`
	ADD CONSTRAINT `craft_entries_i18n_entryId_fk` FOREIGN KEY (`entryId`) REFERENCES `craft_entries` (`id`) ON DELETE CASCADE,
	ADD CONSTRAINT `craft_entries_i18n_locale_fk` FOREIGN KEY (`locale`) REFERENCES `craft_locales` (`locale`) ON DELETE CASCADE ON UPDATE CASCADE,
	ADD CONSTRAINT `craft_entries_i18n_sectionId_fk` FOREIGN KEY (`sectionId`) REFERENCES `craft_sections` (`id`) ON DELETE CASCADE;

--
-- Constraints for table `craft_entrydrafts`
--
ALTER TABLE `craft_entrydrafts`
	ADD CONSTRAINT `craft_entrydrafts_creatorId_fk` FOREIGN KEY (`creatorId`) REFERENCES `craft_users` (`id`),
	ADD CONSTRAINT `craft_entrydrafts_entryId_fk` FOREIGN KEY (`entryId`) REFERENCES `craft_entries` (`id`) ON DELETE CASCADE,
	ADD CONSTRAINT `craft_entrydrafts_locale_fk` FOREIGN KEY (`locale`) REFERENCES `craft_locales` (`locale`) ON DELETE CASCADE ON UPDATE CASCADE,
	ADD CONSTRAINT `craft_entrydrafts_sectionId_fk` FOREIGN KEY (`sectionId`) REFERENCES `craft_sections` (`id`) ON DELETE CASCADE;

--
-- Constraints for table `craft_entrytags_entries`
--
ALTER TABLE `craft_entrytags_entries`
	ADD CONSTRAINT `craft_entrytags_entries_entryId_fk` FOREIGN KEY (`entryId`) REFERENCES `craft_entries` (`id`) ON DELETE CASCADE,
	ADD CONSTRAINT `craft_entrytags_entries_tagId_fk` FOREIGN KEY (`tagId`) REFERENCES `craft_entrytags` (`id`) ON DELETE CASCADE;

--
-- Constraints for table `craft_entryversions`
--
ALTER TABLE `craft_entryversions`
	ADD CONSTRAINT `craft_entryversions_creatorId_fk` FOREIGN KEY (`creatorId`) REFERENCES `craft_users` (`id`),
	ADD CONSTRAINT `craft_entryversions_entryId_fk` FOREIGN KEY (`entryId`) REFERENCES `craft_entries` (`id`) ON DELETE CASCADE,
	ADD CONSTRAINT `craft_entryversions_locale_fk` FOREIGN KEY (`locale`) REFERENCES `craft_locales` (`locale`) ON DELETE CASCADE ON UPDATE CASCADE,
	ADD CONSTRAINT `craft_entryversions_sectionId_fk` FOREIGN KEY (`sectionId`) REFERENCES `craft_sections` (`id`) ON DELETE CASCADE;

--
-- Constraints for table `craft_fieldlayoutfields`
--
ALTER TABLE `craft_fieldlayoutfields`
	ADD CONSTRAINT `craft_fieldlayoutfields_fieldId_fk` FOREIGN KEY (`fieldId`) REFERENCES `craft_fields` (`id`) ON DELETE CASCADE,
	ADD CONSTRAINT `craft_fieldlayoutfields_layoutId_fk` FOREIGN KEY (`layoutId`) REFERENCES `craft_fieldlayouts` (`id`) ON DELETE CASCADE,
	ADD CONSTRAINT `craft_fieldlayoutfields_tabId_fk` FOREIGN KEY (`tabId`) REFERENCES `craft_fieldlayouttabs` (`id`) ON DELETE CASCADE;

--
-- Constraints for table `craft_fieldlayouttabs`
--
ALTER TABLE `craft_fieldlayouttabs`
	ADD CONSTRAINT `craft_fieldlayouttabs_layoutId_fk` FOREIGN KEY (`layoutId`) REFERENCES `craft_fieldlayouts` (`id`) ON DELETE CASCADE;

--
-- Constraints for table `craft_fields`
--
ALTER TABLE `craft_fields`
	ADD CONSTRAINT `craft_fields_groupId_fk` FOREIGN KEY (`groupId`) REFERENCES `craft_fieldgroups` (`id`) ON DELETE CASCADE;

--
-- Constraints for table `craft_globalsets`
--
ALTER TABLE `craft_globalsets`
	ADD CONSTRAINT `craft_globalsets_fieldLayoutId_fk` FOREIGN KEY (`fieldLayoutId`) REFERENCES `craft_fieldlayouts` (`id`) ON DELETE SET NULL,
	ADD CONSTRAINT `craft_globalsets_id_fk` FOREIGN KEY (`id`) REFERENCES `craft_elements` (`id`) ON DELETE CASCADE;

--
-- Constraints for table `craft_migrations`
--
ALTER TABLE `craft_migrations`
	ADD CONSTRAINT `craft_migrations_pluginId_fk` FOREIGN KEY (`pluginId`) REFERENCES `craft_plugins` (`id`) ON DELETE CASCADE;

--
-- Constraints for table `craft_relations`
--
ALTER TABLE `craft_relations`
	ADD CONSTRAINT `craft_relations_childId_fk` FOREIGN KEY (`childId`) REFERENCES `craft_elements` (`id`),
	ADD CONSTRAINT `craft_relations_fieldId_fk` FOREIGN KEY (`fieldId`) REFERENCES `craft_fields` (`id`),
	ADD CONSTRAINT `craft_relations_parentId_fk` FOREIGN KEY (`parentId`) REFERENCES `craft_elements` (`id`);

--
-- Constraints for table `craft_sections`
--
ALTER TABLE `craft_sections`
	ADD CONSTRAINT `craft_sections_fieldLayoutId_fk` FOREIGN KEY (`fieldLayoutId`) REFERENCES `craft_fieldlayouts` (`id`) ON DELETE SET NULL;

--
-- Constraints for table `craft_sections_i18n`
--
ALTER TABLE `craft_sections_i18n`
	ADD CONSTRAINT `craft_sections_i18n_locale_fk` FOREIGN KEY (`locale`) REFERENCES `craft_locales` (`locale`) ON DELETE CASCADE ON UPDATE CASCADE,
	ADD CONSTRAINT `craft_sections_i18n_sectionId_fk` FOREIGN KEY (`sectionId`) REFERENCES `craft_sections` (`id`) ON DELETE CASCADE;

--
-- Constraints for table `craft_sessions`
--
ALTER TABLE `craft_sessions`
	ADD CONSTRAINT `craft_sessions_userId_fk` FOREIGN KEY (`userId`) REFERENCES `craft_users` (`id`) ON DELETE CASCADE;

--
-- Constraints for table `craft_shunnedmessages`
--
ALTER TABLE `craft_shunnedmessages`
	ADD CONSTRAINT `craft_shunnedmessages_userId_fk` FOREIGN KEY (`userId`) REFERENCES `craft_users` (`id`) ON DELETE CASCADE;

--
-- Constraints for table `craft_usergroups_users`
--
ALTER TABLE `craft_usergroups_users`
	ADD CONSTRAINT `craft_usergroups_users_groupId_fk` FOREIGN KEY (`groupId`) REFERENCES `craft_usergroups` (`id`) ON DELETE CASCADE,
	ADD CONSTRAINT `craft_usergroups_users_userId_fk` FOREIGN KEY (`userId`) REFERENCES `craft_users` (`id`) ON DELETE CASCADE;

--
-- Constraints for table `craft_userpermissions_usergroups`
--
ALTER TABLE `craft_userpermissions_usergroups`
	ADD CONSTRAINT `craft_userpermissions_usergroups_groupId_fk` FOREIGN KEY (`groupId`) REFERENCES `craft_usergroups` (`id`) ON DELETE CASCADE,
	ADD CONSTRAINT `craft_userpermissions_usergroups_permissionId_fk` FOREIGN KEY (`permissionId`) REFERENCES `craft_userpermissions` (`id`) ON DELETE CASCADE;

--
-- Constraints for table `craft_userpermissions_users`
--
ALTER TABLE `craft_userpermissions_users`
	ADD CONSTRAINT `craft_userpermissions_users_permissionId_fk` FOREIGN KEY (`permissionId`) REFERENCES `craft_userpermissions` (`id`) ON DELETE CASCADE,
	ADD CONSTRAINT `craft_userpermissions_users_userId_fk` FOREIGN KEY (`userId`) REFERENCES `craft_users` (`id`) ON DELETE CASCADE;

--
-- Constraints for table `craft_users`
--
ALTER TABLE `craft_users`
	ADD CONSTRAINT `craft_users_id_fk` FOREIGN KEY (`id`) REFERENCES `craft_elements` (`id`) ON DELETE CASCADE,
	ADD CONSTRAINT `craft_users_preferredLocale_fk` FOREIGN KEY (`preferredLocale`) REFERENCES `craft_locales` (`locale`) ON DELETE SET NULL ON UPDATE CASCADE;

--
-- Constraints for table `craft_widgets`
--
ALTER TABLE `craft_widgets`
	ADD CONSTRAINT `craft_widgets_userId_fk` FOREIGN KEY (`userId`) REFERENCES `craft_users` (`id`) ON DELETE CASCADE;

SET FOREIGN_KEY_CHECKS = 1;
COMMIT;

/*!40101 SET CHARACTER_SET_CLIENT=@OLD_CHARACTER_SET_CLIENT */;
/*!40101 SET CHARACTER_SET_RESULTS=@OLD_CHARACTER_SET_RESULTS */;
/*!40101 SET COLLATION_CONNECTION=@OLD_COLLATION_CONNECTION */;
