-- Generated by Craft v1.0.2278 on Jul 17, 2013 2:09:03 AM.

--
-- Disable foreign key checks and autocommit and start a transaction.
--

SET FOREIGN_KEY_CHECKS = 0;
SET SQL_MODE = "NO_AUTO_VALUE_ON_ZERO";
SET AUTOCOMMIT = 0;
SET NAMES utf8;
START TRANSACTION;

/*!40101 SET @OLD_CHARACTER_SET_CLIENT=@@CHARACTER_SET_CLIENT */;
/*!40101 SET @OLD_CHARACTER_SET_RESULTS=@@CHARACTER_SET_RESULTS */;
/*!40101 SET @OLD_COLLATION_CONNECTION=@@COLLATION_CONNECTION */;
/*!40101 SET NAMES utf8 */;

--
-- Schema for table `craft_assetfiles`
--

DROP TABLE IF EXISTS `craft_assetfiles`;

CREATE TABLE `craft_assetfiles` (
  `id` int(11) NOT NULL,
  `sourceId` int(11) NOT NULL,
  `folderId` int(11) NOT NULL,
  `filename` varchar(255) COLLATE utf8_unicode_ci NOT NULL,
  `kind` char(10) COLLATE utf8_unicode_ci DEFAULT NULL,
  `width` smallint(6) unsigned DEFAULT NULL,
  `height` smallint(6) unsigned DEFAULT NULL,
  `size` int(11) unsigned DEFAULT NULL,
  `dateModified` datetime DEFAULT NULL,
  `dateCreated` datetime NOT NULL,
  `dateUpdated` datetime NOT NULL,
  `uid` char(36) COLLATE utf8_unicode_ci NOT NULL DEFAULT '0',
  PRIMARY KEY (`id`),
  UNIQUE KEY `craft_assetfiles_filename_folderId_unq_idx` (`filename`,`folderId`),
  KEY `craft_assetfiles_sourceId_fk` (`sourceId`),
  KEY `craft_assetfiles_folderId_fk` (`folderId`)
) ENGINE=InnoDB DEFAULT CHARSET=utf8 COLLATE=utf8_unicode_ci;

--
-- Data for table `craft_assetfiles`
--

BEGIN;
INSERT INTO `craft_assetfiles` (`id`, `sourceId`, `folderId`, `filename`, `kind`, `width`, `height`, `size`, `dateModified`, `dateCreated`, `dateUpdated`, `uid`) VALUES
 ('13', '3', '3', 'album-background-example-1.jpg', 'image', '2048', '1368', '984681', '2013-06-14 05:09:37', '2013-06-14 05:09:37', '2013-06-14 05:09:37', '7199a68d-966a-4035-99bd-53f21850a559'),
 ('16', '3', '3', 'north-pole-1.jpg', 'image', '1920', '1200', '579414', '2013-06-17 06:46:53', '2013-06-17 06:46:54', '2013-06-17 06:46:54', '05e60c8a-4680-41eb-8f1a-c619ecf47183'),
 ('19', '1', '1', 'the-spinning-song.mp3', 'audio', NULL, NULL, '1589223', '2013-06-18 19:10:09', '2013-06-18 19:10:09', '2013-06-18 19:10:09', '7ba484a3-de0a-49c7-b2b2-e41300a05500'),
 ('20', '1', '1', 'the-spinning-song.ogg', 'video', NULL, NULL, '2376624', '2013-06-18 19:10:09', '2013-06-18 19:10:09', '2013-06-18 19:10:09', '31239637-1aae-43b7-8a96-851f18474c3f'),
 ('21', '3', '3', 'north-pole-2.jpg', 'image', '1600', '1200', '697076', '2013-06-19 04:07:11', '2013-06-19 04:07:11', '2013-06-19 04:07:11', '444cb2b0-21c7-4879-95fd-471a735b4dc8'),
 ('22', '1', '1', 'Bach__English_Suite_No._2_in_A_minor__BWV_807__Prelude_-_Andras_Schiff.mp3', 'audio', NULL, NULL, '4796227', '2013-06-19 06:43:59', '2013-06-19 06:43:59', '2013-06-19 06:43:59', '9373400e-c0ac-433b-ad4e-d8032f525230'),
 ('23', '3', '3', 'black-white-piano-organ.jpg', 'image', '1024', '819', '334023', '2013-06-19 07:06:31', '2013-06-19 07:06:31', '2013-06-19 07:06:31', 'ff12b330-07b9-4d2e-a0a6-b731a3c77d30'),
 ('24', '3', '3', 'Black_and_white_mountain_landscape.jpg', 'image', '1920', '1080', '661051', '2013-06-19 07:06:31', '2013-06-19 07:06:31', '2013-06-19 07:06:31', 'af1d3793-b9aa-432b-ac8d-be95989a4b21'),
 ('25', '1', '1', 'Bach__English_Suite_No._2_in_A_minor__BWV_807__Prelude_-_Andras_Schiff.ogg', 'video', NULL, NULL, '7169553', '2013-06-20 03:47:12', '2013-06-20 03:47:12', '2013-06-20 03:47:12', '4903655b-b025-44fc-bf2b-410968f6d227'),
 ('27', '1', '1', 'in-the-darkest-night-we_-sing.ogg', 'video', NULL, NULL, '12308488', '2013-06-20 03:50:25', '2013-06-20 03:50:25', '2013-06-20 03:50:25', 'a4ce5690-ebd6-4306-9acb-fcb94e0fb4dc'),
 ('28', '1', '1', 'in-the-darkest-night-we_-sing.mp3', 'audio', NULL, NULL, '19781258', '2013-06-20 03:51:22', '2013-06-20 03:51:22', '2013-06-20 03:51:22', '47e69d6b-2d4c-4b3e-8c18-6466f40a78b9'),
 ('29', '4', '4', 'album-2-cover.jpg', 'image', '390', '130', '33395', '2013-06-29 22:13:41', '2013-06-29 22:13:41', '2013-06-29 22:16:07', '81c4b845-9e9d-464d-bfc1-6f9bd99306c6'),
 ('30', '4', '4', 'album-cover.jpg', 'image', '500', '133', '30741', '2013-06-29 22:21:22', '2013-06-29 22:21:22', '2013-06-29 22:21:22', 'a6b5e384-c017-4072-9cff-e4ee8bca53b8');
COMMIT;


--
-- Schema for table `craft_assetfolders`
--

DROP TABLE IF EXISTS `craft_assetfolders`;

CREATE TABLE `craft_assetfolders` (
  `id` int(11) NOT NULL AUTO_INCREMENT,
  `parentId` int(11) DEFAULT NULL,
  `sourceId` int(11) NOT NULL,
  `name` varchar(255) COLLATE utf8_unicode_ci NOT NULL,
  `fullPath` varchar(255) COLLATE utf8_unicode_ci DEFAULT NULL,
  `dateCreated` datetime NOT NULL,
  `dateUpdated` datetime NOT NULL,
  `uid` char(36) COLLATE utf8_unicode_ci NOT NULL DEFAULT '0',
  PRIMARY KEY (`id`),
  UNIQUE KEY `craft_assetfolders_name_parentId_sourceId_unq_idx` (`name`,`parentId`,`sourceId`),
  KEY `craft_assetfolders_parentId_fk` (`parentId`),
  KEY `craft_assetfolders_sourceId_fk` (`sourceId`)
) ENGINE=InnoDB AUTO_INCREMENT=5 DEFAULT CHARSET=utf8 COLLATE=utf8_unicode_ci;

--
-- Data for table `craft_assetfolders`
--

BEGIN;
INSERT INTO `craft_assetfolders` (`id`, `parentId`, `sourceId`, `name`, `fullPath`, `dateCreated`, `dateUpdated`, `uid`) VALUES
 ('1', NULL, '1', 'song', '', '2013-06-13 18:06:23', '2013-06-13 18:10:24', '7f96a7ae-591b-4c9c-90b1-4fca3f15bfea'),
 ('2', NULL, '2', 'song-data', '', '2013-06-13 18:08:27', '2013-06-13 18:08:27', '9787265a-427b-4582-af32-0e4cff80e6b3'),
 ('3', NULL, '3', 'song-artwork', '', '2013-06-13 18:09:49', '2013-06-17 01:46:47', '24e9233c-4010-4382-9a7d-e7455e5b5e22'),
 ('4', NULL, '4', 'album-cover', '', '2013-06-17 02:11:02', '2013-06-17 02:11:02', 'f4b23838-1178-48d9-819a-d23af7d99c13');
COMMIT;


--
-- Schema for table `craft_assetindexdata`
--

DROP TABLE IF EXISTS `craft_assetindexdata`;

CREATE TABLE `craft_assetindexdata` (
  `id` int(11) NOT NULL AUTO_INCREMENT,
  `sessionId` varchar(36) COLLATE utf8_unicode_ci NOT NULL DEFAULT '',
  `sourceId` int(10) NOT NULL,
  `offset` int(10) NOT NULL,
  `uri` varchar(255) COLLATE utf8_unicode_ci DEFAULT NULL,
  `size` int(10) DEFAULT NULL,
  `recordId` int(10) DEFAULT NULL,
  `dateCreated` datetime NOT NULL,
  `dateUpdated` datetime NOT NULL,
  `uid` char(36) COLLATE utf8_unicode_ci NOT NULL DEFAULT '0',
  PRIMARY KEY (`id`),
  UNIQUE KEY `craft_assetindexdata_sessionId_sourceId_offset_unq_idx` (`sessionId`,`sourceId`,`offset`),
  KEY `craft_assetindexdata_sourceId_fk` (`sourceId`)
) ENGINE=InnoDB DEFAULT CHARSET=utf8 COLLATE=utf8_unicode_ci;

--
-- Schema for table `craft_assetsources`
--

DROP TABLE IF EXISTS `craft_assetsources`;

CREATE TABLE `craft_assetsources` (
  `id` int(11) NOT NULL AUTO_INCREMENT,
  `name` varchar(100) COLLATE utf8_unicode_ci NOT NULL,
  `type` char(150) COLLATE utf8_unicode_ci NOT NULL,
  `settings` text COLLATE utf8_unicode_ci,
  `sortOrder` tinyint(4) DEFAULT NULL,
  `dateCreated` datetime NOT NULL,
  `dateUpdated` datetime NOT NULL,
  `uid` char(36) COLLATE utf8_unicode_ci NOT NULL DEFAULT '0',
  PRIMARY KEY (`id`),
  UNIQUE KEY `craft_assetsources_name_unq_idx` (`name`)
) ENGINE=InnoDB AUTO_INCREMENT=5 DEFAULT CHARSET=utf8 COLLATE=utf8_unicode_ci;

--
-- Data for table `craft_assetsources`
--

BEGIN;
INSERT INTO `craft_assetsources` (`id`, `name`, `type`, `settings`, `sortOrder`, `dateCreated`, `dateUpdated`, `uid`) VALUES
 ('1', 'song', 'Local', '{\"path\":\"assets\\/upload\\/song\\/\",\"url\":\"assets\\/upload\\/song\\/\"}', '1', '2013-06-13 18:06:23', '2013-06-14 04:57:16', '099cda60-ad41-4312-a9fa-3c9101cf9589'),
 ('2', 'song-data', 'Local', '{\"path\":\"assets\\/upload\\/song-data\\/\",\"url\":\"assets\\/upload\\/song-data\\/\"}', '2', '2013-06-13 18:08:27', '2013-06-14 04:59:13', '62dc4e40-49d7-47c2-8273-e9994db9fe8f'),
 ('3', 'song-artwork', 'Local', '{\"path\":\"assets\\/upload\\/song-artwork\\/\",\"url\":\"assets\\/upload\\/song-artwork\\/\"}', '3', '2013-06-13 18:09:49', '2013-06-17 01:46:47', '6af5563a-b2f8-4613-86fc-a4c1a38ea930'),
 ('4', 'album-cover', 'Local', '{\"path\":\"assets\\/upload\\/album-cover\\/\",\"url\":\"assets\\/upload\\/album-cover\\/\"}', '4', '2013-06-17 02:11:02', '2013-06-17 02:11:18', '1498e777-9b81-4149-b509-372c4d4b7c19');
COMMIT;


--
-- Schema for table `craft_assettransformindex`
--

DROP TABLE IF EXISTS `craft_assettransformindex`;

CREATE TABLE `craft_assettransformindex` (
  `id` int(11) NOT NULL AUTO_INCREMENT,
  `fileId` int(11) NOT NULL,
  `location` varchar(255) COLLATE utf8_unicode_ci NOT NULL,
  `sourceId` int(11) NOT NULL,
  `fileExists` tinyint(1) DEFAULT NULL,
  `inProgress` tinyint(1) DEFAULT NULL,
  `dateIndexed` datetime DEFAULT NULL,
  `dateCreated` datetime NOT NULL,
  `dateUpdated` datetime NOT NULL,
  `uid` char(36) COLLATE utf8_unicode_ci NOT NULL DEFAULT '0',
  PRIMARY KEY (`id`),
  KEY `craft_assettransformindex_sourceId_fileId_location_idx` (`sourceId`,`fileId`,`location`)
) ENGINE=InnoDB AUTO_INCREMENT=17 DEFAULT CHARSET=utf8 COLLATE=utf8_unicode_ci;

--
-- Data for table `craft_assettransformindex`
--

BEGIN;
INSERT INTO `craft_assettransformindex` (`id`, `fileId`, `location`, `sourceId`, `fileExists`, `inProgress`, `dateIndexed`, `dateCreated`, `dateUpdated`, `uid`) VALUES
 ('1', '13', '_100x100_crop_center-center', '3', '1', '0', '2013-06-14 05:10:34', '2013-06-14 05:10:35', '2013-06-14 05:10:36', '9ac19399-34af-493a-9afd-82ebb5c8f801'),
 ('2', '13', '_200x200_crop_center-center', '3', '1', '0', '2013-06-14 05:10:35', '2013-06-14 05:10:35', '2013-06-14 05:10:36', '683d8995-6d37-427b-a1bf-a1378d4ffad3'),
 ('3', '24', '_100x100_crop_center-center', '3', '1', '0', '2013-06-20 20:28:50', '2013-06-20 20:28:50', '2013-06-20 20:28:51', '07e76c39-df19-4f8d-99c7-9740624f891c'),
 ('4', '24', '_200x200_crop_center-center', '3', '1', '0', '2013-06-20 20:28:50', '2013-06-20 20:28:50', '2013-06-20 20:28:52', '7e8f6593-710a-4a38-b64b-98560ef3adf0'),
 ('5', '23', '_100x100_crop_center-center', '3', '1', '0', '2013-06-20 20:28:50', '2013-06-20 20:28:50', '2013-06-20 20:28:51', 'dccc8ea8-b384-4147-855a-70a11fcb49b6'),
 ('6', '23', '_200x200_crop_center-center', '3', '1', '0', '2013-06-20 20:28:50', '2013-06-20 20:28:50', '2013-06-20 20:28:52', 'f57e758a-5c95-4352-b7ae-f2c8f5561a5f'),
 ('7', '16', '_100x100_crop_center-center', '3', '1', '0', '2013-06-20 20:28:50', '2013-06-20 20:28:50', '2013-06-20 20:28:52', '7f5a44ee-29f9-4b33-a523-4265f322fc98'),
 ('8', '16', '_200x200_crop_center-center', '3', '1', '0', '2013-06-20 20:28:50', '2013-06-20 20:28:50', '2013-06-20 20:28:52', '5e4c214b-b20c-43fc-940b-b46b9379b0ba'),
 ('9', '21', '_100x100_crop_center-center', '3', '1', '0', '2013-06-20 20:28:50', '2013-06-20 20:28:50', '2013-06-20 20:28:52', 'c5b42bcf-7194-4432-967d-b55af638bc17'),
 ('10', '21', '_200x200_crop_center-center', '3', '1', '0', '2013-06-20 20:28:50', '2013-06-20 20:28:50', '2013-06-20 20:28:53', '032be2a1-a66f-4284-9e3e-56c358dd4f6b'),
 ('13', '29', '_100x100_crop_center-center', '4', '1', '0', '2013-06-29 22:14:13', '2013-06-29 22:14:13', '2013-06-29 22:14:14', 'abf7c794-d270-4575-90f5-86ad4da12007'),
 ('14', '29', '_200x200_crop_center-center', '4', '1', '0', '2013-06-29 22:14:13', '2013-06-29 22:14:13', '2013-06-29 22:14:14', 'fa292500-58c3-475a-bf1b-ee5df89aa20a'),
 ('15', '30', '_100x100_crop_center-center', '4', '1', '0', '2013-06-29 22:21:23', '2013-06-29 22:21:23', '2013-06-29 22:21:24', '88148545-cd9d-4ccf-812c-eb0c578c2831'),
 ('16', '30', '_200x200_crop_center-center', '4', '1', '0', '2013-06-29 22:21:23', '2013-06-29 22:21:23', '2013-06-29 22:21:23', '971076cc-944c-4c73-a592-bd3ba7092e8b');
COMMIT;


--
-- Schema for table `craft_assettransforms`
--

DROP TABLE IF EXISTS `craft_assettransforms`;

CREATE TABLE `craft_assettransforms` (
  `id` int(11) NOT NULL AUTO_INCREMENT,
  `name` varchar(255) COLLATE utf8_unicode_ci NOT NULL,
  `handle` varchar(255) COLLATE utf8_unicode_ci NOT NULL,
  `mode` enum('stretch','fit','crop') COLLATE utf8_unicode_ci NOT NULL DEFAULT 'crop',
  `position` enum('top-left','top-center','top-right','center-left','center-center','center-right','bottom-left','bottom-center','bottom-right') COLLATE utf8_unicode_ci NOT NULL DEFAULT 'center-center',
  `height` int(10) DEFAULT NULL,
  `width` int(10) DEFAULT NULL,
  `dimensionChangeTime` datetime DEFAULT NULL,
  `dateCreated` datetime NOT NULL,
  `dateUpdated` datetime NOT NULL,
  `uid` char(36) COLLATE utf8_unicode_ci NOT NULL DEFAULT '0',
  PRIMARY KEY (`id`),
  UNIQUE KEY `craft_assettransforms_name_unq_idx` (`name`),
  UNIQUE KEY `craft_assettransforms_handle_unq_idx` (`handle`)
) ENGINE=InnoDB DEFAULT CHARSET=utf8 COLLATE=utf8_unicode_ci;

--
-- Schema for table `craft_content`
--

DROP TABLE IF EXISTS `craft_content`;

CREATE TABLE `craft_content` (
  `id` int(11) NOT NULL AUTO_INCREMENT,
  `elementId` int(11) NOT NULL,
  `locale` char(12) COLLATE utf8_unicode_ci NOT NULL,
  `heading` varchar(255) COLLATE utf8_unicode_ci DEFAULT NULL,
  `body` text COLLATE utf8_unicode_ci,
  `description` text COLLATE utf8_unicode_ci,
  `composer` varchar(255) COLLATE utf8_unicode_ci DEFAULT NULL,
  `instruments` text COLLATE utf8_unicode_ci,
  `duration` int(10) unsigned DEFAULT NULL,
  `performer` text COLLATE utf8_unicode_ci,
  `video` varchar(255) COLLATE utf8_unicode_ci DEFAULT NULL,
  `mediaFormat` varchar(255) COLLATE utf8_unicode_ci DEFAULT NULL,
  `year` smallint(4) unsigned DEFAULT NULL,
  `emailHeading` varchar(255) COLLATE utf8_unicode_ci DEFAULT NULL,
  `emailAddress` varchar(255) COLLATE utf8_unicode_ci DEFAULT NULL,
  `socialHeading` varchar(255) COLLATE utf8_unicode_ci DEFAULT NULL,
  `facebookUrl` varchar(255) COLLATE utf8_unicode_ci DEFAULT NULL,
  `twitterUrl` varchar(255) COLLATE utf8_unicode_ci DEFAULT NULL,
  `googlePlusUrl` varchar(255) COLLATE utf8_unicode_ci DEFAULT NULL,
  `fromName` varchar(255) COLLATE utf8_unicode_ci DEFAULT NULL,
  `fromEmail` varchar(255) COLLATE utf8_unicode_ci DEFAULT NULL,
  `message` varchar(255) COLLATE utf8_unicode_ci DEFAULT NULL,
  `messageFormHeading` varchar(255) COLLATE utf8_unicode_ci DEFAULT NULL,
  `eventList` text COLLATE utf8_unicode_ci,
  `subHeading` varchar(255) COLLATE utf8_unicode_ci DEFAULT NULL,
  `authorName` varchar(255) COLLATE utf8_unicode_ci DEFAULT NULL,
  `authorUrl` varchar(255) COLLATE utf8_unicode_ci DEFAULT NULL,
  `workTitle` varchar(255) COLLATE utf8_unicode_ci DEFAULT NULL,
  `workUrl` varchar(255) COLLATE utf8_unicode_ci DEFAULT NULL,
  `brief` text COLLATE utf8_unicode_ci,
  `career` text COLLATE utf8_unicode_ci,
  `press` text COLLATE utf8_unicode_ci,
  `subject` varchar(255) COLLATE utf8_unicode_ci DEFAULT NULL,
  `allowDownload` varchar(255) COLLATE utf8_unicode_ci DEFAULT NULL,
  `dateCreated` datetime NOT NULL,
  `dateUpdated` datetime NOT NULL,
  `uid` char(36) COLLATE utf8_unicode_ci NOT NULL DEFAULT '0',
  PRIMARY KEY (`id`),
  UNIQUE KEY `craft_content_elementId_locale_unq_idx` (`elementId`,`locale`),
  KEY `craft_content_locale_fk` (`locale`)
) ENGINE=InnoDB AUTO_INCREMENT=13 DEFAULT CHARSET=utf8 COLLATE=utf8_unicode_ci;

--
-- Data for table `craft_content`
--

BEGIN;
INSERT INTO `craft_content` (`id`, `elementId`, `locale`, `heading`, `body`, `description`, `composer`, `instruments`, `duration`, `performer`, `video`, `mediaFormat`, `year`, `emailHeading`, `emailAddress`, `socialHeading`, `facebookUrl`, `twitterUrl`, `googlePlusUrl`, `fromName`, `fromEmail`, `message`, `messageFormHeading`, `eventList`, `subHeading`, `authorName`, `authorUrl`, `workTitle`, `workUrl`, `brief`, `career`, `press`, `subject`, `allowDownload`, `dateCreated`, `dateUpdated`, `uid`) VALUES
 ('2', '3', 'en_us', NULL, '<p>Craft is the CMS that’s powering Hlc-portfolio.dev. It’s beautiful, powerful, flexible, and easy-to-use, and it’s made by Pixel &amp; Tonic. We can’t wait to dive in and see what it’s capable of!</p><!--pagebreak--><p>This is even more captivating content, which you couldn’t see on the News index page because it was entered after a Page Break, and the News index template only likes to show the content on the first page.</p><p>Craft: a nice alternative to Word, if you’re making a website.</p>', NULL, NULL, NULL, NULL, NULL, NULL, NULL, NULL, NULL, NULL, NULL, NULL, NULL, NULL, NULL, NULL, NULL, NULL, NULL, NULL, NULL, NULL, NULL, NULL, NULL, NULL, NULL, NULL, NULL, '2013-06-13 00:38:00', '2013-06-13 00:38:00', 'b565fcd2-3e69-4ebf-8607-3e419961de94'),
 ('3', '4', 'en_us', NULL, NULL, '<p>\r\n	       This is the song description.\r\n</p>', '', '[{\"col1\":\"\"}]', '0', '', '', 'audio', '1999', NULL, NULL, NULL, NULL, NULL, NULL, NULL, NULL, NULL, NULL, NULL, NULL, NULL, NULL, NULL, NULL, NULL, NULL, NULL, NULL, 'n', '2013-06-13 20:42:35', '2013-06-27 22:36:19', '7e559572-c549-472f-8bc1-8cfed1cc048c'),
 ('4', '5', 'en_us', NULL, NULL, NULL, NULL, NULL, NULL, NULL, NULL, NULL, NULL, NULL, NULL, NULL, NULL, NULL, NULL, NULL, NULL, NULL, NULL, NULL, NULL, NULL, NULL, NULL, NULL, NULL, NULL, NULL, NULL, NULL, '2013-06-13 20:46:26', '2013-06-29 22:21:41', 'f7aea644-d7e8-41fe-afc9-ef451ffca5dc'),
 ('5', '6', 'en_us', NULL, NULL, NULL, NULL, NULL, NULL, NULL, NULL, NULL, NULL, NULL, NULL, NULL, NULL, NULL, NULL, NULL, NULL, NULL, NULL, NULL, NULL, NULL, NULL, NULL, NULL, 'Lorem ipsum dolor sit amet, consectetur adipiscing elit. Morbi commodo arcu at lorem fermentum imperdiet. Vivamus vel porttitor enim, sed viverra turpis. Aliquam vestibulum elementum volutpat. Curabitur varius pretium magna sit amet molestie. Nunc lobortis adipiscing arcu, sed fermentum velit elementum nec. Ut condimentum vulputate varius. Donec mattis, enim a ullamcorper tincidunt, neque nunc ultrices erat, vel sagittis ligula nibh eget mauris.', 'Vivamus augue mauris, dignissim id ultrices nec, consectetur ut nisi. Fusce iaculis, erat eget pellentesque rutrum, sem enim pretium nisl, quis consectetur ante nulla lobortis eros. Suspendisse hendrerit consectetur lacinia. Phasellus luctus massa eget pulvinar vestibulum. Ut et lectus et nibh sagittis ornare eu vel urna. Aenean ullamcorper dui id elementum luctus. Mauris porta ante dolor, a rhoncus diam vestibulum et. Sed volutpat quam id vulputate ultrices. Phasellus nec eleifend lorem. Nunc vestibulum sodales leo. Pellentesque eleifend felis massa. Pellentesque auctor vestibulum quam, quis malesuada eros vestibulum id. Praesent convallis rhoncus pulvinar. Sed bibendum nec orci sed posuere. Aliquam eu suscipit nisi. Proin tristique nibh vitae lobortis tincidunt.', 'The other premiere (played by all four musicians) was contemporary composer Chen Hsin-Lei’s By the Light of Nature, a musical realization of the concept of “nothingness” or “blankness,” described in the notes as “one of the spiritual cores of Chinese art.” To give you a partial idea of that concept, imagine something that is hidden from you, like a village that you can’t see because there’s a mountain in front of it. This most impressive work included some apparently pre-recorded digital sounds.', NULL, NULL, '2013-06-13 20:56:34', '2013-06-15 15:45:27', '45085120-a97d-4346-9d2d-d633d94a6822'),
 ('6', '8', 'en_us', NULL, NULL, NULL, NULL, NULL, NULL, NULL, NULL, NULL, NULL, NULL, NULL, NULL, NULL, NULL, NULL, NULL, NULL, NULL, NULL, '[{\"col1\":\"Council doe Cultural Creative Industry Project Award\",\"col2\":\"2010\",\"col3\":\"http:\\/\\/www.google.com\\/\"},{\"col1\":\"College-Conservatory of Music, University of Cincinnati Orchestral Work Competition\",\"col2\":\"2007\",\"col3\":\"\"},{\"col1\":\"ERM Media\\u2019s Next Master Work Award\",\"col2\":\"2006\",\"col3\":\"\"},{\"col1\":\"Formosa Composition Competition, Third Place and Audience Special Award\",\"col2\":\"2004\",\"col3\":\"\"}]', NULL, NULL, NULL, NULL, NULL, NULL, NULL, NULL, NULL, NULL, '2013-06-13 21:10:30', '2013-06-15 18:30:21', 'e3eae87a-00a1-4510-a68a-451d28d0ff2b'),
 ('7', '10', 'en_us', 'Hsin-Lei Chen', NULL, NULL, NULL, NULL, NULL, NULL, NULL, NULL, NULL, NULL, NULL, NULL, NULL, NULL, NULL, NULL, NULL, NULL, NULL, NULL, 'composer', NULL, NULL, NULL, NULL, NULL, NULL, NULL, NULL, NULL, '2013-06-13 21:22:42', '2013-06-13 21:22:42', 'e3811593-9e59-4ede-9729-c347d08ce2df'),
 ('8', '13', 'en_us', NULL, NULL, NULL, NULL, NULL, NULL, NULL, NULL, NULL, NULL, NULL, NULL, NULL, NULL, NULL, NULL, NULL, NULL, NULL, NULL, NULL, NULL, 'Unknown Author', 'http://www.google.com', 'Unknown Work Title', 'http://www.sina.com.cn', NULL, NULL, NULL, NULL, NULL, '2013-06-14 05:10:13', '2013-06-14 05:10:13', '1d5abe66-9d62-4634-8386-1a01b18320aa'),
 ('9', '14', 'en_us', NULL, NULL, NULL, NULL, NULL, NULL, NULL, NULL, NULL, NULL, NULL, NULL, NULL, NULL, NULL, NULL, NULL, NULL, NULL, NULL, NULL, NULL, NULL, NULL, NULL, NULL, NULL, NULL, NULL, NULL, NULL, '2013-06-14 05:53:25', '2013-06-29 22:16:32', 'b2b0f620-6c33-4c59-8c96-21e5e9da3aff'),
 ('10', '7', 'en_us', NULL, NULL, NULL, NULL, NULL, NULL, NULL, NULL, NULL, NULL, 'e-mail', 'admin@hsinleichen.com', 'social network', 'http://www.facebook.com/', 'http://www.twitter.com/', 'http://www.google.com/plus/', 'your name', 'your email', 'please write down your message', 'leave your message', NULL, NULL, NULL, NULL, NULL, NULL, NULL, NULL, NULL, 'subject', NULL, '2013-06-15 16:17:26', '2013-06-26 20:03:24', '9600636e-dc6c-43a7-9663-05ad5c26610f'),
 ('11', '17', 'en_us', NULL, NULL, '<p>\r\n	Lorem ipsum dolor sit amet, consectetur adipiscing elit. Nullam id purus mauris. Morbi dapibus augue sapien, eget ultricies diam consequat vitae. Praesent lacus ante, ornare at libero a, volutpat volutpat erat. Etiam non convallis diam. Duis sed magna tincidunt velit dignissim mattis. Proin placerat sagittis purus, sed aliquam nunc rutrum vel. Maecenas sit amet luctus felis. Sed scelerisque vitae magna a malesuada. Nullam id aliquet neque, eget pulvinar sem. Aliquam mattis urna et semper porta. Pellentesque sed lacus ullamcorper, faucibus velit venenatis, vestibulum ipsum. Aliquam ante dui, fermentum quis mi et, laoreet faucibus lacus. Vestibulum sit amet nunc vitae felis ornare malesuada sed vel ante. Proin ante sapien, tristique quis turpis nec, commodo luctus tortor. Donec vel risus ligula. Suspendisse diam sem, pulvinar sed velit non, ullamcorper viverra erat.\r\n</p>\r\n<p>\r\n	Phasellus at orci vitae ipsum suscipit dignissim semper sed sapien. Vestibulum ante ipsum primis in faucibus orci luctus et ultrices posuere cubilia Curae; Phasellus augue justo, pellentesque nec mi quis, posuere tempus mi. Suspendisse sit amet scelerisque urna. Sed mollis odio non velit dignissim luctus. Ut tortor velit, tristique et porttitor quis, sagittis non purus. Phasellus at nisi varius, mollis tortor eget, eleifend ipsum. Interdum et malesuada fames ac ante ipsum primis in faucibus. Lorem ipsum dolor sit amet, consectetur adipiscing elit.\r\n</p>', 'Hsin-Lei Chen', '[{\"col1\":\"piano\"},{\"col1\":\"guitar\"}]', '9000', 'Calvin Cui', '', 'audio', '1980', NULL, NULL, NULL, NULL, NULL, NULL, NULL, NULL, NULL, NULL, NULL, NULL, NULL, NULL, NULL, NULL, NULL, NULL, NULL, NULL, 'y', '2013-06-17 06:48:19', '2013-06-29 20:41:10', '13ec685d-d0d5-4157-ba57-0cdf852a9488'),
 ('12', '26', 'en_us', NULL, NULL, '<p>\r\n	 Introduction of <span style=\"font-family: Arial, Helvetica, Verdana, Tahoma, sans-serif;\">in the darkest night we sing...</span>\r\n</p>', '', '[{\"col1\":\"\"}]', '0', '', '', 'audio', '2012', NULL, NULL, NULL, NULL, NULL, NULL, NULL, NULL, NULL, NULL, NULL, NULL, NULL, NULL, NULL, NULL, NULL, NULL, NULL, NULL, NULL, '2013-06-20 03:50:08', '2013-06-20 03:51:43', 'e8c09e95-5db8-49e5-a9f8-6a1b2bd105fe');
COMMIT;


--
-- Schema for table `craft_elements`
--

DROP TABLE IF EXISTS `craft_elements`;

CREATE TABLE `craft_elements` (
  `id` int(11) NOT NULL AUTO_INCREMENT,
  `type` char(150) COLLATE utf8_unicode_ci NOT NULL,
  `enabled` tinyint(1) unsigned NOT NULL DEFAULT '1',
  `archived` tinyint(1) unsigned NOT NULL DEFAULT '0',
  `dateCreated` datetime NOT NULL,
  `dateUpdated` datetime NOT NULL,
  `uid` char(36) COLLATE utf8_unicode_ci NOT NULL DEFAULT '0',
  PRIMARY KEY (`id`),
  KEY `craft_elements_type_idx` (`type`),
  KEY `craft_elements_enabled_idx` (`enabled`),
  KEY `craft_elements_archived_idx` (`archived`)
) ENGINE=InnoDB AUTO_INCREMENT=31 DEFAULT CHARSET=utf8 COLLATE=utf8_unicode_ci;

--
-- Data for table `craft_elements`
--

BEGIN;
INSERT INTO `craft_elements` (`id`, `type`, `enabled`, `archived`, `dateCreated`, `dateUpdated`, `uid`) VALUES
 ('1', 'User', '1', '0', '2013-06-13 00:37:57', '2013-06-13 00:37:57', 'cf7af526-9a13-4737-8125-41032c93941d'),
 ('3', 'Entry', '1', '0', '2013-06-13 00:38:00', '2013-06-13 00:38:00', '5d40d2a8-d926-4e78-8c32-4b25308f3e8f'),
 ('4', 'Entry', '1', '0', '2013-06-13 20:42:35', '2013-06-27 22:36:19', 'ad4d93c4-11c9-4526-8f5e-8b392d8f4bf0'),
 ('5', 'Entry', '1', '0', '2013-06-13 20:46:26', '2013-06-29 22:21:41', 'f4768cff-9d8b-428e-889f-48ff2fa2e6a3'),
 ('6', 'GlobalSet', '1', '0', '2013-06-13 20:48:27', '2013-06-15 15:44:14', '521db26d-fe44-4530-9ebc-06f509c1c773'),
 ('7', 'GlobalSet', '1', '0', '2013-06-13 21:03:12', '2013-06-26 20:01:29', 'ff89e362-8251-4c65-a240-0d59b9280f07'),
 ('8', 'GlobalSet', '1', '0', '2013-06-13 21:08:19', '2013-06-13 21:10:17', '73dbcbcf-d186-43b3-8478-87884a95c013'),
 ('10', 'GlobalSet', '1', '0', '2013-06-13 21:22:12', '2013-06-13 21:22:23', 'c3733371-d358-41e0-8981-cbca903c68f0'),
 ('11', 'Asset', '1', '0', '2013-06-14 04:57:23', '2013-06-14 04:57:23', '7691e02b-e923-45db-b555-d3aa98b11846'),
 ('12', 'Asset', '1', '0', '2013-06-14 04:58:22', '2013-06-14 04:58:22', '2a25cbae-52b7-4a0f-bf8b-ada97dae11c6'),
 ('13', 'Asset', '1', '0', '2013-06-14 05:09:37', '2013-06-14 05:09:37', 'c4518bf1-b93e-4e44-82c3-ec691e831774'),
 ('14', 'Entry', '1', '0', '2013-06-14 05:53:25', '2013-06-29 22:16:32', '290c5763-3131-455d-ad53-54f75ea3d2ca'),
 ('15', 'Asset', '1', '0', '2013-06-17 02:12:34', '2013-06-17 02:12:34', '39f39069-589d-47c9-9c46-13e57fc8b993'),
 ('16', 'Asset', '1', '0', '2013-06-17 06:46:54', '2013-06-17 06:46:54', '3b53f1f8-7e69-4d5a-b849-f5159114b60a'),
 ('17', 'Entry', '1', '0', '2013-06-17 06:48:19', '2013-06-29 20:41:10', 'f1506105-5c7e-4b3f-a354-e96b7c8652a5'),
 ('19', 'Asset', '1', '0', '2013-06-18 19:10:09', '2013-06-18 19:10:09', 'bd99137c-9490-4ee7-8d72-d18fed606fce'),
 ('20', 'Asset', '1', '0', '2013-06-18 19:10:09', '2013-06-18 19:10:09', 'ee373681-513d-4c18-b10b-7af9a1b992d5'),
 ('21', 'Asset', '1', '0', '2013-06-19 04:07:11', '2013-06-19 04:07:11', 'ff75b617-12bc-4dee-8c94-1435f7b7df5f'),
 ('22', 'Asset', '1', '0', '2013-06-19 06:43:59', '2013-06-19 06:43:59', 'fa926e1c-08bc-43fb-ade7-c93e8d67862f'),
 ('23', 'Asset', '1', '0', '2013-06-19 07:06:31', '2013-06-19 07:06:31', '0fbc698b-ab1b-4871-aabf-c1894a13a433'),
 ('24', 'Asset', '1', '0', '2013-06-19 07:06:31', '2013-06-19 07:06:31', 'a63a029a-9bed-4293-80cc-708e5a8ba391'),
 ('25', 'Asset', '1', '0', '2013-06-20 03:47:12', '2013-06-20 03:47:12', '994ba8de-6e76-4e82-bcb6-072a55bf0003'),
 ('26', 'Entry', '1', '0', '2013-06-20 03:50:08', '2013-06-20 03:51:43', 'e1e6afc5-d766-4462-840c-2314d7a3a216'),
 ('27', 'Asset', '1', '0', '2013-06-20 03:50:25', '2013-06-20 03:50:25', 'aa49ed12-506b-42e9-b241-30c6189a35aa'),
 ('28', 'Asset', '1', '0', '2013-06-20 03:51:22', '2013-06-20 03:51:22', 'b8f3eb71-549c-47c9-8b5b-2538e446905a'),
 ('29', 'Asset', '1', '0', '2013-06-29 22:13:41', '2013-06-29 22:13:41', '31e7da20-391c-4113-b2c0-42e955d79da3'),
 ('30', 'Asset', '1', '0', '2013-06-29 22:21:22', '2013-06-29 22:21:22', 'b75abfb3-bb8b-4f3f-9ee6-1287632bd702');
COMMIT;


--
-- Schema for table `craft_elements_i18n`
--

DROP TABLE IF EXISTS `craft_elements_i18n`;

CREATE TABLE `craft_elements_i18n` (
  `id` int(11) NOT NULL AUTO_INCREMENT,
  `elementId` int(11) NOT NULL,
  `locale` char(12) COLLATE utf8_unicode_ci NOT NULL,
  `uri` varchar(255) COLLATE utf8_unicode_ci DEFAULT NULL,
  `dateCreated` datetime NOT NULL,
  `dateUpdated` datetime NOT NULL,
  `uid` char(36) COLLATE utf8_unicode_ci NOT NULL DEFAULT '0',
  PRIMARY KEY (`id`),
  UNIQUE KEY `craft_elements_i18n_elementId_locale_unq_idx` (`elementId`,`locale`),
  UNIQUE KEY `craft_elements_i18n_uri_locale_unq_idx` (`uri`,`locale`),
  KEY `craft_elements_i18n_locale_fk` (`locale`)
) ENGINE=InnoDB AUTO_INCREMENT=7 DEFAULT CHARSET=utf8 COLLATE=utf8_unicode_ci;

--
-- Data for table `craft_elements_i18n`
--

BEGIN;
INSERT INTO `craft_elements_i18n` (`id`, `elementId`, `locale`, `uri`, `dateCreated`, `dateUpdated`, `uid`) VALUES
 ('1', '3', 'en_us', 'news/2013/we-just-installed-craft', '2013-06-13 00:38:00', '2013-06-13 00:38:00', '64977b0d-a86e-460e-bf6a-62be18951647'),
 ('2', '4', 'en_us', NULL, '2013-06-13 20:42:35', '2013-06-27 22:36:19', '137e2eea-f928-44af-bf69-fdc97cea2e50'),
 ('3', '5', 'en_us', 'album/album-1', '2013-06-13 20:46:26', '2013-06-29 22:21:41', 'a13115a2-e23f-4ada-b744-e750efe856f5'),
 ('4', '14', 'en_us', 'album/album-2', '2013-06-14 05:53:25', '2013-06-29 22:16:32', '9e1d1a06-f6d4-4a58-8836-f535262e65fe'),
 ('5', '17', 'en_us', NULL, '2013-06-17 06:48:19', '2013-06-29 20:41:10', '7e4e24bb-1db0-42f8-8a8c-28377c23e469'),
 ('6', '26', 'en_us', NULL, '2013-06-20 03:50:08', '2013-06-20 03:51:43', 'c88e8189-7eba-4870-be53-513f2faf2d22');
COMMIT;


--
-- Schema for table `craft_emailmessages`
--

DROP TABLE IF EXISTS `craft_emailmessages`;

CREATE TABLE `craft_emailmessages` (
  `id` int(11) NOT NULL AUTO_INCREMENT,
  `key` char(150) COLLATE utf8_unicode_ci NOT NULL,
  `locale` char(12) COLLATE utf8_unicode_ci NOT NULL,
  `subject` varchar(1000) COLLATE utf8_unicode_ci NOT NULL,
  `body` text COLLATE utf8_unicode_ci NOT NULL,
  `dateCreated` datetime NOT NULL,
  `dateUpdated` datetime NOT NULL,
  `uid` char(36) COLLATE utf8_unicode_ci NOT NULL DEFAULT '0',
  PRIMARY KEY (`id`),
  UNIQUE KEY `craft_emailmessages_key_locale_unq_idx` (`key`,`locale`)
) ENGINE=InnoDB DEFAULT CHARSET=utf8 COLLATE=utf8_unicode_ci;

--
-- Schema for table `craft_entries`
--

DROP TABLE IF EXISTS `craft_entries`;

CREATE TABLE `craft_entries` (
  `id` int(11) NOT NULL,
  `sectionId` int(11) NOT NULL,
  `authorId` int(11) NOT NULL,
  `postDate` datetime DEFAULT NULL,
  `expiryDate` datetime DEFAULT NULL,
  `dateCreated` datetime NOT NULL,
  `dateUpdated` datetime NOT NULL,
  `uid` char(36) COLLATE utf8_unicode_ci NOT NULL DEFAULT '0',
  PRIMARY KEY (`id`),
  KEY `craft_entries_sectionId_idx` (`sectionId`),
  KEY `craft_entries_postDate_idx` (`postDate`),
  KEY `craft_entries_expiryDate_idx` (`expiryDate`),
  KEY `craft_entries_authorId_fk` (`authorId`)
) ENGINE=InnoDB DEFAULT CHARSET=utf8 COLLATE=utf8_unicode_ci;

--
-- Data for table `craft_entries`
--

BEGIN;
INSERT INTO `craft_entries` (`id`, `sectionId`, `authorId`, `postDate`, `expiryDate`, `dateCreated`, `dateUpdated`, `uid`) VALUES
 ('3', '1', '1', '2013-06-13 00:38:00', NULL, '2013-06-13 00:38:00', '2013-06-13 00:38:00', '86024707-a101-47c9-ab2c-e7bd3fc6ad97'),
 ('4', '3', '1', '2013-06-13 20:42:00', NULL, '2013-06-13 20:42:35', '2013-06-27 22:36:19', '512f8fef-5a03-435c-a2d8-0d81a8a9d436'),
 ('5', '2', '1', '2013-06-13 20:46:00', NULL, '2013-06-13 20:46:26', '2013-06-29 22:21:41', 'c08b9a83-aa7c-4ef1-b5a1-5f6d845c03e3'),
 ('14', '2', '1', '2013-06-14 05:53:00', NULL, '2013-06-14 05:53:25', '2013-06-29 22:16:32', '1c407bbd-aa71-4b15-979f-942fc5f89a78'),
 ('17', '3', '1', '2013-06-17 06:48:00', NULL, '2013-06-17 06:48:19', '2013-06-29 20:41:10', '5c128b0a-06c2-4dbb-a3c9-3165a58c4265'),
 ('26', '3', '1', '2013-06-20 03:50:00', NULL, '2013-06-20 03:50:08', '2013-06-20 03:51:43', '133add02-5d82-4581-b342-577665879601');
COMMIT;


--
-- Schema for table `craft_entries_i18n`
--

DROP TABLE IF EXISTS `craft_entries_i18n`;

CREATE TABLE `craft_entries_i18n` (
  `id` int(11) NOT NULL AUTO_INCREMENT,
  `entryId` int(11) NOT NULL,
  `sectionId` int(11) NOT NULL,
  `locale` char(12) COLLATE utf8_unicode_ci NOT NULL,
  `title` varchar(255) COLLATE utf8_unicode_ci NOT NULL,
  `slug` varchar(255) COLLATE utf8_unicode_ci NOT NULL,
  `dateCreated` datetime NOT NULL,
  `dateUpdated` datetime NOT NULL,
  `uid` char(36) COLLATE utf8_unicode_ci NOT NULL DEFAULT '0',
  PRIMARY KEY (`id`),
  UNIQUE KEY `craft_entries_i18n_entryId_locale_unq_idx` (`entryId`,`locale`),
  UNIQUE KEY `craft_entries_i18n_slug_sectionId_locale_unq_idx` (`slug`,`sectionId`,`locale`),
  KEY `craft_entries_i18n_title_idx` (`title`),
  KEY `craft_entries_i18n_sectionId_fk` (`sectionId`),
  KEY `craft_entries_i18n_locale_fk` (`locale`)
) ENGINE=InnoDB AUTO_INCREMENT=7 DEFAULT CHARSET=utf8 COLLATE=utf8_unicode_ci;

--
-- Data for table `craft_entries_i18n`
--

BEGIN;
INSERT INTO `craft_entries_i18n` (`id`, `entryId`, `sectionId`, `locale`, `title`, `slug`, `dateCreated`, `dateUpdated`, `uid`) VALUES
 ('1', '3', '1', 'en_us', 'We just installed Craft!', 'we-just-installed-craft', '2013-06-13 00:38:00', '2013-06-13 00:38:00', 'f5756d0b-0bfe-4c49-9252-3b5de6c7eec1'),
 ('2', '4', '3', 'en_us', 'the school of artist', 'the-school-of-artist', '2013-06-13 20:42:35', '2013-06-27 22:36:19', 'f5d85d52-f65f-4152-8216-b6123ca3eb30'),
 ('3', '5', '2', 'en_us', 'Album 1', 'album-1', '2013-06-13 20:46:26', '2013-06-29 22:21:41', '730f9024-fac5-4e97-95f1-6ab4693a88e6'),
 ('4', '14', '2', 'en_us', 'Album 2', 'album-2', '2013-06-14 05:53:25', '2013-06-29 22:16:32', '8bbb359c-1f42-465a-a609-d65827d0707c'),
 ('5', '17', '3', 'en_us', 'the spinning song', 'the-spinning-song', '2013-06-17 06:48:19', '2013-06-29 20:41:10', '5ab6a44e-ab20-4f2c-b7e1-db13f9d17432'),
 ('6', '26', '3', 'en_us', 'in the darkest night we sing', 'in-the-darkest-night-we-sing', '2013-06-20 03:50:08', '2013-06-20 03:51:43', 'de8d7c01-c617-4968-9e07-f3124e34fc15');
COMMIT;


--
-- Schema for table `craft_entrydrafts`
--

DROP TABLE IF EXISTS `craft_entrydrafts`;

CREATE TABLE `craft_entrydrafts` (
  `id` int(11) NOT NULL AUTO_INCREMENT,
  `entryId` int(11) NOT NULL,
  `sectionId` int(11) NOT NULL,
  `creatorId` int(11) NOT NULL,
  `locale` char(12) COLLATE utf8_unicode_ci NOT NULL,
  `name` varchar(255) COLLATE utf8_unicode_ci DEFAULT NULL,
  `data` mediumtext COLLATE utf8_unicode_ci NOT NULL,
  `dateCreated` datetime NOT NULL,
  `dateUpdated` datetime NOT NULL,
  `uid` char(36) COLLATE utf8_unicode_ci NOT NULL DEFAULT '0',
  PRIMARY KEY (`id`),
  KEY `craft_entrydrafts_entryId_locale_idx` (`entryId`,`locale`),
  KEY `craft_entrydrafts_sectionId_fk` (`sectionId`),
  KEY `craft_entrydrafts_creatorId_fk` (`creatorId`),
  KEY `craft_entrydrafts_locale_fk` (`locale`)
) ENGINE=InnoDB DEFAULT CHARSET=utf8 COLLATE=utf8_unicode_ci;

--
-- Schema for table `craft_entrytags`
--

DROP TABLE IF EXISTS `craft_entrytags`;

CREATE TABLE `craft_entrytags` (
  `id` int(11) NOT NULL AUTO_INCREMENT,
  `name` varchar(100) COLLATE utf8_unicode_ci NOT NULL,
  `count` int(10) NOT NULL,
  `dateCreated` datetime NOT NULL,
  `dateUpdated` datetime NOT NULL,
  `uid` char(36) COLLATE utf8_unicode_ci NOT NULL DEFAULT '0',
  PRIMARY KEY (`id`),
  UNIQUE KEY `craft_entrytags_name_unq_idx` (`name`)
) ENGINE=InnoDB DEFAULT CHARSET=utf8 COLLATE=utf8_unicode_ci;

--
-- Schema for table `craft_entrytags_entries`
--

DROP TABLE IF EXISTS `craft_entrytags_entries`;

CREATE TABLE `craft_entrytags_entries` (
  `id` int(11) NOT NULL AUTO_INCREMENT,
  `tagId` int(11) NOT NULL,
  `entryId` int(11) NOT NULL,
  `dateCreated` datetime NOT NULL,
  `dateUpdated` datetime NOT NULL,
  `uid` char(36) COLLATE utf8_unicode_ci NOT NULL DEFAULT '0',
  PRIMARY KEY (`id`),
  KEY `craft_entrytags_entries_tagId_fk` (`tagId`),
  KEY `craft_entrytags_entries_entryId_fk` (`entryId`)
) ENGINE=InnoDB DEFAULT CHARSET=utf8 COLLATE=utf8_unicode_ci;

--
-- Schema for table `craft_entryversions`
--

DROP TABLE IF EXISTS `craft_entryversions`;

CREATE TABLE `craft_entryversions` (
  `id` int(11) NOT NULL AUTO_INCREMENT,
  `entryId` int(11) NOT NULL,
  `sectionId` int(11) NOT NULL,
  `creatorId` int(11) NOT NULL,
  `locale` char(12) COLLATE utf8_unicode_ci NOT NULL,
  `notes` tinytext COLLATE utf8_unicode_ci,
  `data` mediumtext COLLATE utf8_unicode_ci NOT NULL,
  `dateCreated` datetime NOT NULL,
  `dateUpdated` datetime NOT NULL,
  `uid` char(36) COLLATE utf8_unicode_ci NOT NULL DEFAULT '0',
  PRIMARY KEY (`id`),
  KEY `craft_entryversions_entryId_locale_idx` (`entryId`,`locale`),
  KEY `craft_entryversions_sectionId_fk` (`sectionId`),
  KEY `craft_entryversions_creatorId_fk` (`creatorId`),
  KEY `craft_entryversions_locale_fk` (`locale`)
) ENGINE=InnoDB AUTO_INCREMENT=41 DEFAULT CHARSET=utf8 COLLATE=utf8_unicode_ci;

--
-- Data for table `craft_entryversions`
--

BEGIN;
INSERT INTO `craft_entryversions` (`id`, `entryId`, `sectionId`, `creatorId`, `locale`, `notes`, `data`, `dateCreated`, `dateUpdated`, `uid`) VALUES
 ('1', '4', '3', '1', 'en_us', NULL, '{\"authorId\":\"1\",\"title\":\"the school of artist\",\"slug\":\"the-school-of-artist\",\"postDate\":1371156155,\"expiryDate\":null,\"enabled\":1,\"tags\":[],\"fields\":{\"6\":\"\",\"3\":\"<p>\\r\\n\\tThis is the song description.\\r\\n<\\/p>\",\"8\":\"\",\"7\":[{\"col1\":\"\"}],\"11\":\"audio\",\"9\":\"\",\"10\":\"\",\"14\":\"1999\"}}', '2013-06-13 20:42:35', '2013-06-13 20:42:35', 'a448b4e9-bbc5-42d6-bef2-56967c276cfc'),
 ('2', '5', '2', '1', 'en_us', NULL, '{\"authorId\":\"1\",\"title\":\"Album 1\",\"slug\":\"album-1\",\"postDate\":1371156386,\"expiryDate\":null,\"enabled\":1,\"tags\":[],\"fields\":{\"13\":[\"4\"]}}', '2013-06-13 20:46:26', '2013-06-13 20:46:26', 'b26935e3-0934-4097-b7c2-1c4a0cabd13a'),
 ('3', '4', '3', '1', 'en_us', NULL, '{\"authorId\":\"1\",\"title\":\"the school of artist\",\"slug\":\"the-school-of-artist\",\"postDate\":1371156120,\"expiryDate\":null,\"enabled\":1,\"tags\":[],\"fields\":{\"6\":\"\",\"5\":[\"13\"],\"3\":\"<p>\\r\\n\\t This is the song description.\\r\\n<\\/p>\",\"8\":\"\",\"7\":[{\"col1\":\"\"}],\"11\":\"audio\",\"9\":\"\",\"10\":\"\",\"14\":\"1999\"}}', '2013-06-14 05:12:34', '2013-06-14 05:12:34', '8adc476a-1a3c-48ee-b254-a0fe53194d65'),
 ('4', '4', '3', '1', 'en_us', NULL, '{\"authorId\":\"1\",\"title\":\"the school of artist\",\"slug\":\"the-school-of-artist\",\"postDate\":1371156120,\"expiryDate\":null,\"enabled\":1,\"tags\":[],\"fields\":{\"6\":\"\",\"5\":[\"13\"],\"3\":\"<p>\\r\\n\\t  This is the song description.\\r\\n<\\/p>\",\"8\":\"\",\"7\":[{\"col1\":\"\"}],\"11\":\"audio\",\"9\":\"\",\"10\":\"\",\"14\":\"1999\"}}', '2013-06-14 05:19:41', '2013-06-14 05:19:41', '96e1b284-f419-4e79-bfc6-6717e2f1c0b2'),
 ('5', '14', '2', '1', 'en_us', NULL, '{\"authorId\":\"1\",\"title\":\"Album 2\",\"slug\":\"album-2\",\"postDate\":1371189205,\"expiryDate\":null,\"enabled\":1,\"tags\":[],\"fields\":{\"13\":[\"4\"]}}', '2013-06-14 05:53:25', '2013-06-14 05:53:25', 'cedf8722-6b4a-4189-ab81-a832fa495e2e'),
 ('6', '14', '2', '1', 'en_us', NULL, '{\"authorId\":\"1\",\"title\":\"Album 2\",\"slug\":\"album-2\",\"postDate\":1371189180,\"expiryDate\":null,\"enabled\":1,\"tags\":[],\"fields\":{\"40\":[\"13\"],\"13\":[\"4\"]}}', '2013-06-17 01:49:40', '2013-06-17 01:49:40', '304cbeef-5963-4737-865a-d05fac5b420c'),
 ('7', '5', '2', '1', 'en_us', NULL, '{\"authorId\":\"1\",\"title\":\"Album 1\",\"slug\":\"album-1\",\"postDate\":1371156360,\"expiryDate\":null,\"enabled\":1,\"tags\":[],\"fields\":{\"40\":[\"13\"],\"13\":[\"4\"]}}', '2013-06-17 01:49:47', '2013-06-17 01:49:47', '1a96ecd8-7bdd-4ed7-9cd2-702899751a01'),
 ('8', '14', '2', '1', 'en_us', NULL, '{\"authorId\":\"1\",\"title\":\"Album 2\",\"slug\":\"album-2\",\"postDate\":1371189180,\"expiryDate\":null,\"enabled\":1,\"tags\":[],\"fields\":{\"40\":[\"15\"],\"13\":[\"4\"]}}', '2013-06-17 02:12:46', '2013-06-17 02:12:46', 'abd3b28a-fe81-4087-91e2-99e1f3b9ab78'),
 ('9', '5', '2', '1', 'en_us', NULL, '{\"authorId\":\"1\",\"title\":\"Album 1\",\"slug\":\"album-1\",\"postDate\":1371156360,\"expiryDate\":null,\"enabled\":1,\"tags\":[],\"fields\":{\"40\":[\"15\"],\"13\":[\"4\"]}}', '2013-06-17 02:12:53', '2013-06-17 02:12:53', 'bcb468a7-7d74-4b20-a8cb-b7b96a538f8e'),
 ('10', '5', '2', '1', 'en_us', NULL, '{\"authorId\":\"1\",\"title\":\"Album 1\",\"slug\":\"album-1\",\"postDate\":1371156360,\"expiryDate\":null,\"enabled\":1,\"tags\":[],\"fields\":{\"13\":[\"4\"]}}', '2013-06-17 06:47:07', '2013-06-17 06:47:07', 'f283c11e-425a-4972-b08d-0c7553f97b05'),
 ('11', '5', '2', '1', 'en_us', NULL, '{\"authorId\":\"1\",\"title\":\"Album 1\",\"slug\":\"album-1\",\"postDate\":1371156360,\"expiryDate\":null,\"enabled\":1,\"tags\":[],\"fields\":{\"40\":[\"15\"],\"13\":[\"4\"]}}', '2013-06-17 06:47:16', '2013-06-17 06:47:16', '87452eda-0829-4c79-910a-323d74965d8e'),
 ('12', '17', '3', '1', 'en_us', NULL, '{\"authorId\":\"1\",\"title\":\"The Spinning Song\",\"slug\":\"the-spinning-song\",\"postDate\":1371451698,\"expiryDate\":null,\"enabled\":1,\"tags\":[],\"fields\":{\"5\":[\"16\"],\"6\":\"\",\"3\":\"<p>\\r\\n\\tA spinning song...\\r\\n<\\/p>\",\"8\":\"9000\",\"7\":[{\"col1\":\"\"}],\"11\":\"audio\",\"9\":\"\",\"10\":\"\",\"14\":\"1980\"}}', '2013-06-17 06:48:19', '2013-06-17 06:48:19', '5a758cb3-b2bb-4502-a69c-3edf54d28f89'),
 ('13', '17', '3', '1', 'en_us', NULL, '{\"authorId\":\"1\",\"title\":\"the spinning song\",\"slug\":\"the-spinning-song\",\"postDate\":1371451680,\"expiryDate\":null,\"enabled\":1,\"tags\":[],\"fields\":{\"5\":[\"16\"],\"6\":\"\",\"3\":\"<p>\\r\\n\\t A spinning song...\\r\\n<\\/p>\",\"8\":\"9000\",\"7\":[{\"col1\":\"\"}],\"11\":\"audio\",\"9\":\"\",\"10\":\"\",\"14\":\"1980\"}}', '2013-06-17 06:48:29', '2013-06-17 06:48:29', '9b416e36-ed8a-430b-993e-45dcadc8e50a'),
 ('14', '5', '2', '1', 'en_us', NULL, '{\"authorId\":\"1\",\"title\":\"Album 1\",\"slug\":\"album-1\",\"postDate\":1371156360,\"expiryDate\":null,\"enabled\":1,\"tags\":[],\"fields\":{\"40\":[\"15\"],\"13\":[\"17\"]}}', '2013-06-17 06:48:46', '2013-06-17 06:48:46', 'afc1e9d9-cfac-4afc-8274-60ff3e268cb3'),
 ('15', '17', '3', '1', 'en_us', NULL, '{\"authorId\":\"1\",\"title\":\"the spinning song\",\"slug\":\"the-spinning-song\",\"postDate\":1371451680,\"expiryDate\":null,\"enabled\":1,\"tags\":[],\"fields\":{\"5\":[\"16\"],\"4\":[\"19\",\"20\"],\"6\":\"\",\"3\":\"<p>\\r\\n\\t  A spinning song...\\r\\n<\\/p>\",\"8\":\"9000\",\"7\":[{\"col1\":\"\"}],\"11\":\"audio\",\"9\":\"\",\"10\":\"\",\"14\":\"1980\"}}', '2013-06-19 01:15:55', '2013-06-19 01:15:55', '6c3aeca6-be38-4cae-964e-51cb280a52f9'),
 ('16', '17', '3', '1', 'en_us', NULL, '{\"authorId\":\"1\",\"title\":\"the spinning song\",\"slug\":\"the-spinning-song\",\"postDate\":1371451680,\"expiryDate\":null,\"enabled\":1,\"tags\":[],\"fields\":{\"5\":[\"16\"],\"4\":[\"19\",\"20\"],\"6\":\"\",\"3\":\"<p>\\r\\n\\t   A spinning song...\\r\\n<\\/p>\",\"8\":\"9000\",\"7\":[{\"col1\":\"\"}],\"11\":\"audio\",\"9\":\"\",\"10\":\"\",\"14\":\"1980\"}}', '2013-06-19 01:16:52', '2013-06-19 01:16:52', '3038953e-ee71-467b-9a36-4f2962bb9417'),
 ('17', '4', '3', '1', 'en_us', NULL, '{\"authorId\":\"1\",\"title\":\"the school of artist\",\"slug\":\"the-school-of-artist\",\"postDate\":1371156120,\"expiryDate\":null,\"enabled\":1,\"tags\":[],\"fields\":{\"5\":[\"13\"],\"4\":[\"19\"],\"6\":\"\",\"3\":\"<p>\\r\\n\\t   This is the song description.\\r\\n<\\/p>\",\"8\":\"\",\"7\":[{\"col1\":\"\"}],\"11\":\"audio\",\"9\":\"\",\"10\":\"\",\"14\":\"1999\"}}', '2013-06-19 01:17:02', '2013-06-19 01:17:02', '1b511ccd-5574-469c-811e-b51de98e56c8'),
 ('18', '17', '3', '1', 'en_us', NULL, '{\"authorId\":\"1\",\"title\":\"the spinning song\",\"slug\":\"the-spinning-song\",\"postDate\":1371451680,\"expiryDate\":null,\"enabled\":1,\"tags\":[],\"fields\":{\"5\":[\"21\",\"16\"],\"4\":[\"19\",\"20\"],\"6\":\"\",\"3\":\"<p>\\r\\n\\t    A spinning song...\\r\\n<\\/p>\",\"8\":\"9000\",\"7\":[{\"col1\":\"\"}],\"11\":\"audio\",\"9\":\"\",\"10\":\"\",\"14\":\"1980\"}}', '2013-06-19 04:07:32', '2013-06-19 04:07:32', '2dc82fda-b589-45e7-b990-d8391a8c3e5a'),
 ('19', '4', '3', '1', 'en_us', NULL, '{\"authorId\":\"1\",\"title\":\"the school of artist\",\"slug\":\"the-school-of-artist\",\"postDate\":1371156120,\"expiryDate\":null,\"enabled\":1,\"tags\":[],\"fields\":{\"5\":[\"13\"],\"4\":[\"22\"],\"6\":\"\",\"3\":\"<p>\\r\\n\\t    This is the song description.\\r\\n<\\/p>\",\"8\":\"\",\"7\":[{\"col1\":\"\"}],\"11\":\"audio\",\"9\":\"\",\"10\":\"\",\"14\":\"1999\"}}', '2013-06-19 07:02:09', '2013-06-19 07:02:09', 'bbf37b95-812b-4936-8767-072056143a30'),
 ('20', '4', '3', '1', 'en_us', NULL, '{\"authorId\":\"1\",\"title\":\"the school of artist\",\"slug\":\"the-school-of-artist\",\"postDate\":1371156120,\"expiryDate\":null,\"enabled\":1,\"tags\":[],\"fields\":{\"5\":[\"13\",\"24\",\"23\"],\"4\":[\"22\"],\"6\":\"\",\"3\":\"<p>\\r\\n\\t     This is the song description.\\r\\n<\\/p>\",\"8\":\"\",\"7\":[{\"col1\":\"\"}],\"11\":\"audio\",\"9\":\"\",\"10\":\"\",\"14\":\"1999\"}}', '2013-06-19 07:06:48', '2013-06-19 07:06:48', '2eac46c6-9c2e-4fcb-89ea-fef5276d5689'),
 ('21', '4', '3', '1', 'en_us', NULL, '{\"authorId\":\"1\",\"title\":\"the school of artist\",\"slug\":\"the-school-of-artist\",\"postDate\":1371156120,\"expiryDate\":null,\"enabled\":1,\"tags\":[],\"fields\":{\"5\":[\"13\",\"24\",\"23\"],\"4\":[\"22\",\"25\"],\"6\":\"\",\"3\":\"<p>\\r\\n\\t      This is the song description.\\r\\n<\\/p>\",\"8\":\"\",\"7\":[{\"col1\":\"\"}],\"11\":\"audio\",\"9\":\"\",\"10\":\"\",\"14\":\"1999\"}}', '2013-06-20 03:47:28', '2013-06-20 03:47:28', '78fa7465-cd96-494a-9eb2-0e856e52e904'),
 ('22', '26', '3', '1', 'en_us', NULL, '{\"authorId\":\"1\",\"title\":\"in the darkest night we sing\",\"slug\":\"in-the-darkest-night-we-sing\",\"postDate\":1371700208,\"expiryDate\":null,\"enabled\":1,\"tags\":[],\"fields\":{\"6\":\"\",\"3\":\"<p>\\r\\n\\tIntroduction of <span style=\\\"font-family: Arial, Helvetica, Verdana, Tahoma, sans-serif;\\\">in the darkest night we sing...<\\/span>\\r\\n<\\/p>\",\"8\":\"\",\"7\":[{\"col1\":\"\"}],\"11\":\"audio\",\"9\":\"\",\"12\":[\"17\",\"4\"],\"10\":\"\",\"14\":\"2012\"}}', '2013-06-20 03:50:08', '2013-06-20 03:50:08', '1bd876b1-0583-4af1-97b8-7a0ead006be9'),
 ('23', '26', '3', '1', 'en_us', NULL, '{\"authorId\":\"1\",\"title\":\"in the darkest night we sing\",\"slug\":\"in-the-darkest-night-we-sing\",\"postDate\":1371700200,\"expiryDate\":null,\"enabled\":1,\"tags\":[],\"fields\":{\"4\":[\"28\",\"27\"],\"6\":\"\",\"3\":\"<p>\\r\\n\\t Introduction of <span style=\\\"font-family: Arial, Helvetica, Verdana, Tahoma, sans-serif;\\\">in the darkest night we sing...<\\/span>\\r\\n<\\/p>\",\"8\":\"\",\"7\":[{\"col1\":\"\"}],\"11\":\"audio\",\"9\":\"\",\"12\":[\"17\",\"4\"],\"10\":\"\",\"14\":\"2012\"}}', '2013-06-20 03:51:43', '2013-06-20 03:51:43', '13a10348-b520-4e7e-9b30-eedd3146f652'),
 ('24', '14', '2', '1', 'en_us', NULL, '{\"authorId\":\"1\",\"title\":\"Album 2\",\"slug\":\"album-2\",\"postDate\":1371189180,\"expiryDate\":null,\"enabled\":1,\"tags\":[],\"fields\":{\"40\":[\"15\"],\"13\":[\"4\",\"26\"]}}', '2013-06-20 03:52:02', '2013-06-20 03:52:02', 'c832fc45-41ad-412f-976c-ba796e159eaa'),
 ('25', '17', '3', '1', 'en_us', NULL, '{\"authorId\":\"1\",\"title\":\"the spinning song\",\"slug\":\"the-spinning-song\",\"postDate\":1371451680,\"expiryDate\":null,\"enabled\":1,\"tags\":[],\"fields\":{\"5\":[\"21\",\"16\"],\"4\":[\"19\",\"20\"],\"6\":\"Hsin-Lei Chen\",\"3\":\"<p>\\r\\n\\t     A spinning song...\\r\\n<\\/p>\",\"8\":\"9000\",\"7\":[{\"col1\":\"\"}],\"11\":\"audio\",\"9\":\"\",\"10\":\"\",\"14\":\"1980\"}}', '2013-06-27 22:04:00', '2013-06-27 22:04:00', '880d4977-2f4a-4595-8a78-be1040b98a92'),
 ('26', '17', '3', '1', 'en_us', NULL, '{\"authorId\":\"1\",\"title\":\"the spinning song\",\"slug\":\"the-spinning-song\",\"postDate\":1371451680,\"expiryDate\":null,\"enabled\":1,\"tags\":[],\"fields\":{\"5\":[\"21\",\"16\"],\"4\":[\"19\",\"20\"],\"6\":\"Hsin-Lei Chen\",\"3\":\"<p>\\r\\n\\t      A spinning song...\\r\\n<\\/p>\",\"8\":\"9000\",\"7\":[{\"col1\":\"Piano\"},{\"col1\":\"Guitar\"}],\"11\":\"audio\",\"9\":\"\",\"10\":\"\",\"14\":\"1980\"}}', '2013-06-27 22:09:45', '2013-06-27 22:09:45', '43b6d1bc-5570-4610-ba8c-31305a9a3ed3'),
 ('27', '17', '3', '1', 'en_us', NULL, '{\"authorId\":\"1\",\"title\":\"the spinning song\",\"slug\":\"the-spinning-song\",\"postDate\":1371451680,\"expiryDate\":null,\"enabled\":1,\"tags\":[],\"fields\":{\"5\":[\"21\",\"16\"],\"4\":[\"19\",\"20\"],\"6\":\"Hsin-Lei Chen\",\"3\":\"<p>\\r\\n\\t       A spinning song...\\r\\n<\\/p>\",\"8\":\"9000\",\"7\":[{\"col1\":\"piano\"},{\"col1\":\"guitar\"}],\"11\":\"audio\",\"9\":\"\",\"10\":\"\",\"14\":\"1980\"}}', '2013-06-27 22:11:13', '2013-06-27 22:11:13', '3999c2b7-48d3-4fcc-8cee-31487cb99979'),
 ('28', '17', '3', '1', 'en_us', NULL, '{\"authorId\":\"1\",\"title\":\"the spinning song\",\"slug\":\"the-spinning-song\",\"postDate\":1371451680,\"expiryDate\":null,\"enabled\":1,\"tags\":[],\"fields\":{\"5\":[\"21\",\"16\"],\"4\":[\"19\",\"20\"],\"6\":\"Hsin-Lei Chen\",\"3\":\"<p>\\r\\n\\t        A spinning song...\\r\\n<\\/p>\",\"8\":\"9000\",\"7\":[{\"col1\":\"piano\"},{\"col1\":\"guitar\"}],\"11\":\"audio\",\"9\":\"Calvin Cui\",\"10\":\"\",\"14\":\"1980\"}}', '2013-06-27 22:15:26', '2013-06-27 22:15:26', '439a87ab-4cdd-4962-b1c3-d0682b296d59'),
 ('29', '17', '3', '1', 'en_us', NULL, '{\"authorId\":\"1\",\"title\":\"the spinning song\",\"slug\":\"the-spinning-song\",\"postDate\":1371451680,\"expiryDate\":null,\"enabled\":1,\"tags\":[],\"fields\":{\"43\":[\"No\"],\"5\":[\"21\",\"16\"],\"4\":[\"19\",\"20\"],\"6\":\"Hsin-Lei Chen\",\"3\":\"<p>\\r\\n\\t         A spinning song...\\r\\n<\\/p>\",\"8\":\"9000\",\"7\":[{\"col1\":\"piano\"},{\"col1\":\"guitar\"}],\"11\":\"audio\",\"9\":\"Calvin Cui\",\"10\":\"\",\"14\":\"1980\"}}', '2013-06-27 22:23:33', '2013-06-27 22:23:33', 'ca280e9c-7798-4b6a-b73c-86be1e0785e8'),
 ('30', '17', '3', '1', 'en_us', NULL, '{\"authorId\":\"1\",\"title\":\"the spinning song\",\"slug\":\"the-spinning-song\",\"postDate\":1371451680,\"expiryDate\":null,\"enabled\":1,\"tags\":[],\"fields\":{\"43\":[\"Yes\"],\"5\":[\"21\",\"16\"],\"4\":[\"19\",\"20\"],\"6\":\"Hsin-Lei Chen\",\"3\":\"<p>\\r\\n\\t          A spinning song...\\r\\n<\\/p>\",\"8\":\"9000\",\"7\":[{\"col1\":\"piano\"},{\"col1\":\"guitar\"}],\"11\":\"audio\",\"9\":\"Calvin Cui\",\"10\":\"\",\"14\":\"1980\"}}', '2013-06-27 22:23:38', '2013-06-27 22:23:38', 'e1953bce-20c6-455a-94d4-63f123c2c721'),
 ('31', '17', '3', '1', 'en_us', NULL, '{\"authorId\":\"1\",\"title\":\"the spinning song\",\"slug\":\"the-spinning-song\",\"postDate\":1371451680,\"expiryDate\":null,\"enabled\":1,\"tags\":[],\"fields\":{\"43\":\"Yes\",\"5\":[\"21\",\"16\"],\"4\":[\"19\",\"20\"],\"6\":\"Hsin-Lei Chen\",\"3\":\"<p>\\r\\n\\t           A spinning song...\\r\\n<\\/p>\",\"8\":\"9000\",\"7\":[{\"col1\":\"piano\"},{\"col1\":\"guitar\"}],\"11\":\"audio\",\"9\":\"Calvin Cui\",\"10\":\"\",\"14\":\"1980\"}}', '2013-06-27 22:25:03', '2013-06-27 22:25:03', 'a6e7bdcd-4aa7-43f1-89db-0e70cbe01036'),
 ('32', '17', '3', '1', 'en_us', NULL, '{\"authorId\":\"1\",\"title\":\"the spinning song\",\"slug\":\"the-spinning-song\",\"postDate\":1371451680,\"expiryDate\":null,\"enabled\":1,\"tags\":[],\"fields\":{\"43\":\"y\",\"5\":[\"21\",\"16\"],\"4\":[\"19\",\"20\"],\"6\":\"Hsin-Lei Chen\",\"3\":\"<p>\\r\\n\\t            A spinning song...\\r\\n<\\/p>\",\"8\":\"9000\",\"7\":[{\"col1\":\"piano\"},{\"col1\":\"guitar\"}],\"11\":\"audio\",\"9\":\"Calvin Cui\",\"10\":\"\",\"14\":\"1980\"}}', '2013-06-27 22:36:15', '2013-06-27 22:36:15', '06b50ace-e51c-4ad3-8f16-2ea6f952a32f'),
 ('33', '4', '3', '1', 'en_us', NULL, '{\"authorId\":\"1\",\"title\":\"the school of artist\",\"slug\":\"the-school-of-artist\",\"postDate\":1371156120,\"expiryDate\":null,\"enabled\":1,\"tags\":[],\"fields\":{\"43\":\"n\",\"5\":[\"13\",\"24\",\"23\"],\"4\":[\"22\",\"25\"],\"6\":\"\",\"3\":\"<p>\\r\\n\\t       This is the song description.\\r\\n<\\/p>\",\"8\":\"\",\"7\":[{\"col1\":\"\"}],\"11\":\"audio\",\"9\":\"\",\"10\":\"\",\"14\":\"1999\"}}', '2013-06-27 22:36:19', '2013-06-27 22:36:19', '3689ccd8-8b82-4219-8acc-48213e52b56c'),
 ('34', '17', '3', '1', 'en_us', NULL, '{\"authorId\":\"1\",\"title\":\"the spinning song\",\"slug\":\"the-spinning-song\",\"postDate\":1371451680,\"expiryDate\":null,\"enabled\":1,\"tags\":[],\"fields\":{\"43\":\"y\",\"5\":[\"21\",\"16\"],\"4\":[\"19\",\"20\"],\"6\":\"Hsin-Lei Chen\",\"3\":\"<p>\\r\\n\\t             A spinning song...\\r\\n<\\/p>\",\"8\":\"9000\",\"7\":[{\"col1\":\"piano\"},{\"col1\":\"guitar\"}],\"11\":\"audio\",\"9\":\"Calvin Cui\",\"12\":[\"26\",\"4\"],\"10\":\"\",\"14\":\"1980\"}}', '2013-06-27 22:41:54', '2013-06-27 22:41:54', 'c843a66c-bb53-43ff-9fa3-9849e3bf9453'),
 ('35', '17', '3', '1', 'en_us', NULL, '{\"authorId\":\"1\",\"title\":\"the spinning song\",\"slug\":\"the-spinning-song\",\"postDate\":1371451680,\"expiryDate\":null,\"enabled\":1,\"tags\":[],\"fields\":{\"43\":\"y\",\"5\":[\"21\",\"16\"],\"4\":[\"19\",\"20\"],\"6\":\"Hsin-Lei Chen\",\"3\":\"<p>\\r\\n\\t<span style=\\\"font-family: Arial, Helvetica, Verdana, Tahoma, sans-serif;\\\">Lorem ipsum dolor sit amet, consectetur adipiscing elit. Nullam id purus mauris. Morbi dapibus augue sapien, eget ultricies diam consequat vitae. Praesent lacus ante, ornare at libero a, volutpat volutpat erat. Etiam non convallis diam. Duis sed magna tincidunt velit dignissim mattis. Proin placerat sagittis purus, sed aliquam nunc rutrum vel. Maecenas sit amet luctus felis. Sed scelerisque vitae magna a malesuada. Nullam id aliquet neque, eget pulvinar sem. Aliquam mattis urna et semper porta. Pellentesque sed lacus ullamcorper, faucibus velit venenatis, vestibulum ipsum. Aliquam ante dui, fermentum quis mi et, laoreet faucibus lacus. Vestibulum sit amet nunc vitae felis ornare malesuada sed vel ante. Proin ante sapien, tristique quis turpis nec, commodo luctus tortor. Donec vel risus ligula. Suspendisse diam sem, pulvinar sed velit non, ullamcorper viverra erat.<\\/span>\\r\\n<\\/p>\\r\\n<p>\\r\\n\\t<span style=\\\"font-family: Arial, Helvetica, Verdana, Tahoma, sans-serif;\\\">Phasellus at orci vitae ipsum suscipit dignissim semper sed sapien. Vestibulum ante ipsum primis in faucibus orci luctus et ultrices posuere cubilia Curae; Phasellus augue justo, pellentesque nec mi quis, posuere tempus mi. Suspendisse sit amet scelerisque urna. Sed mollis odio non velit dignissim luctus. Ut tortor velit, tristique et porttitor quis, sagittis non purus. Phasellus at nisi varius, mollis tortor eget, eleifend ipsum. Interdum et malesuada fames ac ante ipsum primis in faucibus. Lorem ipsum dolor sit amet, consectetur adipiscing elit.<\\/span>\\r\\n<\\/p>\",\"8\":\"9000\",\"7\":[{\"col1\":\"piano\"},{\"col1\":\"guitar\"}],\"11\":\"audio\",\"9\":\"Calvin Cui\",\"12\":[\"26\",\"4\"],\"10\":\"\",\"14\":\"1980\"}}', '2013-06-29 20:38:29', '2013-06-29 20:38:29', '39a972ec-64c0-46f8-ae74-8e05d1c9a5d4'),
 ('36', '17', '3', '1', 'en_us', NULL, '{\"authorId\":\"1\",\"title\":\"the spinning song\",\"slug\":\"the-spinning-song\",\"postDate\":1371451680,\"expiryDate\":null,\"enabled\":1,\"tags\":[],\"fields\":{\"43\":\"y\",\"5\":[\"21\",\"16\"],\"4\":[\"19\",\"20\"],\"6\":\"Hsin-Lei Chen\",\"3\":\"<p>\\r\\n\\t<span style=\\\"font-family: Arial, Helvetica, Verdana, Tahoma, sans-serif;\\\">Lorem ipsum dolor sit amet, consectetur adipiscing elit. Nullam id purus mauris. Morbi dapibus augue sapien, eget ultricies diam consequat vitae. Praesent lacus ante, ornare at libero a, volutpat volutpat erat. Etiam non convallis diam. Duis sed magna tincidunt velit dignissim mattis. Proin placerat sagittis purus, sed aliquam nunc rutrum vel. Maecenas sit amet luctus felis. Sed scelerisque vitae magna a malesuada. Nullam id aliquet neque, eget pulvinar sem. Aliquam mattis urna et semper porta. Pellentesque sed lacus ullamcorper, faucibus velit venenatis, vestibulum ipsum. Aliquam ante dui, fermentum quis mi et, laoreet faucibus lacus. Vestibulum sit amet nunc vitae felis ornare malesuada sed vel ante. Proin ante sapien, tristique quis turpis nec, commodo luctus tortor. Donec vel risus ligula. Suspendisse diam sem, pulvinar sed velit non, ullamcorper viverra erat.<\\/span>\\r\\n<\\/p>\\r\\n<p>\\r\\n\\tPhasellus at orci vitae ipsum suscipit dignissim semper sed sapien. Vestibulum ante ipsum primis in faucibus orci luctus et ultrices posuere cubilia Curae; Phasellus augue justo, pellentesque nec mi quis, posuere tempus mi. Suspendisse sit amet scelerisque urna. Sed mollis odio non velit dignissim luctus. Ut tortor velit, tristique et porttitor quis, sagittis non purus. Phasellus at nisi varius, mollis tortor eget, eleifend ipsum. Interdum et malesuada fames ac ante ipsum primis in faucibus. Lorem ipsum dolor sit amet, consectetur adipiscing elit.\\r\\n<\\/p>\",\"8\":\"9000\",\"7\":[{\"col1\":\"piano\"},{\"col1\":\"guitar\"}],\"11\":\"audio\",\"9\":\"Calvin Cui\",\"12\":[\"26\",\"4\"],\"10\":\"\",\"14\":\"1980\"}}', '2013-06-29 20:39:52', '2013-06-29 20:39:52', '383041b9-3fa4-4c38-a5ec-b948d7ccd4bc'),
 ('37', '17', '3', '1', 'en_us', NULL, '{\"authorId\":\"1\",\"title\":\"the spinning song\",\"slug\":\"the-spinning-song\",\"postDate\":1371451680,\"expiryDate\":null,\"enabled\":1,\"tags\":[],\"fields\":{\"43\":\"y\",\"5\":[\"21\",\"16\"],\"4\":[\"19\",\"20\"],\"6\":\"Hsin-Lei Chen\",\"3\":\"<p>\\r\\n\\t<span style=\\\"font-family: Arial, Helvetica, Verdana, Tahoma, sans-serif;\\\">Lorem ipsum dolor sit amet, consectetur adipiscing elit. Nullam id purus mauris. Morbi dapibus augue sapien, eget ultricies diam consequat vitae. Praesent lacus ante, ornare at libero a, volutpat volutpat erat. Etiam non convallis diam. Duis sed magna tincidunt velit dignissim mattis. Proin placerat sagittis purus, sed aliquam nunc rutrum vel. Maecenas sit amet luctus felis. Sed scelerisque vitae magna a malesuada. Nullam id aliquet neque, eget pulvinar sem. Aliquam mattis urna et semper porta. Pellentesque sed lacus ullamcorper, faucibus velit venenatis, vestibulum ipsum. Aliquam ante dui, fermentum quis mi et, laoreet faucibus lacus. Vestibulum sit amet nunc vitae felis ornare malesuada sed vel ante. Proin ante sapien, tristique quis turpis nec, commodo luctus tortor. Donec vel risus ligula. Suspendisse diam sem, pulvinar sed velit non, ullamcorper viverra erat.<\\/span>\\r\\n<\\/p>\\r\\n<p>\\r\\n\\tPhasellus at orci vitae ipsum suscipit dignissim semper sed sapien. Vestibulum ante ipsum primis in faucibus orci luctus et ultrices posuere cubilia Curae; Phasellus augue justo, pellentesque nec mi quis, posuere tempus mi. Suspendisse sit amet scelerisque urna. Sed mollis odio non velit dignissim luctus. Ut tortor velit, tristique et porttitor quis, sagittis non purus. Phasellus at nisi varius, mollis tortor eget, eleifend ipsum. Interdum et malesuada fames ac ante ipsum primis in faucibus. Lorem ipsum dolor sit amet, consectetur adipiscing elit.\\r\\n<\\/p>\",\"8\":\"9000\",\"7\":[{\"col1\":\"piano\"},{\"col1\":\"guitar\"}],\"11\":\"audio\",\"9\":\"Calvin Cui\",\"12\":[\"26\",\"4\"],\"10\":\"\",\"14\":\"1980\"}}', '2013-06-29 20:41:10', '2013-06-29 20:41:10', '1e3cdd78-c2a0-467e-a113-1d77b91c45e3'),
 ('38', '14', '2', '1', 'en_us', NULL, '{\"authorId\":\"1\",\"title\":\"Album 2\",\"slug\":\"album-2\",\"postDate\":1371189180,\"expiryDate\":null,\"enabled\":1,\"tags\":[],\"fields\":{\"40\":[\"29\"],\"13\":[\"4\",\"26\"]}}', '2013-06-29 22:16:32', '2013-06-29 22:16:32', '1c318bc9-aaec-43e2-88b2-acb353eeb5b4'),
 ('39', '5', '2', '1', 'en_us', NULL, '{\"authorId\":\"1\",\"title\":\"Album 1\",\"slug\":\"album-1\",\"postDate\":1371156360,\"expiryDate\":null,\"enabled\":1,\"tags\":[],\"fields\":{\"40\":[\"29\"],\"13\":[\"17\"]}}', '2013-06-29 22:16:38', '2013-06-29 22:16:38', '6594cadd-0e83-496e-919f-d452376c9773'),
 ('40', '5', '2', '1', 'en_us', NULL, '{\"authorId\":\"1\",\"title\":\"Album 1\",\"slug\":\"album-1\",\"postDate\":1371156360,\"expiryDate\":null,\"enabled\":1,\"tags\":[],\"fields\":{\"40\":[\"30\"],\"13\":[\"17\"]}}', '2013-06-29 22:21:41', '2013-06-29 22:21:41', '57f8a9dc-e995-48fd-8594-6722797976cd');
COMMIT;


--
-- Schema for table `craft_fieldgroups`
--

DROP TABLE IF EXISTS `craft_fieldgroups`;

CREATE TABLE `craft_fieldgroups` (
  `id` int(11) NOT NULL AUTO_INCREMENT,
  `name` varchar(100) COLLATE utf8_unicode_ci NOT NULL,
  `dateCreated` datetime NOT NULL,
  `dateUpdated` datetime NOT NULL,
  `uid` char(36) COLLATE utf8_unicode_ci NOT NULL DEFAULT '0',
  PRIMARY KEY (`id`),
  UNIQUE KEY `craft_fieldgroups_name_unq_idx` (`name`)
) ENGINE=InnoDB AUTO_INCREMENT=8 DEFAULT CHARSET=utf8 COLLATE=utf8_unicode_ci;

--
-- Data for table `craft_fieldgroups`
--

BEGIN;
INSERT INTO `craft_fieldgroups` (`id`, `name`, `dateCreated`, `dateUpdated`, `uid`) VALUES
 ('1', 'Default', '2013-06-13 00:37:58', '2013-06-13 00:37:58', 'cbfecc04-e033-4a76-a7b2-b4fc4f6bb0fb'),
 ('2', 'Song', '2013-06-13 20:03:51', '2013-06-13 20:03:51', '40ee2df8-3377-438b-b825-abdc84596e60'),
 ('3', 'Album', '2013-06-13 20:36:30', '2013-06-13 20:36:30', 'fb3a7ea3-639c-4cc0-aee6-1a941cf3ffd0'),
 ('4', 'Biography', '2013-06-13 20:50:33', '2013-06-13 21:00:08', 'a4fbf138-298f-41b5-acae-559e35b20870'),
 ('5', 'Contact', '2013-06-13 20:59:48', '2013-06-13 21:00:01', '84e06064-97d4-47de-aa64-c5b83e3df139'),
 ('6', 'Common', '2013-06-13 21:08:33', '2013-06-13 21:14:46', '21dd3d0f-35da-469d-bf3a-a8dff870d517'),
 ('7', 'Reference', '2013-06-14 05:02:22', '2013-06-14 05:05:49', '8c0e2b18-fe78-46f2-ade8-7671c9a8a8ed');
COMMIT;


--
-- Schema for table `craft_fieldlayoutfields`
--

DROP TABLE IF EXISTS `craft_fieldlayoutfields`;

CREATE TABLE `craft_fieldlayoutfields` (
  `id` int(11) NOT NULL AUTO_INCREMENT,
  `layoutId` int(11) NOT NULL,
  `tabId` int(11) DEFAULT NULL,
  `fieldId` int(11) NOT NULL,
  `required` tinyint(1) unsigned NOT NULL DEFAULT '0',
  `sortOrder` tinyint(4) DEFAULT NULL,
  `dateCreated` datetime NOT NULL,
  `dateUpdated` datetime NOT NULL,
  `uid` char(36) COLLATE utf8_unicode_ci NOT NULL DEFAULT '0',
  PRIMARY KEY (`id`),
  UNIQUE KEY `craft_fieldlayoutfields_layoutId_fieldId_unq_idx` (`layoutId`,`fieldId`),
  KEY `craft_fieldlayoutfields_sortOrder_idx` (`sortOrder`),
  KEY `craft_fieldlayoutfields_tabId_fk` (`tabId`),
  KEY `craft_fieldlayoutfields_fieldId_fk` (`fieldId`)
) ENGINE=InnoDB AUTO_INCREMENT=111 DEFAULT CHARSET=utf8 COLLATE=utf8_unicode_ci;

--
-- Data for table `craft_fieldlayoutfields`
--

BEGIN;
INSERT INTO `craft_fieldlayoutfields` (`id`, `layoutId`, `tabId`, `fieldId`, `required`, `sortOrder`, `dateCreated`, `dateUpdated`, `uid`) VALUES
 ('1', '1', NULL, '1', '0', '1', '2013-06-13 00:38:00', '2013-06-13 00:38:00', 'd2c336da-db7e-42ff-a3e5-b19e9bb03012'),
 ('2', '1', NULL, '2', '0', '2', '2013-06-13 00:38:00', '2013-06-13 00:38:00', 'df9c183c-be17-49b4-9d1a-e3b7751c66b4'),
 ('3', '2', '1', '2', '1', '1', '2013-06-13 00:38:00', '2013-06-13 00:38:00', 'cf9a142c-40ad-4bad-8f8a-302459eb7d24'),
 ('61', '15', NULL, '31', '0', '1', '2013-06-13 21:10:17', '2013-06-13 21:10:17', '32868d35-2c7e-4e48-837a-8dde465fa11b'),
 ('62', '17', NULL, '31', '0', '1', '2013-06-13 21:14:28', '2013-06-13 21:14:28', '196d39f3-d183-4d4b-8fe8-05fd5e41b839'),
 ('63', '19', NULL, '1', '1', '1', '2013-06-13 21:22:23', '2013-06-13 21:22:23', '7a2522b0-a98f-4af1-8b8e-910aad045b7a'),
 ('64', '19', NULL, '32', '1', '2', '2013-06-13 21:22:23', '2013-06-13 21:22:23', '97e6aa33-59ff-476d-8b06-c34d433355ac'),
 ('66', '21', NULL, '33', '0', '1', '2013-06-14 05:06:19', '2013-06-14 05:06:19', '65a0674a-722e-4e5f-b8cf-f2be1121acfa'),
 ('67', '21', NULL, '34', '0', '2', '2013-06-14 05:06:19', '2013-06-14 05:06:19', '7735126c-a827-495f-918f-927c0c5ed9d4'),
 ('68', '21', NULL, '35', '0', '3', '2013-06-14 05:06:19', '2013-06-14 05:06:19', '49b6d346-521f-474e-a20e-bbe8e1a83086'),
 ('69', '21', NULL, '36', '0', '4', '2013-06-14 05:06:19', '2013-06-14 05:06:19', 'fd85eee4-1a70-4684-b762-051b0c6dd7a0'),
 ('70', '22', NULL, '37', '0', '1', '2013-06-15 15:44:14', '2013-06-15 15:44:14', '84c0e348-4ba5-46a7-bafd-3ef08318e184'),
 ('71', '22', NULL, '38', '0', '2', '2013-06-15 15:44:14', '2013-06-15 15:44:14', '18209949-afbe-4b48-9440-e4fcb89a3957'),
 ('72', '22', NULL, '39', '0', '3', '2013-06-15 15:44:14', '2013-06-15 15:44:14', '3aed22ab-f3f5-4c64-8a75-3b49cd578961'),
 ('73', '23', '5', '13', '0', '1', '2013-06-17 01:47:54', '2013-06-17 01:47:54', '6b5373e5-c328-4955-ba0f-0c3fa2656f2b'),
 ('74', '23', '5', '40', '0', '2', '2013-06-17 01:47:54', '2013-06-17 01:47:54', 'b6b3c00a-a380-4d0b-aee7-923936ea3985'),
 ('87', '25', NULL, '21', '0', '1', '2013-06-26 20:01:29', '2013-06-26 20:01:29', '3d1eefc1-e5d7-46e3-abc9-c9ebc1f64e3c'),
 ('88', '25', NULL, '22', '0', '2', '2013-06-26 20:01:29', '2013-06-26 20:01:29', '2c1f7e84-e963-41ca-9b15-7cf598cf41df'),
 ('89', '25', NULL, '23', '0', '3', '2013-06-26 20:01:29', '2013-06-26 20:01:29', '70c80148-508b-4c55-bee7-5a976c63c8cf'),
 ('90', '25', NULL, '24', '0', '4', '2013-06-26 20:01:29', '2013-06-26 20:01:29', '83e51cae-0c93-4148-9dcf-d2d80b5ff794'),
 ('91', '25', NULL, '26', '0', '5', '2013-06-26 20:01:29', '2013-06-26 20:01:29', 'a1641cf8-faf8-44f1-a745-742a3ba46153'),
 ('92', '25', NULL, '25', '0', '6', '2013-06-26 20:01:29', '2013-06-26 20:01:29', '39846220-e4a7-4017-9ab4-6e0a9bf97321'),
 ('93', '25', NULL, '30', '0', '7', '2013-06-26 20:01:29', '2013-06-26 20:01:29', '8fa1e203-b1f8-49d8-8114-d43db374c158'),
 ('94', '25', NULL, '27', '0', '8', '2013-06-26 20:01:29', '2013-06-26 20:01:29', 'b5bc5b62-fac9-423a-8a13-8e4a560f489c'),
 ('95', '25', NULL, '28', '0', '9', '2013-06-26 20:01:29', '2013-06-26 20:01:29', 'c90c60dd-d061-4a84-a89b-18adf03c7d95'),
 ('96', '25', NULL, '42', '0', '10', '2013-06-26 20:01:29', '2013-06-26 20:01:29', 'ec77a1d7-6507-40e1-b8f4-52505650e47c'),
 ('97', '25', NULL, '29', '0', '11', '2013-06-26 20:01:29', '2013-06-26 20:01:29', 'd956743a-c14f-4da2-aa04-2d3de8578f6c'),
 ('98', '26', '7', '3', '1', '1', '2013-06-27 22:23:21', '2013-06-27 22:23:21', '7d5eadff-6d61-40b4-b393-b3929ee6810f'),
 ('99', '26', '7', '14', '1', '2', '2013-06-27 22:23:21', '2013-06-27 22:23:21', '5e704e94-71aa-45f0-9e7a-25cce7c774b6'),
 ('100', '26', '7', '6', '0', '3', '2013-06-27 22:23:21', '2013-06-27 22:23:21', '47ea59c1-8ef2-44f9-8094-7cab3e84db20'),
 ('101', '26', '7', '9', '0', '4', '2013-06-27 22:23:21', '2013-06-27 22:23:21', '076983e7-9ecb-42a0-91fd-85aaa559b832'),
 ('102', '26', '7', '7', '0', '5', '2013-06-27 22:23:21', '2013-06-27 22:23:21', 'a52b684d-b1a0-4d52-a37d-23e3e4ecffbc'),
 ('103', '26', '7', '8', '0', '6', '2013-06-27 22:23:21', '2013-06-27 22:23:21', 'fd83e88c-667c-4eb6-92ca-4e5c63244036'),
 ('104', '26', '7', '5', '0', '7', '2013-06-27 22:23:21', '2013-06-27 22:23:21', '39f82378-05ed-4b48-8e34-87576600bd66'),
 ('105', '26', '7', '11', '1', '8', '2013-06-27 22:23:21', '2013-06-27 22:23:21', '03d53432-675c-4ae3-99a4-961a3e9b770b'),
 ('106', '26', '7', '4', '0', '9', '2013-06-27 22:23:21', '2013-06-27 22:23:21', 'f04275ba-fa2a-4115-a5d8-9710a6ce3153'),
 ('107', '26', '7', '41', '0', '10', '2013-06-27 22:23:21', '2013-06-27 22:23:21', 'f9316fdc-b39a-43af-87a3-04140614fd79'),
 ('108', '26', '7', '10', '0', '11', '2013-06-27 22:23:21', '2013-06-27 22:23:21', '34bc26dd-215a-4652-9d96-b864ce072c6c'),
 ('109', '26', '7', '43', '0', '12', '2013-06-27 22:23:21', '2013-06-27 22:23:21', 'd0feeb62-ab0a-49a2-a5eb-3ae02c256872'),
 ('110', '26', '7', '12', '0', '13', '2013-06-27 22:23:21', '2013-06-27 22:23:21', 'd4bf1738-f7b0-431a-8be0-f86029477fd3');
COMMIT;


--
-- Schema for table `craft_fieldlayouts`
--

DROP TABLE IF EXISTS `craft_fieldlayouts`;

CREATE TABLE `craft_fieldlayouts` (
  `id` int(11) NOT NULL AUTO_INCREMENT,
  `type` char(150) COLLATE utf8_unicode_ci NOT NULL,
  `dateCreated` datetime NOT NULL,
  `dateUpdated` datetime NOT NULL,
  `uid` char(36) COLLATE utf8_unicode_ci NOT NULL DEFAULT '0',
  PRIMARY KEY (`id`),
  KEY `craft_fieldlayouts_type_idx` (`type`)
) ENGINE=InnoDB AUTO_INCREMENT=27 DEFAULT CHARSET=utf8 COLLATE=utf8_unicode_ci;

--
-- Data for table `craft_fieldlayouts`
--

BEGIN;
INSERT INTO `craft_fieldlayouts` (`id`, `type`, `dateCreated`, `dateUpdated`, `uid`) VALUES
 ('1', 'GlobalSet', '2013-06-13 00:38:00', '2013-06-13 00:38:00', '64add02a-8c2f-42c5-a8c8-c59951c82420'),
 ('2', 'Entry', '2013-06-13 00:38:00', '2013-06-13 00:38:00', '19d9d43e-7f14-44aa-8222-f73b2c026b70'),
 ('15', 'GlobalSet', '2013-06-13 21:10:17', '2013-06-13 21:10:17', 'affc2b44-f0ef-49c8-b44d-d5d294035ff4'),
 ('17', 'GlobalSet', '2013-06-13 21:14:28', '2013-06-13 21:14:28', '014410ae-2bae-432f-891b-bb72470e9a16'),
 ('19', 'GlobalSet', '2013-06-13 21:22:23', '2013-06-13 21:22:23', 'a2f6a236-62d5-4e77-a15a-4e2a1f449bd1'),
 ('21', 'Asset', '2013-06-14 05:06:19', '2013-06-14 05:06:19', '1bedea37-55c8-4ac4-bd88-a9ad889fda21'),
 ('22', 'GlobalSet', '2013-06-15 15:44:14', '2013-06-15 15:44:14', '6b8414ed-b40e-4793-ad36-6c6dd8aec5b9'),
 ('23', 'Entry', '2013-06-17 01:47:54', '2013-06-17 01:47:54', 'fb7d51fd-2118-4ae0-94f4-5308adcc2a84'),
 ('25', 'GlobalSet', '2013-06-26 20:01:29', '2013-06-26 20:01:29', '64a78418-7b22-49bd-a65c-a5c7bb56a83c'),
 ('26', 'Entry', '2013-06-27 22:23:21', '2013-06-27 22:23:21', '728954a8-a985-4b46-b627-08740e6b90e3');
COMMIT;


--
-- Schema for table `craft_fieldlayouttabs`
--

DROP TABLE IF EXISTS `craft_fieldlayouttabs`;

CREATE TABLE `craft_fieldlayouttabs` (
  `id` int(11) NOT NULL AUTO_INCREMENT,
  `layoutId` int(11) NOT NULL,
  `name` varchar(100) COLLATE utf8_unicode_ci DEFAULT NULL,
  `sortOrder` tinyint(4) DEFAULT NULL,
  `dateCreated` datetime NOT NULL,
  `dateUpdated` datetime NOT NULL,
  `uid` char(36) COLLATE utf8_unicode_ci NOT NULL DEFAULT '0',
  PRIMARY KEY (`id`),
  KEY `craft_fieldlayouttabs_sortOrder_idx` (`sortOrder`),
  KEY `craft_fieldlayouttabs_layoutId_fk` (`layoutId`)
) ENGINE=InnoDB AUTO_INCREMENT=8 DEFAULT CHARSET=utf8 COLLATE=utf8_unicode_ci;

--
-- Data for table `craft_fieldlayouttabs`
--

BEGIN;
INSERT INTO `craft_fieldlayouttabs` (`id`, `layoutId`, `name`, `sortOrder`, `dateCreated`, `dateUpdated`, `uid`) VALUES
 ('1', '2', 'Content', '1', '2013-06-13 00:38:00', '2013-06-13 00:38:00', '892edcb2-eb16-4c80-a1ed-e499ba1f9f18'),
 ('5', '23', 'Album', '1', '2013-06-17 01:47:54', '2013-06-17 01:47:54', 'fa952920-5ffd-44e7-80b3-24426f0d0f5d'),
 ('7', '26', 'Song', '1', '2013-06-27 22:23:21', '2013-06-27 22:23:21', 'f05c754f-677e-4d81-8981-6404225e38f1');
COMMIT;


--
-- Schema for table `craft_fields`
--

DROP TABLE IF EXISTS `craft_fields`;

CREATE TABLE `craft_fields` (
  `id` int(11) NOT NULL AUTO_INCREMENT,
  `groupId` int(11) DEFAULT NULL,
  `name` varchar(100) COLLATE utf8_unicode_ci NOT NULL,
  `handle` char(64) COLLATE utf8_unicode_ci NOT NULL,
  `instructions` text COLLATE utf8_unicode_ci,
  `translatable` tinyint(1) unsigned NOT NULL DEFAULT '0',
  `type` char(150) COLLATE utf8_unicode_ci NOT NULL,
  `settings` text COLLATE utf8_unicode_ci,
  `dateCreated` datetime NOT NULL,
  `dateUpdated` datetime NOT NULL,
  `uid` char(36) COLLATE utf8_unicode_ci NOT NULL DEFAULT '0',
  PRIMARY KEY (`id`),
  UNIQUE KEY `craft_fields_handle_unq_idx` (`handle`),
  KEY `craft_fields_groupId_fk` (`groupId`)
) ENGINE=InnoDB AUTO_INCREMENT=44 DEFAULT CHARSET=utf8 COLLATE=utf8_unicode_ci;

--
-- Data for table `craft_fields`
--

BEGIN;
INSERT INTO `craft_fields` (`id`, `groupId`, `name`, `handle`, `instructions`, `translatable`, `type`, `settings`, `dateCreated`, `dateUpdated`, `uid`) VALUES
 ('1', '6', 'Heading', 'heading', '', '0', 'PlainText', '{\"placeholder\":\"\",\"multiline\":\"\",\"initialRows\":\"4\"}', '2013-06-13 00:37:59', '2013-06-13 21:21:06', 'd3e08709-52d3-4e9d-adf3-e78b1925acd8'),
 ('2', '6', 'Body', 'body', '', '0', 'RichText', '{\"configFile\":\"Standard.json\",\"cleanupHtml\":\"1\"}', '2013-06-13 00:37:59', '2013-06-13 21:21:19', '61be3693-423d-4011-afb5-415f93a68e1e'),
 ('3', '2', 'Description', 'description', 'Description of the song.', '0', 'RichText', '{\"configFile\":\"\",\"cleanupHtml\":\"1\"}', '2013-06-13 20:04:25', '2013-06-29 20:40:29', 'c996360a-ae5e-4743-ad6f-3b6707101e86'),
 ('4', '2', 'Audio', 'audio', 'Song audio files (.mp3 .ogg)', '0', 'Assets', '{\"sources\":[\"folder:1\"],\"limit\":\"2\"}', '2013-06-13 20:05:42', '2013-06-19 01:16:39', 'cd2b69ad-c73b-47cf-bea9-c1f608e3212e'),
 ('5', '2', 'Artwork', 'artwork', 'The cover image(s) of the song.', '0', 'Assets', '{\"sources\":[\"folder:3\"],\"limit\":\"5\"}', '2013-06-13 20:07:17', '2013-06-17 01:46:20', '7d48020f-0aa8-4fc0-992d-c674fada9dba'),
 ('6', '2', 'Composer', 'composer', 'Composer of the song.', '0', 'PlainText', '{\"placeholder\":\"Hsin-Lei Chen\",\"multiline\":\"\",\"initialRows\":\"1\"}', '2013-06-13 20:14:40', '2013-06-13 20:43:53', 'c2156659-2f62-4923-a911-ab4acb660856'),
 ('7', '2', 'Instruments', 'instruments', 'The instruments used to perform the song.', '0', 'Table', '{\"columns\":{\"col1\":{\"heading\":\"Name\",\"handle\":\"name\",\"width\":\"\",\"type\":\"singleline\"}},\"defaults\":{\"row1\":{\"col1\":\"\"}}}', '2013-06-13 20:20:17', '2013-06-27 22:14:27', 'c1a13781-79ca-41c6-aa8b-560efba6557f'),
 ('8', '2', 'Duration', 'duration', 'The duration of the song in milliseconds.', '0', 'Number', '{\"min\":\"0\",\"max\":\"\",\"decimals\":\"\"}', '2013-06-13 20:20:36', '2013-06-13 20:45:06', '20d1f599-a7e9-4d30-be0d-943c4359b66b'),
 ('9', '2', 'Performer', 'performer', 'The performer(s) of the song.', '0', 'PlainText', '{\"placeholder\":\"\",\"multiline\":\"1\",\"initialRows\":\"1\"}', '2013-06-13 20:24:07', '2013-06-13 20:24:18', '52978727-6041-47cf-8bdd-fded5e8c8381'),
 ('10', '2', 'Video', 'video', 'The YouTube / Vimeo video ID of the song.', '0', 'PlainText', '{\"placeholder\":\"\",\"multiline\":\"\",\"initialRows\":\"4\"}', '2013-06-13 20:25:44', '2013-06-13 20:25:44', '1abff761-18db-4778-859c-831e65d3066f'),
 ('11', '2', 'Media Format', 'mediaFormat', 'The media format of the song, either audio or video.', '0', 'Dropdown', '{\"options\":[{\"label\":\"audio\",\"value\":\"audio\",\"default\":\"1\"},{\"label\":\"video\",\"value\":\"video\",\"default\":\"\"}]}', '2013-06-13 20:27:08', '2013-06-13 20:27:08', '9a282443-f63b-4bf5-863d-d082b268b3a3'),
 ('12', '2', 'Suggested Songs', 'suggestedSongs', 'Songs to suggest related to this song.', '0', 'Entries', '{\"sources\":[\"section:3\"],\"limit\":\"4\"}', '2013-06-13 20:32:01', '2013-06-13 20:32:01', '89fd3225-06d1-466f-aba5-4651d98a9357'),
 ('13', '3', 'Songs', 'songs', 'The songs of the album.', '0', 'Entries', '{\"sources\":[\"section:3\"],\"limit\":\"\"}', '2013-06-13 20:36:52', '2013-06-13 20:36:52', '09b8d312-721d-4563-b12f-d7cf410cd99c'),
 ('14', '2', 'Year', 'year', 'The year of the song.', '0', 'Number', '{\"min\":\"1980\",\"max\":\"2080\",\"decimals\":\"\"}', '2013-06-13 20:38:26', '2013-06-13 20:38:26', '2a7312df-89d7-4674-943a-0543728c9560'),
 ('21', '5', 'Email Heading', 'emailHeading', '', '0', 'PlainText', '{\"placeholder\":\"\",\"multiline\":\"\",\"initialRows\":\"4\"}', '2013-06-13 21:00:40', '2013-06-13 21:00:40', 'fc1d7681-8333-4270-89c2-52cf333ac44d'),
 ('22', '5', 'Email Address', 'emailAddress', '', '0', 'PlainText', '{\"placeholder\":\"\",\"multiline\":\"\",\"initialRows\":\"4\"}', '2013-06-13 21:00:56', '2013-06-26 19:59:30', 'c1e9bd3f-8d78-4759-a7d1-779517821673'),
 ('23', '5', 'Social Heading', 'socialHeading', '', '0', 'PlainText', '{\"placeholder\":\"\",\"multiline\":\"\",\"initialRows\":\"4\"}', '2013-06-13 21:01:16', '2013-06-13 21:01:16', '27ce8b6e-9fed-48ce-a581-aed6e17e1c57'),
 ('24', '5', 'Facebook Url', 'facebookUrl', '', '0', 'PlainText', '{\"placeholder\":\"\",\"multiline\":\"\",\"initialRows\":\"4\"}', '2013-06-13 21:01:38', '2013-06-13 21:01:38', 'e44bd1ce-ea90-4d85-a1f1-218a562a049b'),
 ('25', '5', 'Twitter Url', 'twitterUrl', '', '0', 'PlainText', '{\"placeholder\":\"\",\"multiline\":\"\",\"initialRows\":\"4\"}', '2013-06-13 21:01:45', '2013-06-13 21:01:45', '550b87f5-7321-445c-894c-d38c622002c5'),
 ('26', '5', 'Google Plus Url', 'googlePlusUrl', '', '0', 'PlainText', '{\"placeholder\":\"\",\"multiline\":\"\",\"initialRows\":\"4\"}', '2013-06-13 21:02:00', '2013-06-13 21:02:00', '13f73071-f0c1-4f76-9b97-05b739c50170'),
 ('27', '5', 'From Name', 'fromName', '', '0', 'PlainText', '{\"placeholder\":\"Your Name\",\"multiline\":\"\",\"initialRows\":\"4\"}', '2013-06-13 21:02:32', '2013-06-26 20:00:55', '562df15a-0374-4567-8bc0-fa6968e8714c'),
 ('28', '5', 'From Email', 'fromEmail', '', '0', 'PlainText', '{\"placeholder\":\"Your Email\",\"multiline\":\"\",\"initialRows\":\"4\"}', '2013-06-13 21:02:40', '2013-06-26 20:00:50', 'b12d5f99-588e-4cb5-a4e4-0833656b8d64'),
 ('29', '5', 'Message', 'message', '', '0', 'PlainText', '{\"placeholder\":\"Message\",\"multiline\":\"\",\"initialRows\":\"4\"}', '2013-06-13 21:02:52', '2013-06-26 20:00:42', '0863a8cd-041d-487e-b89d-c974d5e2a876'),
 ('30', '5', 'Message Form Heading', 'messageFormHeading', '', '0', 'PlainText', '{\"placeholder\":\"\",\"multiline\":\"\",\"initialRows\":\"4\"}', '2013-06-13 21:04:02', '2013-06-13 21:04:02', 'e5eac2bf-6f30-4989-804c-521533dc6c9c'),
 ('31', '6', 'Event-List', 'eventList', '', '0', 'Table', '{\"columns\":{\"col1\":{\"heading\":\"Title\",\"handle\":\"title\",\"width\":\"\",\"type\":\"singleline\"},\"col2\":{\"heading\":\"Year\",\"handle\":\"year\",\"width\":\"\",\"type\":\"singleline\"},\"col3\":{\"heading\":\"Url\",\"handle\":\"url\",\"width\":\"\",\"type\":\"singleline\"}},\"defaults\":{\"row1\":{\"col1\":\"\",\"col2\":\"\",\"col3\":\"\"}}}', '2013-06-13 21:09:45', '2013-06-13 21:15:21', '9eadd266-2644-46b2-8f80-e99540833a06'),
 ('32', '6', 'Sub-Heading', 'subHeading', '', '0', 'PlainText', '{\"placeholder\":\"\",\"multiline\":\"\",\"initialRows\":\"4\"}', '2013-06-13 21:21:53', '2013-06-13 21:21:53', '14ea4159-dce8-42d0-b78d-6da09e291cf7'),
 ('33', '7', 'Author Name', 'authorName', '', '0', 'PlainText', '{\"placeholder\":\"\",\"multiline\":\"\",\"initialRows\":\"4\"}', '2013-06-14 05:03:40', '2013-06-14 05:03:40', '50bc3856-5139-4efe-9048-190a3359bc40'),
 ('34', '7', 'Author Url', 'authorUrl', '', '0', 'PlainText', '{\"placeholder\":\"\",\"multiline\":\"\",\"initialRows\":\"4\"}', '2013-06-14 05:03:55', '2013-06-14 05:03:55', '84b18404-4802-47ac-9d01-f9b6adc94e4d'),
 ('35', '7', 'Work Title', 'workTitle', '', '0', 'PlainText', '{\"placeholder\":\"\",\"multiline\":\"\",\"initialRows\":\"4\"}', '2013-06-14 05:04:06', '2013-06-14 05:04:06', 'ff8a42be-f138-4253-bf65-a226e150b493'),
 ('36', '7', 'Work Url', 'workUrl', '', '0', 'PlainText', '{\"placeholder\":\"\",\"multiline\":\"\",\"initialRows\":\"4\"}', '2013-06-14 05:04:18', '2013-06-14 05:04:18', 'f7feb6f5-2e70-46cc-b154-50a9320afa73'),
 ('37', '4', 'Brief', 'brief', 'A brief introduction of Hsin-Lei Chen.', '0', 'PlainText', '{\"placeholder\":\"\",\"multiline\":\"1\",\"initialRows\":\"10\"}', '2013-06-15 15:42:51', '2013-06-15 15:45:05', 'b8ea820c-b0d7-4e8d-91b0-9ace1d62ca40'),
 ('38', '4', 'Career', 'career', 'The career experience of Hsin-Lei Chen.', '0', 'PlainText', '{\"placeholder\":\"\",\"multiline\":\"1\",\"initialRows\":\"10\"}', '2013-06-15 15:43:31', '2013-06-15 15:45:10', 'c72d8dc4-cf03-40ec-b045-7be181d71202'),
 ('39', '4', 'Press', 'press', 'The press quote for Hsin-Lei Chen.', '0', 'PlainText', '{\"placeholder\":\"\",\"multiline\":\"1\",\"initialRows\":\"10\"}', '2013-06-15 15:43:50', '2013-06-15 15:45:16', '4e909ea4-47d2-4443-9bda-a9d14618bfe0'),
 ('40', '3', 'Cover', 'cover', 'The cover image of the album.', '0', 'Assets', '{\"sources\":[\"folder:4\"],\"limit\":\"1\"}', '2013-06-17 01:44:06', '2013-06-17 02:11:43', 'c2ad14fa-eedf-44d9-8f14-f08c670cd809'),
 ('41', '2', 'Waveform Data', 'waveformData', 'The waveform data file.', '0', 'Assets', '{\"sources\":[\"folder:2\"],\"limit\":\"1\"}', '2013-06-19 01:14:53', '2013-06-19 01:14:53', '1c9c22c7-3481-4ca7-b3a3-a986b30017cc'),
 ('42', '5', 'Subject', 'subject', '', '0', 'PlainText', '{\"placeholder\":\"Subject\",\"multiline\":\"\",\"initialRows\":\"4\"}', '2013-06-26 20:00:28', '2013-06-26 20:00:28', '49eb9604-0242-4c83-b18d-647b9383aabc'),
 ('43', '2', 'Allow Download', 'allowDownload', '', '0', 'Dropdown', '{\"options\":[{\"label\":\"No\",\"value\":\"n\",\"default\":\"1\"},{\"label\":\"Yes\",\"value\":\"y\",\"default\":\"\"}]}', '2013-06-27 22:22:50', '2013-06-27 22:36:07', '314264a5-1bd1-4cb8-8b63-b5fe1eb3c1b1');
COMMIT;


--
-- Schema for table `craft_globalsets`
--

DROP TABLE IF EXISTS `craft_globalsets`;

CREATE TABLE `craft_globalsets` (
  `id` int(11) NOT NULL,
  `name` varchar(100) COLLATE utf8_unicode_ci NOT NULL,
  `handle` char(45) COLLATE utf8_unicode_ci NOT NULL,
  `fieldLayoutId` int(10) DEFAULT NULL,
  `dateCreated` datetime NOT NULL,
  `dateUpdated` datetime NOT NULL,
  `uid` char(36) COLLATE utf8_unicode_ci NOT NULL DEFAULT '0',
  PRIMARY KEY (`id`),
  UNIQUE KEY `craft_globalsets_name_unq_idx` (`name`),
  UNIQUE KEY `craft_globalsets_handle_unq_idx` (`handle`),
  KEY `craft_globalsets_fieldLayoutId_fk` (`fieldLayoutId`)
) ENGINE=InnoDB DEFAULT CHARSET=utf8 COLLATE=utf8_unicode_ci;

--
-- Data for table `craft_globalsets`
--

BEGIN;
INSERT INTO `craft_globalsets` (`id`, `name`, `handle`, `fieldLayoutId`, `dateCreated`, `dateUpdated`, `uid`) VALUES
 ('6', 'Biography', 'biography', '22', '2013-06-13 20:48:27', '2013-06-15 15:44:14', '03f87cd4-dc61-408b-99b9-436dc4634d5d'),
 ('7', 'Contact', 'contact', '25', '2013-06-13 21:03:12', '2013-06-26 20:01:29', '9f0f78fd-c443-49d8-a77a-8cc94d7c061a'),
 ('8', 'Awards', 'awards', '15', '2013-06-13 21:08:19', '2013-06-13 21:10:17', '2001a20b-d644-4223-a4c2-4f18d95f75d8'),
 ('10', 'Home', 'home', '19', '2013-06-13 21:22:12', '2013-06-13 21:22:23', '99350073-9754-4343-bec2-20fb0d339693');
COMMIT;


--
-- Schema for table `craft_info`
--

DROP TABLE IF EXISTS `craft_info`;

CREATE TABLE `craft_info` (
  `id` int(11) NOT NULL AUTO_INCREMENT,
  `version` char(15) COLLATE utf8_unicode_ci NOT NULL,
  `build` int(11) unsigned NOT NULL,
  `packages` varchar(200) COLLATE utf8_unicode_ci DEFAULT NULL,
  `releaseDate` datetime NOT NULL,
  `siteName` varchar(100) COLLATE utf8_unicode_ci NOT NULL,
  `siteUrl` varchar(255) COLLATE utf8_unicode_ci NOT NULL,
  `timezone` varchar(30) COLLATE utf8_unicode_ci DEFAULT NULL,
  `on` tinyint(1) unsigned NOT NULL DEFAULT '0',
  `maintenance` tinyint(1) unsigned NOT NULL DEFAULT '0',
  `track` varchar(40) COLLATE utf8_unicode_ci NOT NULL,
  `dateCreated` datetime NOT NULL,
  `dateUpdated` datetime NOT NULL,
  `uid` char(36) COLLATE utf8_unicode_ci NOT NULL DEFAULT '0',
  PRIMARY KEY (`id`)
) ENGINE=InnoDB AUTO_INCREMENT=2 DEFAULT CHARSET=utf8 COLLATE=utf8_unicode_ci;

--
-- Data for table `craft_info`
--

BEGIN;
INSERT INTO `craft_info` (`id`, `version`, `build`, `packages`, `releaseDate`, `siteName`, `siteUrl`, `timezone`, `on`, `maintenance`, `track`, `dateCreated`, `dateUpdated`, `uid`) VALUES
 ('1', '1.0', '2278', 'PublishPro', '2013-06-25 00:47:41', 'Hsin-Lei Chen', 'http://', 'UTC', '1', '0', 'stable', '2013-06-13 00:37:55', '2013-06-26 19:35:15', 'fc75fae5-406f-4d67-8ac4-295e67867be8');
COMMIT;


--
-- Schema for table `craft_locales`
--

DROP TABLE IF EXISTS `craft_locales`;

CREATE TABLE `craft_locales` (
  `locale` char(12) COLLATE utf8_unicode_ci NOT NULL,
  `sortOrder` tinyint(4) DEFAULT NULL,
  `dateCreated` datetime NOT NULL,
  `dateUpdated` datetime NOT NULL,
  `uid` char(36) COLLATE utf8_unicode_ci NOT NULL DEFAULT '0',
  PRIMARY KEY (`locale`)
) ENGINE=InnoDB DEFAULT CHARSET=utf8 COLLATE=utf8_unicode_ci;

--
-- Data for table `craft_locales`
--

BEGIN;
INSERT INTO `craft_locales` (`locale`, `sortOrder`, `dateCreated`, `dateUpdated`, `uid`) VALUES
 ('en_us', '1', '2013-06-13 00:37:57', '2013-06-13 00:37:57', '94e81c1b-1b8a-42f3-96bd-f56a16c30ceb');
COMMIT;


--
-- Schema for table `craft_migrations`
--

DROP TABLE IF EXISTS `craft_migrations`;

CREATE TABLE `craft_migrations` (
  `id` int(11) NOT NULL AUTO_INCREMENT,
  `pluginId` int(11) DEFAULT NULL,
  `version` varchar(255) COLLATE utf8_unicode_ci NOT NULL,
  `applyTime` datetime NOT NULL,
  `dateCreated` datetime NOT NULL,
  `dateUpdated` datetime NOT NULL,
  `uid` char(36) COLLATE utf8_unicode_ci NOT NULL DEFAULT '0',
  PRIMARY KEY (`id`),
  UNIQUE KEY `craft_migrations_version_unq_idx` (`version`),
  KEY `craft_migrations_pluginId_fk` (`pluginId`)
) ENGINE=InnoDB AUTO_INCREMENT=3 DEFAULT CHARSET=utf8 COLLATE=utf8_unicode_ci;

--
-- Data for table `craft_migrations`
--

BEGIN;
INSERT INTO `craft_migrations` (`id`, `pluginId`, `version`, `applyTime`, `dateCreated`, `dateUpdated`, `uid`) VALUES
 ('1', NULL, 'm000000_000000_base', '2013-06-13 00:37:56', '2013-06-13 00:37:56', '2013-06-13 00:37:56', '3c74f1ec-a9e8-4d04-a7a4-c7d044afaba4'),
 ('2', NULL, 'm130613_000000_add_cascade_delete_to_relations', '2013-06-18 18:58:01', '2013-06-18 18:58:01', '2013-06-18 18:58:01', 'ec99a86c-c28c-4d6e-89fb-b986ca5739a1');
COMMIT;


--
-- Schema for table `craft_plugins`
--

DROP TABLE IF EXISTS `craft_plugins`;

CREATE TABLE `craft_plugins` (
  `id` int(11) NOT NULL AUTO_INCREMENT,
  `class` char(150) COLLATE utf8_unicode_ci NOT NULL,
  `version` char(15) COLLATE utf8_unicode_ci NOT NULL,
  `enabled` tinyint(1) unsigned NOT NULL DEFAULT '0',
  `settings` text COLLATE utf8_unicode_ci,
  `installDate` datetime NOT NULL,
  `dateCreated` datetime NOT NULL,
  `dateUpdated` datetime NOT NULL,
  `uid` char(36) COLLATE utf8_unicode_ci NOT NULL DEFAULT '0',
  PRIMARY KEY (`id`)
) ENGINE=InnoDB DEFAULT CHARSET=utf8 COLLATE=utf8_unicode_ci;

--
-- Schema for table `craft_rackspaceaccess`
--

DROP TABLE IF EXISTS `craft_rackspaceaccess`;

CREATE TABLE `craft_rackspaceaccess` (
  `id` int(11) NOT NULL AUTO_INCREMENT,
  `connectionKey` varchar(255) COLLATE utf8_unicode_ci NOT NULL,
  `token` varchar(255) COLLATE utf8_unicode_ci NOT NULL,
  `storageUrl` varchar(255) COLLATE utf8_unicode_ci NOT NULL,
  `cdnUrl` varchar(255) COLLATE utf8_unicode_ci NOT NULL,
  `dateCreated` datetime NOT NULL,
  `dateUpdated` datetime NOT NULL,
  `uid` char(36) COLLATE utf8_unicode_ci NOT NULL DEFAULT '0',
  PRIMARY KEY (`id`),
  UNIQUE KEY `craft_rackspaceaccess_connectionKey_unq_idx` (`connectionKey`)
) ENGINE=InnoDB DEFAULT CHARSET=utf8 COLLATE=utf8_unicode_ci;

--
-- Schema for table `craft_relations`
--

DROP TABLE IF EXISTS `craft_relations`;

CREATE TABLE `craft_relations` (
  `id` int(11) NOT NULL AUTO_INCREMENT,
  `fieldId` int(11) NOT NULL,
  `parentId` int(11) NOT NULL,
  `childId` int(11) NOT NULL,
  `sortOrder` tinyint(4) DEFAULT NULL,
  `dateCreated` datetime NOT NULL,
  `dateUpdated` datetime NOT NULL,
  `uid` char(36) COLLATE utf8_unicode_ci NOT NULL DEFAULT '0',
  PRIMARY KEY (`id`),
  UNIQUE KEY `craft_relations_fieldId_parentId_childId_unq_idx` (`fieldId`,`parentId`,`childId`),
  KEY `craft_relations_parentId_fk` (`parentId`),
  KEY `craft_relations_childId_fk` (`childId`)
) ENGINE=InnoDB AUTO_INCREMENT=120 DEFAULT CHARSET=utf8 COLLATE=utf8_unicode_ci;

--
-- Data for table `craft_relations`
--

BEGIN;
INSERT INTO `craft_relations` (`id`, `fieldId`, `parentId`, `childId`, `sortOrder`, `dateCreated`, `dateUpdated`, `uid`) VALUES
 ('45', '4', '26', '28', '1', '2013-06-20 03:51:43', '2013-06-20 03:51:43', '20e0bc75-dc50-47dd-bad9-b4004e92022b'),
 ('46', '4', '26', '27', '2', '2013-06-20 03:51:43', '2013-06-20 03:51:43', '83acbf45-24aa-4f02-8f49-6a5ccc317e47'),
 ('47', '12', '26', '17', '1', '2013-06-20 03:51:43', '2013-06-20 03:51:43', '9f76e5f3-f34a-4f5e-9c69-347fd717cf30'),
 ('48', '12', '26', '4', '2', '2013-06-20 03:51:43', '2013-06-20 03:51:43', '82f40704-064f-41d8-9846-7a95ec6230c6'),
 ('84', '5', '4', '13', '1', '2013-06-27 22:36:19', '2013-06-27 22:36:19', '6f978be0-77f0-46f5-907f-6ffb6150be00'),
 ('85', '5', '4', '24', '2', '2013-06-27 22:36:19', '2013-06-27 22:36:19', '1f3b31bc-6e61-435c-97ca-4f81d22ff005'),
 ('86', '5', '4', '23', '3', '2013-06-27 22:36:19', '2013-06-27 22:36:19', 'f9c06f70-2d09-4ed8-843c-9e3929bb6376'),
 ('87', '4', '4', '22', '1', '2013-06-27 22:36:19', '2013-06-27 22:36:19', '77bb82ab-3691-447d-8eaa-8c5a5e6673da'),
 ('88', '4', '4', '25', '2', '2013-06-27 22:36:19', '2013-06-27 22:36:19', '38bb2116-ac36-483b-a06c-7e6d59d65e20'),
 ('107', '5', '17', '21', '1', '2013-06-29 20:41:10', '2013-06-29 20:41:10', 'bd27e071-92ae-435b-bdaa-4535f90dad30'),
 ('108', '5', '17', '16', '2', '2013-06-29 20:41:10', '2013-06-29 20:41:10', 'f42cafb6-9e70-4793-b238-d7687dfbe738'),
 ('109', '4', '17', '19', '1', '2013-06-29 20:41:10', '2013-06-29 20:41:10', '1537dbc0-ce91-42cc-8763-fb08b1c78313'),
 ('110', '4', '17', '20', '2', '2013-06-29 20:41:10', '2013-06-29 20:41:10', '3fafa7e1-5489-4e67-83e1-269ffe5487f4'),
 ('111', '12', '17', '26', '1', '2013-06-29 20:41:10', '2013-06-29 20:41:10', 'f0e67caf-cbfa-4cb0-8a7e-b43a9bc98b74'),
 ('112', '12', '17', '4', '2', '2013-06-29 20:41:10', '2013-06-29 20:41:10', '02baf362-5641-496d-be08-b4ce85110080'),
 ('113', '40', '14', '29', '1', '2013-06-29 22:16:32', '2013-06-29 22:16:32', '98940146-bfc3-4ea2-9553-0bfe3762c0c0'),
 ('114', '13', '14', '4', '1', '2013-06-29 22:16:32', '2013-06-29 22:16:32', 'c649e28a-4723-49cc-ae5b-8be4e918b4f3'),
 ('115', '13', '14', '26', '2', '2013-06-29 22:16:32', '2013-06-29 22:16:32', 'cc450f0e-71ed-445f-bc38-1fea41745eea'),
 ('118', '40', '5', '30', '1', '2013-06-29 22:21:41', '2013-06-29 22:21:41', '79db85db-86e5-4f68-a27f-151a350093a5'),
 ('119', '13', '5', '17', '1', '2013-06-29 22:21:41', '2013-06-29 22:21:41', '11d41868-cba4-4d36-93d3-90ce93ac97ad');
COMMIT;


--
-- Schema for table `craft_routes`
--

DROP TABLE IF EXISTS `craft_routes`;

CREATE TABLE `craft_routes` (
  `id` int(11) NOT NULL AUTO_INCREMENT,
  `urlParts` varchar(255) COLLATE utf8_unicode_ci NOT NULL,
  `urlPattern` varchar(255) COLLATE utf8_unicode_ci NOT NULL,
  `template` varchar(255) COLLATE utf8_unicode_ci NOT NULL,
  `sortOrder` tinyint(4) DEFAULT NULL,
  `dateCreated` datetime NOT NULL,
  `dateUpdated` datetime NOT NULL,
  `uid` char(36) COLLATE utf8_unicode_ci NOT NULL DEFAULT '0',
  PRIMARY KEY (`id`),
  UNIQUE KEY `craft_routes_urlPattern_unq_idx` (`urlPattern`)
) ENGINE=InnoDB AUTO_INCREMENT=6 DEFAULT CHARSET=utf8 COLLATE=utf8_unicode_ci;

--
-- Data for table `craft_routes`
--

BEGIN;
INSERT INTO `craft_routes` (`id`, `urlParts`, `urlPattern`, `template`, `sortOrder`, `dateCreated`, `dateUpdated`, `uid`) VALUES
 ('1', '[\"home\"]', 'home', '_includes/home', '1', '2013-06-16 15:29:22', '2013-06-16 15:31:33', 'b480119f-874b-4a24-9ed1-75b01e67ab79'),
 ('2', '[\"biography\"]', 'biography', '_includes/biography', '2', '2013-06-16 15:32:33', '2013-06-16 15:32:33', 'cae5d61d-d6a5-495f-bb87-35ff723e3af9'),
 ('3', '[\"awards\"]', 'awards', '_includes/awards', '3', '2013-06-16 15:32:44', '2013-06-16 15:32:44', '796db817-5390-4e7f-a829-0ab4f5d9a184'),
 ('4', '[\"contact\"]', 'contact', '_includes/contact', '4', '2013-06-16 15:32:54', '2013-06-16 15:32:54', 'ecd36a1c-b329-480d-878c-af7ba18262d1'),
 ('5', '[\"detail\"]', 'detail', '_includes/detail', '5', '2013-06-27 21:18:23', '2013-06-27 21:18:23', 'ef23e405-0f27-4dd5-afba-50e82a7508ad');
COMMIT;


--
-- Schema for table `craft_searchindex`
--

DROP TABLE IF EXISTS `craft_searchindex`;

CREATE TABLE `craft_searchindex` (
  `elementId` int(11) NOT NULL,
  `attribute` varchar(25) COLLATE utf8_unicode_ci NOT NULL,
  `fieldId` int(11) NOT NULL,
  `locale` char(12) COLLATE utf8_unicode_ci NOT NULL,
  `keywords` text COLLATE utf8_unicode_ci NOT NULL,
  PRIMARY KEY (`elementId`,`attribute`,`fieldId`,`locale`),
  FULLTEXT KEY `craft_searchindex_keywords_idx` (`keywords`)
) ENGINE=MyISAM DEFAULT CHARSET=utf8 COLLATE=utf8_unicode_ci;

--
-- Data for table `craft_searchindex`
--

BEGIN;
INSERT INTO `craft_searchindex` (`elementId`, `attribute`, `fieldId`, `locale`, `keywords`) VALUES
 ('1', 'username', '0', 'en_us', ' joeonmars '),
 ('1', 'email', '0', 'en_us', ' joe joeonmars com '),
 ('2', 'field', '2', 'en_us', ' it s true this site doesn t have a whole lot of content yet but don t worry our web developers have just installed the cms and they re setting things up for the content editors this very moment soon hlc portfolio dev will be an oasis of fresh perspectives sharp analyses and astute opinions that will keep you coming back again and again '),
 ('2', 'field', '1', 'en_us', ' welcome to hlc portfolio dev '),
 ('3', 'title', '0', 'en_us', ' we just installed craft '),
 ('3', 'slug', '0', 'en_us', ' we just installed craft '),
 ('3', 'field', '2', 'en_us', ' craft is the cms that s powering hlc portfolio dev it s beautiful powerful flexible and easy to use and it s made by pixel tonic we can t wait to dive in and see what it s capable of this is even more captivating content which you couldn t see on the news index page because it was entered after a page break and the news index template only likes to show the content on the first page craft a nice alternative to word if you re making a website '),
 ('4', 'title', '0', 'en_us', ' the school of artist '),
 ('4', 'slug', '0', 'en_us', ' the school of artist '),
 ('4', 'field', '3', 'en_us', ' this is the song description '),
 ('4', 'field', '11', 'en_us', ' audio '),
 ('4', 'field', '14', 'en_us', ' 1999 '),
 ('5', 'title', '0', 'en_us', ' album 1 '),
 ('5', 'slug', '0', 'en_us', ' album 1 '),
 ('5', 'field', '13', 'en_us', ' 17 1 0 en_us 2013 06 17 2013 06 29 3 1 the spinning song the spinning song 2013 06 17 '),
 ('6', 'field', '15', 'en_us', ' brief lorem ipsum dolor sit amet consectetur adipiscing elit morbi commodo arcu at lorem fermentum imperdiet vivamus vel porttitor enim sed viverra turpis aliquam vestibulum elementum volutpat curabitur varius pretium magna sit amet molestie nunc lobortis adipiscing arcu sed fermentum velit elementum nec ut condimentum vulputate varius donec mattis enim a ullamcorper tincidunt neque nunc ultrices erat vel sagittis ligula nibh eget mauris brief lorem ipsum dolor sit amet consectetur adipiscing elit morbi commodo arcu at lorem fermentum imperdiet vivamus vel porttitor enim sed viverra turpis aliquam vestibulum elementum volutpat curabitur varius pretium magna sit amet molestie nunc lobortis adipiscing arcu sed fermentum velit elementum nec ut condimentum vulputate varius donec mattis enim a ullamcorper tincidunt neque nunc ultrices erat vel sagittis ligula nibh eget mauris career vivamus augue mauris dignissim id ultrices nec consectetur ut nisi fusce iaculis erat eget pellentesque rutrum sem enim pretium nisl quis consectetur ante nulla lobortis eros suspendisse hendrerit consectetur lacinia phasellus luctus massa eget pulvinar vestibulum ut et lectus et nibh sagittis ornare eu vel urna aenean ullamcorper dui id elementum luctus mauris porta ante dolor a rhoncus diam vestibulum et sed volutpat quam id vulputate ultrices phasellus nec eleifend lorem nunc vestibulum sodales leo pellentesque eleifend felis massa pellentesque auctor vestibulum quam quis malesuada eros vestibulum id praesent convallis rhoncus pulvinar sed bibendum nec orci sed posuere aliquam eu suscipit nisi proin tristique nibh vitae lobortis tincidunt career vivamus augue mauris dignissim id ultrices nec consectetur ut nisi fusce iaculis erat eget pellentesque rutrum sem enim pretium nisl quis consectetur ante nulla lobortis eros suspendisse hendrerit consectetur lacinia phasellus luctus massa eget pulvinar vestibulum ut et lectus et nibh sagittis ornare eu vel urna aenean ullamcorper dui id elementum luctus mauris porta ante dolor a rhoncus diam vestibulum et sed volutpat quam id vulputate ultrices phasellus nec eleifend lorem nunc vestibulum sodales leo pellentesque eleifend felis massa pellentesque auctor vestibulum quam quis malesuada eros vestibulum id praesent convallis rhoncus pulvinar sed bibendum nec orci sed posuere aliquam eu suscipit nisi proin tristique nibh vitae lobortis tincidunt press the other premiere played by all four musicians was contemporary composer chen hsin lei s by the light of nature a musical realization of the concept of nothingness or blankness described in the notes as one of the spiritual cores of chinese art to give you a partial idea of that concept imagine something that is hidden from you like a village that you can t see because there s a mountain in front of it this most impressive work included some apparently pre recorded digital sounds press the other premiere played by all four musicians was contemporary composer chen hsin lei s by the light of nature a musical realization of the concept of nothingness or blankness described in the notes as one of the spiritual cores of chinese art to give you a partial idea of that concept imagine something that is hidden from you like a village that you can t see because there s a mountain in front of it this most impressive work included some apparently pre recorded digital sounds '),
 ('6', 'field', '18', 'en_us', ' brief '),
 ('6', 'field', '17', 'en_us', ' some text about education '),
 ('6', 'field', '19', 'en_us', ' education '),
 ('6', 'field', '16', 'en_us', ' some text about career '),
 ('6', 'field', '20', 'en_us', ' career '),
 ('8', 'field', '31', 'en_us', ' council doe cultural creative industry project award 2010 http www google com council doe cultural creative industry project award 2010 http www google com college conservatory of music university of cincinnati orchestral work competition 2007 college conservatory of music university of cincinnati orchestral work competition 2007 erm media s next master work award 2006 erm media s next master work award 2006 formosa composition competition third place and audience special award 2004 formosa composition competition third place and audience special award 2004 '),
 ('10', 'field', '1', 'en_us', ' hsin lei chen '),
 ('10', 'field', '32', 'en_us', ' composer '),
 ('11', 'filename', '0', 'en_us', ' buffering indicator png '),
 ('11', 'extension', '0', 'en_us', ' png '),
 ('11', 'kind', '0', 'en_us', ' image '),
 ('12', 'filename', '0', 'en_us', ' bookshelf jpg '),
 ('12', 'extension', '0', 'en_us', ' jpg '),
 ('12', 'kind', '0', 'en_us', ' image '),
 ('13', 'filename', '0', 'en_us', ' album background example 1 jpg '),
 ('13', 'extension', '0', 'en_us', ' jpg '),
 ('13', 'kind', '0', 'en_us', ' image '),
 ('13', 'field', '33', 'en_us', ' unknown author '),
 ('13', 'field', '34', 'en_us', ' http www google com '),
 ('13', 'field', '35', 'en_us', ' unknown work title '),
 ('13', 'field', '36', 'en_us', ' http www sina com cn '),
 ('4', 'field', '5', 'en_us', ' 13 1 0 2013 06 14 2013 06 14 3 3 album background example 1 jpg image 2048 1368 984681 2013 06 14 24 1 0 2013 06 19 2013 06 19 3 3 black_and_white_mountain_landscape jpg image 1920 1080 661051 2013 06 19 23 1 0 2013 06 19 2013 06 19 3 3 black white piano organ jpg image 1024 819 334023 2013 06 19 '),
 ('14', 'title', '0', 'en_us', ' album 2 '),
 ('14', 'slug', '0', 'en_us', ' album 2 '),
 ('14', 'field', '13', 'en_us', ' 4 1 0 en_us 2013 06 13 2013 06 27 3 1 the school of artist the school of artist 2013 06 13 26 1 0 en_us 2013 06 20 2013 06 20 3 1 in the darkest night we sing in the darkest night we sing 2013 06 20 '),
 ('6', 'field', '37', 'en_us', ' lorem ipsum dolor sit amet consectetur adipiscing elit morbi commodo arcu at lorem fermentum imperdiet vivamus vel porttitor enim sed viverra turpis aliquam vestibulum elementum volutpat curabitur varius pretium magna sit amet molestie nunc lobortis adipiscing arcu sed fermentum velit elementum nec ut condimentum vulputate varius donec mattis enim a ullamcorper tincidunt neque nunc ultrices erat vel sagittis ligula nibh eget mauris '),
 ('6', 'field', '38', 'en_us', ' vivamus augue mauris dignissim id ultrices nec consectetur ut nisi fusce iaculis erat eget pellentesque rutrum sem enim pretium nisl quis consectetur ante nulla lobortis eros suspendisse hendrerit consectetur lacinia phasellus luctus massa eget pulvinar vestibulum ut et lectus et nibh sagittis ornare eu vel urna aenean ullamcorper dui id elementum luctus mauris porta ante dolor a rhoncus diam vestibulum et sed volutpat quam id vulputate ultrices phasellus nec eleifend lorem nunc vestibulum sodales leo pellentesque eleifend felis massa pellentesque auctor vestibulum quam quis malesuada eros vestibulum id praesent convallis rhoncus pulvinar sed bibendum nec orci sed posuere aliquam eu suscipit nisi proin tristique nibh vitae lobortis tincidunt '),
 ('6', 'field', '39', 'en_us', ' the other premiere played by all four musicians was contemporary composer chen hsin lei s by the light of nature a musical realization of the concept of nothingness or blankness described in the notes as one of the spiritual cores of chinese art to give you a partial idea of that concept imagine something that is hidden from you like a village that you can t see because there s a mountain in front of it this most impressive work included some apparently pre recorded digital sounds '),
 ('7', 'field', '22', 'en_us', ' admin hsinleichen com '),
 ('7', 'field', '21', 'en_us', ' e mail '),
 ('7', 'field', '24', 'en_us', ' http www facebook com '),
 ('7', 'field', '26', 'en_us', ' http www google com plus '),
 ('7', 'field', '29', 'en_us', ' please write down your message '),
 ('7', 'field', '27', 'en_us', ' your name '),
 ('7', 'field', '30', 'en_us', ' leave your message '),
 ('7', 'field', '28', 'en_us', ' your email '),
 ('7', 'field', '23', 'en_us', ' social network '),
 ('7', 'field', '25', 'en_us', ' http www twitter com '),
 ('14', 'field', '40', 'en_us', ' 29 1 0 2013 06 29 2013 06 29 4 4 album 2 cover jpg image 390 130 33395 2013 06 29 '),
 ('5', 'field', '40', 'en_us', ' 30 1 0 2013 06 29 2013 06 29 4 4 album cover jpg image 500 133 30741 2013 06 29 '),
 ('15', 'filename', '0', 'en_us', ' album 1 cover jpg '),
 ('15', 'extension', '0', 'en_us', ' jpg '),
 ('15', 'kind', '0', 'en_us', ' image '),
 ('16', 'filename', '0', 'en_us', ' north pole 1 jpg '),
 ('16', 'extension', '0', 'en_us', ' jpg '),
 ('16', 'kind', '0', 'en_us', ' image '),
 ('17', 'title', '0', 'en_us', ' the spinning song '),
 ('17', 'slug', '0', 'en_us', ' the spinning song '),
 ('17', 'field', '5', 'en_us', ' 21 1 0 2013 06 19 2013 06 19 3 3 north pole 2 jpg image 1600 1200 697076 2013 06 19 16 1 0 2013 06 17 2013 06 17 3 3 north pole 1 jpg image 1920 1200 579414 2013 06 17 '),
 ('17', 'field', '3', 'en_us', ' lorem ipsum dolor sit amet consectetur adipiscing elit nullam id purus mauris morbi dapibus augue sapien eget ultricies diam consequat vitae praesent lacus ante ornare at libero a volutpat volutpat erat etiam non convallis diam duis sed magna tincidunt velit dignissim mattis proin placerat sagittis purus sed aliquam nunc rutrum vel maecenas sit amet luctus felis sed scelerisque vitae magna a malesuada nullam id aliquet neque eget pulvinar sem aliquam mattis urna et semper porta pellentesque sed lacus ullamcorper faucibus velit venenatis vestibulum ipsum aliquam ante dui fermentum quis mi et laoreet faucibus lacus vestibulum sit amet nunc vitae felis ornare malesuada sed vel ante proin ante sapien tristique quis turpis nec commodo luctus tortor donec vel risus ligula suspendisse diam sem pulvinar sed velit non ullamcorper viverra erat phasellus at orci vitae ipsum suscipit dignissim semper sed sapien vestibulum ante ipsum primis in faucibus orci luctus et ultrices posuere cubilia curae phasellus augue justo pellentesque nec mi quis posuere tempus mi suspendisse sit amet scelerisque urna sed mollis odio non velit dignissim luctus ut tortor velit tristique et porttitor quis sagittis non purus phasellus at nisi varius mollis tortor eget eleifend ipsum interdum et malesuada fames ac ante ipsum primis in faucibus lorem ipsum dolor sit amet consectetur adipiscing elit '),
 ('17', 'field', '8', 'en_us', ' 9000 '),
 ('17', 'field', '11', 'en_us', ' audio '),
 ('17', 'field', '14', 'en_us', ' 1980 '),
 ('18', 'filename', '0', 'en_us', ' mendelssohn___alicia_de_larrocha __spinning_song__ _hispavox__late_1950s___early_1960s mp3 '),
 ('18', 'extension', '0', 'en_us', ' mp3 '),
 ('18', 'kind', '0', 'en_us', ' audio '),
 ('19', 'filename', '0', 'en_us', ' the spinning song mp3 '),
 ('19', 'extension', '0', 'en_us', ' mp3 '),
 ('19', 'kind', '0', 'en_us', ' audio '),
 ('20', 'filename', '0', 'en_us', ' the spinning song ogg '),
 ('20', 'extension', '0', 'en_us', ' ogg '),
 ('20', 'kind', '0', 'en_us', ' video '),
 ('17', 'field', '4', 'en_us', ' 19 1 0 2013 06 18 2013 06 18 1 1 the spinning song mp3 audio 1589223 2013 06 18 20 1 0 2013 06 18 2013 06 18 1 1 the spinning song ogg video 2376624 2013 06 18 '),
 ('4', 'field', '4', 'en_us', ' 22 1 0 2013 06 19 2013 06 19 1 1 bach__english_suite_no _2_in_a_minor__bwv_807__prelude_ _andras_schiff mp3 audio 4796227 2013 06 19 25 1 0 2013 06 20 2013 06 20 1 1 bach__english_suite_no _2_in_a_minor__bwv_807__prelude_ _andras_schiff ogg video 7169553 2013 06 20 '),
 ('21', 'filename', '0', 'en_us', ' north pole 2 jpg '),
 ('21', 'extension', '0', 'en_us', ' jpg '),
 ('21', 'kind', '0', 'en_us', ' image '),
 ('22', 'filename', '0', 'en_us', ' bach__english_suite_no _2_in_a_minor__bwv_807__prelude_ _andras_schiff mp3 '),
 ('22', 'extension', '0', 'en_us', ' mp3 '),
 ('22', 'kind', '0', 'en_us', ' audio '),
 ('23', 'filename', '0', 'en_us', ' black white piano organ jpg '),
 ('23', 'extension', '0', 'en_us', ' jpg '),
 ('23', 'kind', '0', 'en_us', ' image '),
 ('24', 'filename', '0', 'en_us', ' black_and_white_mountain_landscape jpg '),
 ('24', 'extension', '0', 'en_us', ' jpg '),
 ('24', 'kind', '0', 'en_us', ' image '),
 ('25', 'filename', '0', 'en_us', ' bach__english_suite_no _2_in_a_minor__bwv_807__prelude_ _andras_schiff ogg '),
 ('25', 'extension', '0', 'en_us', ' ogg '),
 ('25', 'kind', '0', 'en_us', ' video '),
 ('26', 'title', '0', 'en_us', ' in the darkest night we sing '),
 ('26', 'slug', '0', 'en_us', ' in the darkest night we sing '),
 ('26', 'field', '3', 'en_us', ' introduction of in the darkest night we sing '),
 ('26', 'field', '11', 'en_us', ' audio '),
 ('26', 'field', '12', 'en_us', ' 17 1 0 en_us 2013 06 17 2013 06 19 3 1 the spinning song the spinning song 2013 06 17 4 1 0 en_us 2013 06 13 2013 06 20 3 1 the school of artist the school of artist 2013 06 13 '),
 ('26', 'field', '14', 'en_us', ' 2012 '),
 ('27', 'filename', '0', 'en_us', ' in the darkest night we_ sing ogg '),
 ('27', 'extension', '0', 'en_us', ' ogg '),
 ('27', 'kind', '0', 'en_us', ' video '),
 ('28', 'filename', '0', 'en_us', ' in the darkest night we_ sing mp3 '),
 ('28', 'extension', '0', 'en_us', ' mp3 '),
 ('28', 'kind', '0', 'en_us', ' audio '),
 ('26', 'field', '4', 'en_us', ' 28 1 0 2013 06 20 2013 06 20 1 1 in the darkest night we_ sing mp3 audio 19781258 2013 06 20 27 1 0 2013 06 20 2013 06 20 1 1 in the darkest night we_ sing ogg video 12308488 2013 06 20 '),
 ('29', 'filename', '0', 'en_us', ' album 2 cover jpg '),
 ('29', 'extension', '0', 'en_us', ' jpg '),
 ('7', 'field', '42', 'en_us', ' subject '),
 ('17', 'field', '6', 'en_us', ' hsin lei chen '),
 ('17', 'field', '7', 'en_us', ' piano piano guitar guitar '),
 ('17', 'field', '9', 'en_us', ' calvin cui '),
 ('17', 'field', '43', 'en_us', ' y '),
 ('4', 'field', '43', 'en_us', ' n '),
 ('17', 'field', '12', 'en_us', ' 26 1 0 en_us 2013 06 20 2013 06 20 3 1 in the darkest night we sing in the darkest night we sing 2013 06 20 4 1 0 en_us 2013 06 13 2013 06 27 3 1 the school of artist the school of artist 2013 06 13 '),
 ('29', 'kind', '0', 'en_us', ' image '),
 ('30', 'filename', '0', 'en_us', ' album cover jpg '),
 ('30', 'extension', '0', 'en_us', ' jpg '),
 ('30', 'kind', '0', 'en_us', ' image ');
COMMIT;


--
-- Schema for table `craft_sections`
--

DROP TABLE IF EXISTS `craft_sections`;

CREATE TABLE `craft_sections` (
  `id` int(11) NOT NULL AUTO_INCREMENT,
  `name` varchar(100) COLLATE utf8_unicode_ci NOT NULL,
  `handle` char(45) COLLATE utf8_unicode_ci NOT NULL,
  `titleLabel` varchar(255) COLLATE utf8_unicode_ci NOT NULL DEFAULT 'Title',
  `hasUrls` tinyint(1) unsigned NOT NULL DEFAULT '1',
  `template` varchar(500) COLLATE utf8_unicode_ci DEFAULT NULL,
  `fieldLayoutId` int(10) DEFAULT NULL,
  `dateCreated` datetime NOT NULL,
  `dateUpdated` datetime NOT NULL,
  `uid` char(36) COLLATE utf8_unicode_ci NOT NULL DEFAULT '0',
  PRIMARY KEY (`id`),
  UNIQUE KEY `craft_sections_name_unq_idx` (`name`),
  UNIQUE KEY `craft_sections_handle_unq_idx` (`handle`),
  KEY `craft_sections_fieldLayoutId_fk` (`fieldLayoutId`)
) ENGINE=InnoDB AUTO_INCREMENT=4 DEFAULT CHARSET=utf8 COLLATE=utf8_unicode_ci;

--
-- Data for table `craft_sections`
--

BEGIN;
INSERT INTO `craft_sections` (`id`, `name`, `handle`, `titleLabel`, `hasUrls`, `template`, `fieldLayoutId`, `dateCreated`, `dateUpdated`, `uid`) VALUES
 ('1', 'News', 'news', 'Title', '1', 'news/_entry', '2', '2013-06-13 00:38:00', '2013-06-13 00:38:00', '10ed4e7f-97b8-446e-9114-bdd3ebd40913'),
 ('2', 'Album', 'album', 'Album Title', '1', '', '23', '2013-06-13 19:55:24', '2013-06-17 01:47:54', 'baa730cf-c398-454a-96ef-525ef6c346c6'),
 ('3', 'Song', 'song', 'Song Title', '0', NULL, '26', '2013-06-13 20:03:14', '2013-06-27 22:23:21', '9ed76c60-a7d7-4826-8518-40e81c331c2d');
COMMIT;


--
-- Schema for table `craft_sections_i18n`
--

DROP TABLE IF EXISTS `craft_sections_i18n`;

CREATE TABLE `craft_sections_i18n` (
  `id` int(11) NOT NULL AUTO_INCREMENT,
  `sectionId` int(11) NOT NULL,
  `locale` char(12) COLLATE utf8_unicode_ci NOT NULL,
  `urlFormat` varchar(255) COLLATE utf8_unicode_ci DEFAULT NULL,
  `dateCreated` datetime NOT NULL,
  `dateUpdated` datetime NOT NULL,
  `uid` char(36) COLLATE utf8_unicode_ci NOT NULL DEFAULT '0',
  PRIMARY KEY (`id`),
  UNIQUE KEY `craft_sections_i18n_sectionId_locale_unq_idx` (`sectionId`,`locale`),
  KEY `craft_sections_i18n_locale_fk` (`locale`)
) ENGINE=InnoDB AUTO_INCREMENT=4 DEFAULT CHARSET=utf8 COLLATE=utf8_unicode_ci;

--
-- Data for table `craft_sections_i18n`
--

BEGIN;
INSERT INTO `craft_sections_i18n` (`id`, `sectionId`, `locale`, `urlFormat`, `dateCreated`, `dateUpdated`, `uid`) VALUES
 ('1', '1', 'en_us', 'news/{postDate.year}/{slug}', '2013-06-13 00:38:00', '2013-06-13 00:38:00', 'cf9cccc1-d9bc-4ae5-9ad7-ed2f33412746'),
 ('2', '2', 'en_us', 'album/{slug}', '2013-06-13 19:55:24', '2013-06-13 19:55:24', '67db99fc-4f2d-42a2-8068-1a95bf69bbcb'),
 ('3', '3', 'en_us', NULL, '2013-06-13 20:03:14', '2013-06-13 20:03:14', '28184d4a-45a7-44d7-b9f6-0e00fb16f006');
COMMIT;


--
-- Schema for table `craft_sessions`
--

DROP TABLE IF EXISTS `craft_sessions`;

CREATE TABLE `craft_sessions` (
  `id` int(11) NOT NULL AUTO_INCREMENT,
  `userId` int(11) NOT NULL,
  `token` char(100) COLLATE utf8_unicode_ci NOT NULL,
  `dateCreated` datetime NOT NULL,
  `dateUpdated` datetime NOT NULL,
  `uid` char(36) COLLATE utf8_unicode_ci NOT NULL DEFAULT '0',
  PRIMARY KEY (`id`),
  KEY `craft_sessions_uid_idx` (`uid`),
  KEY `craft_sessions_token_idx` (`token`),
  KEY `craft_sessions_dateUpdated_idx` (`dateUpdated`),
  KEY `craft_sessions_userId_fk` (`userId`)
) ENGINE=InnoDB AUTO_INCREMENT=19 DEFAULT CHARSET=utf8 COLLATE=utf8_unicode_ci;

--
-- Data for table `craft_sessions`
--

BEGIN;
INSERT INTO `craft_sessions` (`id`, `userId`, `token`, `dateCreated`, `dateUpdated`, `uid`) VALUES
 ('1', '1', '$2a$08$xhR7J3bIm9rYcxX4fSs27.rVk/tW04mxTrl05FFCuQKdHpxjk55Ym', '2013-06-13 00:37:58', '2013-06-13 00:37:58', 'b0fec45b-c627-4baf-8f87-25ea516c7c2f'),
 ('2', '1', '$2a$08$P3i1hXmM9xBIYEnmFPZkoOWSSANL2rvbhldKcDxHwgE8SurPcf/ea', '2013-06-13 18:03:09', '2013-06-13 18:03:09', 'fd7647ae-a148-4591-a6cb-825183b7ffca'),
 ('3', '1', '$2a$08$KXjV9BaCDok/8yK/zvlTwODd4durH0JGgE5JuxR9Pbl0B/QiF5ZgO', '2013-06-13 22:02:26', '2013-06-13 22:02:26', '2bb5dfb4-5160-430d-9212-eb085796933f'),
 ('5', '1', '$2a$08$vspfcQajimIgQ.5Sth2EneiWn3OMbBPH0xVHZfF/44i8mE8OGWrTa', '2013-06-18 18:56:27', '2013-06-18 18:56:27', 'd5b1ae16-5dac-4c0c-9154-c054c1646095'),
 ('6', '1', '$2a$08$tXqpUUJsbTUVZo6vXZQb3uvDHYEEZA1QwO1bu37wS768HAjy4jz/y', '2013-06-19 01:05:04', '2013-06-19 01:05:04', '4ea72e74-771a-4a90-ba27-8d2d1740a4a9'),
 ('7', '1', '$2a$08$iNUdAzteIiQcknQBP/5loeds3mVC8BYpacMkjZcf7s517npYoAOT2', '2013-06-19 05:56:29', '2013-06-19 05:56:29', 'f03b6921-8752-45d6-89cb-d7f8315794a2'),
 ('8', '1', '$2a$08$HA7CtgIb742h24ViI8js..gIfNELWAiugS1TMWhLzu1sjG19LbWjK', '2013-06-20 03:46:04', '2013-06-20 03:46:04', 'e25fde0b-24ca-4d44-b879-280717351ad6'),
 ('9', '1', '$2a$08$o9VrMVK6/UqQ5k0mcxlHeONRC6UKVVKaJ5Ln8XLI1.70QbFhB4yCq', '2013-06-20 06:43:45', '2013-06-20 06:43:45', '91af18c6-d9ee-42c1-9f66-1eb64170dcd5'),
 ('11', '1', '$2a$08$/NV1NEJ.ny4F7fFJjsZkA.jGSGg7In1YCtFbqJ0c23agRWyhnmRi2', '2013-06-20 20:55:21', '2013-06-20 20:55:21', '4f90abcc-4692-484a-a0ee-4600fd23a24f'),
 ('12', '1', '$2a$08$/pPp7KfaF6C0e3Xz/VuoLe7z1x7aYEcgoFCBdi9R73.xP286i0qzW', '2013-06-26 19:35:00', '2013-06-26 19:35:00', 'c3f72ba3-c628-473d-8692-ea1865bf17c2'),
 ('13', '1', '$2a$08$bhBB9FPAnxHWGJ.ErfP/ku9yHoLYJy9PP/w8cmI.IQ2ZvKkyZIajO', '2013-06-26 21:14:12', '2013-06-26 21:14:12', '4c8b832d-5ba4-48d6-970f-ee07f19bdb04'),
 ('14', '1', '$2a$08$9AniUmAGU1ai0UmuqsJsu.dpNK6ta.LUTODhOTEX0oga57hH2Pd8q', '2013-06-27 21:10:25', '2013-06-27 21:10:25', 'b2ca5f46-4c19-4a9d-adbf-742b868956f0'),
 ('15', '1', '$2a$08$IA86t6VqfPP6jWLLU.ftCudnKKiD51sLsvlu/nQtrz4/4XYP.3Ac6', '2013-06-29 20:33:11', '2013-06-29 20:33:11', '5920748e-3dcc-4892-934c-c00a8d0b793f'),
 ('16', '1', '$2a$08$5eM2GpwYqhWLLcPavKvSEurVAyDZPyEbRKiXZOwtUkzxHsFRgtNKi', '2013-06-29 21:52:38', '2013-06-29 21:52:38', 'd3b73523-340d-4d99-93dc-d0d4eb4a2180'),
 ('17', '1', '$2a$08$.UnszdciCC.YZR9PleQP6.qkIU6oXulE9aLQlaFJpmNdl4d9xgHwK', '2013-06-30 14:09:59', '2013-06-30 14:09:59', '13612f58-0c26-4246-9b52-1c1fcdf99251'),
 ('18', '1', '$2a$08$70T78OBv3FTNeBuwBRvFfOkU8E7uT19GL9jUeT6XBh6kc4ROW5E9i', '2013-07-01 03:36:23', '2013-07-01 03:36:23', 'e7f3d9fb-7533-491f-8f1f-a8bd658d6100');
COMMIT;


--
-- Schema for table `craft_shunnedmessages`
--

DROP TABLE IF EXISTS `craft_shunnedmessages`;

CREATE TABLE `craft_shunnedmessages` (
  `id` int(11) NOT NULL AUTO_INCREMENT,
  `userId` int(11) NOT NULL,
  `message` varchar(255) COLLATE utf8_unicode_ci NOT NULL,
  `expiryDate` datetime DEFAULT NULL,
  `dateCreated` datetime NOT NULL,
  `dateUpdated` datetime NOT NULL,
  `uid` char(36) COLLATE utf8_unicode_ci NOT NULL DEFAULT '0',
  PRIMARY KEY (`id`),
  UNIQUE KEY `craft_shunnedmessages_userId_message_unq_idx` (`userId`,`message`)
) ENGINE=InnoDB DEFAULT CHARSET=utf8 COLLATE=utf8_unicode_ci;

--
-- Schema for table `craft_systemsettings`
--

DROP TABLE IF EXISTS `craft_systemsettings`;

CREATE TABLE `craft_systemsettings` (
  `id` int(11) NOT NULL AUTO_INCREMENT,
  `category` varchar(15) COLLATE utf8_unicode_ci NOT NULL,
  `settings` text COLLATE utf8_unicode_ci,
  `dateCreated` datetime NOT NULL,
  `dateUpdated` datetime NOT NULL,
  `uid` char(36) COLLATE utf8_unicode_ci NOT NULL DEFAULT '0',
  PRIMARY KEY (`id`),
  UNIQUE KEY `craft_systemsettings_category_unq_idx` (`category`)
) ENGINE=InnoDB AUTO_INCREMENT=2 DEFAULT CHARSET=utf8 COLLATE=utf8_unicode_ci;

--
-- Data for table `craft_systemsettings`
--

BEGIN;
INSERT INTO `craft_systemsettings` (`id`, `category`, `settings`, `dateCreated`, `dateUpdated`, `uid`) VALUES
 ('1', 'email', '{\"protocol\":\"php\",\"emailAddress\":\"joe@joeonmars.com\",\"senderName\":\"Hsin-Lei Chen\"}', '2013-06-13 00:37:58', '2013-06-13 00:37:58', '06cbdc79-05d5-479f-ab87-1ed20fdae2b5');
COMMIT;


--
-- Schema for table `craft_usergroups`
--

DROP TABLE IF EXISTS `craft_usergroups`;

CREATE TABLE `craft_usergroups` (
  `id` int(11) NOT NULL AUTO_INCREMENT,
  `name` varchar(100) COLLATE utf8_unicode_ci NOT NULL,
  `handle` char(255) COLLATE utf8_unicode_ci NOT NULL,
  `dateCreated` datetime NOT NULL,
  `dateUpdated` datetime NOT NULL,
  `uid` char(36) COLLATE utf8_unicode_ci NOT NULL DEFAULT '0',
  PRIMARY KEY (`id`)
) ENGINE=InnoDB DEFAULT CHARSET=utf8 COLLATE=utf8_unicode_ci;

--
-- Schema for table `craft_usergroups_users`
--

DROP TABLE IF EXISTS `craft_usergroups_users`;

CREATE TABLE `craft_usergroups_users` (
  `id` int(11) NOT NULL AUTO_INCREMENT,
  `groupId` int(11) NOT NULL,
  `userId` int(11) NOT NULL,
  `dateCreated` datetime NOT NULL,
  `dateUpdated` datetime NOT NULL,
  `uid` char(36) COLLATE utf8_unicode_ci NOT NULL DEFAULT '0',
  PRIMARY KEY (`id`),
  UNIQUE KEY `craft_usergroups_users_groupId_userId_unq_idx` (`groupId`,`userId`),
  KEY `craft_usergroups_users_userId_fk` (`userId`)
) ENGINE=InnoDB DEFAULT CHARSET=utf8 COLLATE=utf8_unicode_ci;

--
-- Schema for table `craft_userpermissions`
--

DROP TABLE IF EXISTS `craft_userpermissions`;

CREATE TABLE `craft_userpermissions` (
  `id` int(11) NOT NULL AUTO_INCREMENT,
  `name` varchar(100) COLLATE utf8_unicode_ci NOT NULL,
  `dateCreated` datetime NOT NULL,
  `dateUpdated` datetime NOT NULL,
  `uid` char(36) COLLATE utf8_unicode_ci NOT NULL DEFAULT '0',
  PRIMARY KEY (`id`),
  UNIQUE KEY `craft_userpermissions_name_unq_idx` (`name`)
) ENGINE=InnoDB DEFAULT CHARSET=utf8 COLLATE=utf8_unicode_ci;

--
-- Schema for table `craft_userpermissions_usergroups`
--

DROP TABLE IF EXISTS `craft_userpermissions_usergroups`;

CREATE TABLE `craft_userpermissions_usergroups` (
  `id` int(11) NOT NULL AUTO_INCREMENT,
  `permissionId` int(11) NOT NULL,
  `groupId` int(11) NOT NULL,
  `dateCreated` datetime NOT NULL,
  `dateUpdated` datetime NOT NULL,
  `uid` char(36) COLLATE utf8_unicode_ci NOT NULL DEFAULT '0',
  PRIMARY KEY (`id`),
  UNIQUE KEY `craft_userpermissions_usergroups_permissionId_groupId_unq_idx` (`permissionId`,`groupId`),
  KEY `craft_userpermissions_usergroups_groupId_fk` (`groupId`)
) ENGINE=InnoDB DEFAULT CHARSET=utf8 COLLATE=utf8_unicode_ci;

--
-- Schema for table `craft_userpermissions_users`
--

DROP TABLE IF EXISTS `craft_userpermissions_users`;

CREATE TABLE `craft_userpermissions_users` (
  `id` int(11) NOT NULL AUTO_INCREMENT,
  `permissionId` int(11) NOT NULL,
  `userId` int(11) NOT NULL,
  `dateCreated` datetime NOT NULL,
  `dateUpdated` datetime NOT NULL,
  `uid` char(36) COLLATE utf8_unicode_ci NOT NULL DEFAULT '0',
  PRIMARY KEY (`id`),
  UNIQUE KEY `craft_userpermissions_users_permissionId_userId_unq_idx` (`permissionId`,`userId`),
  KEY `craft_userpermissions_users_userId_fk` (`userId`)
) ENGINE=InnoDB DEFAULT CHARSET=utf8 COLLATE=utf8_unicode_ci;

--
-- Schema for table `craft_users`
--

DROP TABLE IF EXISTS `craft_users`;

CREATE TABLE `craft_users` (
  `id` int(11) NOT NULL,
  `username` varchar(100) COLLATE utf8_unicode_ci NOT NULL,
  `photo` varchar(50) COLLATE utf8_unicode_ci DEFAULT NULL,
  `firstName` varchar(100) COLLATE utf8_unicode_ci DEFAULT NULL,
  `lastName` varchar(100) COLLATE utf8_unicode_ci DEFAULT NULL,
  `email` varchar(255) COLLATE utf8_unicode_ci NOT NULL,
  `password` char(255) COLLATE utf8_unicode_ci DEFAULT NULL,
  `encType` char(10) COLLATE utf8_unicode_ci DEFAULT NULL,
  `preferredLocale` char(12) COLLATE utf8_unicode_ci DEFAULT NULL,
  `admin` tinyint(1) unsigned NOT NULL DEFAULT '0',
  `status` enum('locked','suspended','pending','active','archived') COLLATE utf8_unicode_ci DEFAULT 'pending',
  `lastLoginDate` datetime DEFAULT NULL,
  `lastLoginAttemptIPAddress` varchar(45) COLLATE utf8_unicode_ci DEFAULT NULL,
  `invalidLoginWindowStart` datetime DEFAULT NULL,
  `invalidLoginCount` tinyint(4) unsigned DEFAULT NULL,
  `lastInvalidLoginDate` datetime DEFAULT NULL,
  `lockoutDate` datetime DEFAULT NULL,
  `verificationCode` char(100) COLLATE utf8_unicode_ci DEFAULT NULL,
  `verificationCodeIssuedDate` datetime DEFAULT NULL,
  `passwordResetRequired` tinyint(1) unsigned NOT NULL DEFAULT '0',
  `lastPasswordChangeDate` datetime DEFAULT NULL,
  `dateCreated` datetime NOT NULL,
  `dateUpdated` datetime NOT NULL,
  `uid` char(36) COLLATE utf8_unicode_ci NOT NULL DEFAULT '0',
  PRIMARY KEY (`id`),
  UNIQUE KEY `craft_users_username_unq_idx` (`username`),
  UNIQUE KEY `craft_users_email_unq_idx` (`email`),
  KEY `craft_users_verificationCode_idx` (`verificationCode`),
  KEY `craft_users_uid_idx` (`uid`),
  KEY `craft_users_preferredLocale_fk` (`preferredLocale`)
) ENGINE=InnoDB DEFAULT CHARSET=utf8 COLLATE=utf8_unicode_ci;

--
-- Data for table `craft_users`
--

BEGIN;
INSERT INTO `craft_users` (`id`, `username`, `photo`, `firstName`, `lastName`, `email`, `password`, `encType`, `preferredLocale`, `admin`, `status`, `lastLoginDate`, `lastLoginAttemptIPAddress`, `invalidLoginWindowStart`, `invalidLoginCount`, `lastInvalidLoginDate`, `lockoutDate`, `verificationCode`, `verificationCodeIssuedDate`, `passwordResetRequired`, `lastPasswordChangeDate`, `dateCreated`, `dateUpdated`, `uid`) VALUES
 ('1', 'joeonmars', NULL, '', '', 'joe@joeonmars.com', '$2a$08$DMca.3fdsK.qxdf7HNVQxuHjBNyAdwKD3HRg8CV9Dx1EAbcCUKhoC', 'blowfish', NULL, '1', 'active', '2013-07-01 03:36:23', '127.0.0.1', NULL, NULL, '2013-06-30 14:09:53', NULL, NULL, NULL, '0', '2013-06-20 20:55:13', '2013-06-13 00:37:57', '2013-07-01 03:36:23', '955ff719-258c-40f5-935a-4bb82d2e226e');
COMMIT;


--
-- Schema for table `craft_widgets`
--

DROP TABLE IF EXISTS `craft_widgets`;

CREATE TABLE `craft_widgets` (
  `id` int(11) NOT NULL AUTO_INCREMENT,
  `userId` int(11) NOT NULL,
  `type` char(150) COLLATE utf8_unicode_ci NOT NULL,
  `sortOrder` tinyint(4) DEFAULT NULL,
  `settings` text COLLATE utf8_unicode_ci,
  `enabled` tinyint(1) unsigned NOT NULL DEFAULT '1',
  `dateCreated` datetime NOT NULL,
  `dateUpdated` datetime NOT NULL,
  `uid` char(36) COLLATE utf8_unicode_ci NOT NULL DEFAULT '0',
  PRIMARY KEY (`id`),
  KEY `craft_widgets_userId_fk` (`userId`)
) ENGINE=InnoDB AUTO_INCREMENT=6 DEFAULT CHARSET=utf8 COLLATE=utf8_unicode_ci;

--
-- Data for table `craft_widgets`
--

BEGIN;
INSERT INTO `craft_widgets` (`id`, `userId`, `type`, `sortOrder`, `settings`, `enabled`, `dateCreated`, `dateUpdated`, `uid`) VALUES
 ('1', '1', 'QuickPost', '1', '{\"section\":\"1\"}', '1', '2013-06-13 00:39:18', '2013-06-13 00:39:18', '6c741916-c3d1-47bc-9333-1c5f7630773c'),
 ('2', '1', 'RecentEntries', '2', NULL, '1', '2013-06-13 00:39:18', '2013-06-13 00:39:18', '792e7ddc-e40b-4e9b-9919-21a6d169ff2f'),
 ('3', '1', 'Feed', '3', '{\"url\":\"http:\\/\\/feeds.feedburner.com\\/blogandtonic\",\"title\":\"Blog & Tonic\"}', '1', '2013-06-13 00:39:18', '2013-06-13 00:39:18', '23ee7b5f-bafe-459b-9550-480f8cda03f3'),
 ('4', '1', 'Updates', '4', NULL, '1', '2013-06-13 00:39:18', '2013-06-13 00:39:18', 'e5b56993-4fd3-4547-a1c8-bb1df08f5b4a'),
 ('5', '1', 'GetHelp', '5', NULL, '1', '2013-06-13 00:39:18', '2013-06-13 00:39:18', 'e4a4e1e5-ea70-42a3-b52c-fe7a8dcf5293');
COMMIT;

--
-- Constraints for tables
--


--
-- Constraints for table `craft_assetfiles`
--
ALTER TABLE `craft_assetfiles`
	ADD CONSTRAINT `craft_assetfiles_folderId_fk` FOREIGN KEY (`folderId`) REFERENCES `craft_assetfolders` (`id`) ON DELETE CASCADE,
	ADD CONSTRAINT `craft_assetfiles_id_fk` FOREIGN KEY (`id`) REFERENCES `craft_elements` (`id`) ON DELETE CASCADE,
	ADD CONSTRAINT `craft_assetfiles_sourceId_fk` FOREIGN KEY (`sourceId`) REFERENCES `craft_assetsources` (`id`) ON DELETE CASCADE;

--
-- Constraints for table `craft_assetfolders`
--
ALTER TABLE `craft_assetfolders`
	ADD CONSTRAINT `craft_assetfolders_parentId_fk` FOREIGN KEY (`parentId`) REFERENCES `craft_assetfolders` (`id`) ON DELETE CASCADE,
	ADD CONSTRAINT `craft_assetfolders_sourceId_fk` FOREIGN KEY (`sourceId`) REFERENCES `craft_assetsources` (`id`) ON DELETE CASCADE;

--
-- Constraints for table `craft_assetindexdata`
--
ALTER TABLE `craft_assetindexdata`
	ADD CONSTRAINT `craft_assetindexdata_sourceId_fk` FOREIGN KEY (`sourceId`) REFERENCES `craft_assetsources` (`id`) ON DELETE CASCADE;

--
-- Constraints for table `craft_content`
--
ALTER TABLE `craft_content`
	ADD CONSTRAINT `craft_content_elementId_fk` FOREIGN KEY (`elementId`) REFERENCES `craft_elements` (`id`) ON DELETE CASCADE,
	ADD CONSTRAINT `craft_content_locale_fk` FOREIGN KEY (`locale`) REFERENCES `craft_locales` (`locale`) ON DELETE CASCADE ON UPDATE CASCADE;

--
-- Constraints for table `craft_elements_i18n`
--
ALTER TABLE `craft_elements_i18n`
	ADD CONSTRAINT `craft_elements_i18n_elementId_fk` FOREIGN KEY (`elementId`) REFERENCES `craft_elements` (`id`) ON DELETE CASCADE,
	ADD CONSTRAINT `craft_elements_i18n_locale_fk` FOREIGN KEY (`locale`) REFERENCES `craft_locales` (`locale`) ON DELETE CASCADE ON UPDATE CASCADE;

--
-- Constraints for table `craft_entries`
--
ALTER TABLE `craft_entries`
	ADD CONSTRAINT `craft_entries_authorId_fk` FOREIGN KEY (`authorId`) REFERENCES `craft_users` (`id`) ON DELETE CASCADE,
	ADD CONSTRAINT `craft_entries_id_fk` FOREIGN KEY (`id`) REFERENCES `craft_elements` (`id`) ON DELETE CASCADE,
	ADD CONSTRAINT `craft_entries_sectionId_fk` FOREIGN KEY (`sectionId`) REFERENCES `craft_sections` (`id`) ON DELETE CASCADE;

--
-- Constraints for table `craft_entries_i18n`
--
ALTER TABLE `craft_entries_i18n`
	ADD CONSTRAINT `craft_entries_i18n_entryId_fk` FOREIGN KEY (`entryId`) REFERENCES `craft_entries` (`id`) ON DELETE CASCADE,
	ADD CONSTRAINT `craft_entries_i18n_locale_fk` FOREIGN KEY (`locale`) REFERENCES `craft_locales` (`locale`) ON DELETE CASCADE ON UPDATE CASCADE,
	ADD CONSTRAINT `craft_entries_i18n_sectionId_fk` FOREIGN KEY (`sectionId`) REFERENCES `craft_sections` (`id`) ON DELETE CASCADE;

--
-- Constraints for table `craft_entrydrafts`
--
ALTER TABLE `craft_entrydrafts`
	ADD CONSTRAINT `craft_entrydrafts_creatorId_fk` FOREIGN KEY (`creatorId`) REFERENCES `craft_users` (`id`),
	ADD CONSTRAINT `craft_entrydrafts_entryId_fk` FOREIGN KEY (`entryId`) REFERENCES `craft_entries` (`id`) ON DELETE CASCADE,
	ADD CONSTRAINT `craft_entrydrafts_locale_fk` FOREIGN KEY (`locale`) REFERENCES `craft_locales` (`locale`) ON DELETE CASCADE ON UPDATE CASCADE,
	ADD CONSTRAINT `craft_entrydrafts_sectionId_fk` FOREIGN KEY (`sectionId`) REFERENCES `craft_sections` (`id`) ON DELETE CASCADE;

--
-- Constraints for table `craft_entrytags_entries`
--
ALTER TABLE `craft_entrytags_entries`
	ADD CONSTRAINT `craft_entrytags_entries_entryId_fk` FOREIGN KEY (`entryId`) REFERENCES `craft_entries` (`id`) ON DELETE CASCADE,
	ADD CONSTRAINT `craft_entrytags_entries_tagId_fk` FOREIGN KEY (`tagId`) REFERENCES `craft_entrytags` (`id`) ON DELETE CASCADE;

--
-- Constraints for table `craft_entryversions`
--
ALTER TABLE `craft_entryversions`
	ADD CONSTRAINT `craft_entryversions_creatorId_fk` FOREIGN KEY (`creatorId`) REFERENCES `craft_users` (`id`),
	ADD CONSTRAINT `craft_entryversions_entryId_fk` FOREIGN KEY (`entryId`) REFERENCES `craft_entries` (`id`) ON DELETE CASCADE,
	ADD CONSTRAINT `craft_entryversions_locale_fk` FOREIGN KEY (`locale`) REFERENCES `craft_locales` (`locale`) ON DELETE CASCADE ON UPDATE CASCADE,
	ADD CONSTRAINT `craft_entryversions_sectionId_fk` FOREIGN KEY (`sectionId`) REFERENCES `craft_sections` (`id`) ON DELETE CASCADE;

--
-- Constraints for table `craft_fieldlayoutfields`
--
ALTER TABLE `craft_fieldlayoutfields`
	ADD CONSTRAINT `craft_fieldlayoutfields_fieldId_fk` FOREIGN KEY (`fieldId`) REFERENCES `craft_fields` (`id`) ON DELETE CASCADE,
	ADD CONSTRAINT `craft_fieldlayoutfields_layoutId_fk` FOREIGN KEY (`layoutId`) REFERENCES `craft_fieldlayouts` (`id`) ON DELETE CASCADE,
	ADD CONSTRAINT `craft_fieldlayoutfields_tabId_fk` FOREIGN KEY (`tabId`) REFERENCES `craft_fieldlayouttabs` (`id`) ON DELETE CASCADE;

--
-- Constraints for table `craft_fieldlayouttabs`
--
ALTER TABLE `craft_fieldlayouttabs`
	ADD CONSTRAINT `craft_fieldlayouttabs_layoutId_fk` FOREIGN KEY (`layoutId`) REFERENCES `craft_fieldlayouts` (`id`) ON DELETE CASCADE;

--
-- Constraints for table `craft_fields`
--
ALTER TABLE `craft_fields`
	ADD CONSTRAINT `craft_fields_groupId_fk` FOREIGN KEY (`groupId`) REFERENCES `craft_fieldgroups` (`id`) ON DELETE CASCADE;

--
-- Constraints for table `craft_globalsets`
--
ALTER TABLE `craft_globalsets`
	ADD CONSTRAINT `craft_globalsets_fieldLayoutId_fk` FOREIGN KEY (`fieldLayoutId`) REFERENCES `craft_fieldlayouts` (`id`) ON DELETE SET NULL,
	ADD CONSTRAINT `craft_globalsets_id_fk` FOREIGN KEY (`id`) REFERENCES `craft_elements` (`id`) ON DELETE CASCADE;

--
-- Constraints for table `craft_migrations`
--
ALTER TABLE `craft_migrations`
	ADD CONSTRAINT `craft_migrations_pluginId_fk` FOREIGN KEY (`pluginId`) REFERENCES `craft_plugins` (`id`) ON DELETE CASCADE;

--
-- Constraints for table `craft_relations`
--
ALTER TABLE `craft_relations`
	ADD CONSTRAINT `craft_relations_childId_fk` FOREIGN KEY (`childId`) REFERENCES `craft_elements` (`id`),
	ADD CONSTRAINT `craft_relations_fieldId_fk` FOREIGN KEY (`fieldId`) REFERENCES `craft_fields` (`id`),
	ADD CONSTRAINT `craft_relations_parentId_fk` FOREIGN KEY (`parentId`) REFERENCES `craft_elements` (`id`);

--
-- Constraints for table `craft_sections`
--
ALTER TABLE `craft_sections`
	ADD CONSTRAINT `craft_sections_fieldLayoutId_fk` FOREIGN KEY (`fieldLayoutId`) REFERENCES `craft_fieldlayouts` (`id`) ON DELETE SET NULL;

--
-- Constraints for table `craft_sections_i18n`
--
ALTER TABLE `craft_sections_i18n`
	ADD CONSTRAINT `craft_sections_i18n_locale_fk` FOREIGN KEY (`locale`) REFERENCES `craft_locales` (`locale`) ON DELETE CASCADE ON UPDATE CASCADE,
	ADD CONSTRAINT `craft_sections_i18n_sectionId_fk` FOREIGN KEY (`sectionId`) REFERENCES `craft_sections` (`id`) ON DELETE CASCADE;

--
-- Constraints for table `craft_sessions`
--
ALTER TABLE `craft_sessions`
	ADD CONSTRAINT `craft_sessions_userId_fk` FOREIGN KEY (`userId`) REFERENCES `craft_users` (`id`) ON DELETE CASCADE;

--
-- Constraints for table `craft_shunnedmessages`
--
ALTER TABLE `craft_shunnedmessages`
	ADD CONSTRAINT `craft_shunnedmessages_userId_fk` FOREIGN KEY (`userId`) REFERENCES `craft_users` (`id`) ON DELETE CASCADE;

--
-- Constraints for table `craft_usergroups_users`
--
ALTER TABLE `craft_usergroups_users`
	ADD CONSTRAINT `craft_usergroups_users_groupId_fk` FOREIGN KEY (`groupId`) REFERENCES `craft_usergroups` (`id`) ON DELETE CASCADE,
	ADD CONSTRAINT `craft_usergroups_users_userId_fk` FOREIGN KEY (`userId`) REFERENCES `craft_users` (`id`) ON DELETE CASCADE;

--
-- Constraints for table `craft_userpermissions_usergroups`
--
ALTER TABLE `craft_userpermissions_usergroups`
	ADD CONSTRAINT `craft_userpermissions_usergroups_groupId_fk` FOREIGN KEY (`groupId`) REFERENCES `craft_usergroups` (`id`) ON DELETE CASCADE,
	ADD CONSTRAINT `craft_userpermissions_usergroups_permissionId_fk` FOREIGN KEY (`permissionId`) REFERENCES `craft_userpermissions` (`id`) ON DELETE CASCADE;

--
-- Constraints for table `craft_userpermissions_users`
--
ALTER TABLE `craft_userpermissions_users`
	ADD CONSTRAINT `craft_userpermissions_users_permissionId_fk` FOREIGN KEY (`permissionId`) REFERENCES `craft_userpermissions` (`id`) ON DELETE CASCADE,
	ADD CONSTRAINT `craft_userpermissions_users_userId_fk` FOREIGN KEY (`userId`) REFERENCES `craft_users` (`id`) ON DELETE CASCADE;

--
-- Constraints for table `craft_users`
--
ALTER TABLE `craft_users`
	ADD CONSTRAINT `craft_users_id_fk` FOREIGN KEY (`id`) REFERENCES `craft_elements` (`id`) ON DELETE CASCADE,
	ADD CONSTRAINT `craft_users_preferredLocale_fk` FOREIGN KEY (`preferredLocale`) REFERENCES `craft_locales` (`locale`) ON DELETE SET NULL ON UPDATE CASCADE;

--
-- Constraints for table `craft_widgets`
--
ALTER TABLE `craft_widgets`
	ADD CONSTRAINT `craft_widgets_userId_fk` FOREIGN KEY (`userId`) REFERENCES `craft_users` (`id`) ON DELETE CASCADE;

SET FOREIGN_KEY_CHECKS = 1;
COMMIT;

/*!40101 SET CHARACTER_SET_CLIENT=@OLD_CHARACTER_SET_CLIENT */;
/*!40101 SET CHARACTER_SET_RESULTS=@OLD_CHARACTER_SET_RESULTS */;
/*!40101 SET COLLATION_CONNECTION=@OLD_COLLATION_CONNECTION */;
