-- Generated by Craft v1.0.2280 on Jul 29, 2013 12:15:50 AM.

--
-- Disable foreign key checks and autocommit and start a transaction.
--

SET FOREIGN_KEY_CHECKS = 0;
SET SQL_MODE = "NO_AUTO_VALUE_ON_ZERO";
SET AUTOCOMMIT = 0;
SET NAMES utf8;
START TRANSACTION;

/*!40101 SET @OLD_CHARACTER_SET_CLIENT=@@CHARACTER_SET_CLIENT */;
/*!40101 SET @OLD_CHARACTER_SET_RESULTS=@@CHARACTER_SET_RESULTS */;
/*!40101 SET @OLD_COLLATION_CONNECTION=@@COLLATION_CONNECTION */;
/*!40101 SET NAMES utf8 */;

--
-- Schema for table `craft_assetfiles`
--

DROP TABLE IF EXISTS `craft_assetfiles`;

CREATE TABLE `craft_assetfiles` (
  `id` int(11) NOT NULL,
  `sourceId` int(11) NOT NULL,
  `folderId` int(11) NOT NULL,
  `filename` varchar(255) COLLATE utf8_unicode_ci NOT NULL,
  `kind` char(10) COLLATE utf8_unicode_ci DEFAULT NULL,
  `width` smallint(6) unsigned DEFAULT NULL,
  `height` smallint(6) unsigned DEFAULT NULL,
  `size` int(11) unsigned DEFAULT NULL,
  `dateModified` datetime DEFAULT NULL,
  `dateCreated` datetime NOT NULL,
  `dateUpdated` datetime NOT NULL,
  `uid` char(36) COLLATE utf8_unicode_ci NOT NULL DEFAULT '0',
  PRIMARY KEY (`id`),
  UNIQUE KEY `craft_assetfiles_filename_folderId_unq_idx` (`filename`,`folderId`),
  KEY `craft_assetfiles_sourceId_fk` (`sourceId`),
  KEY `craft_assetfiles_folderId_fk` (`folderId`)
) ENGINE=InnoDB DEFAULT CHARSET=utf8 COLLATE=utf8_unicode_ci;

--
-- Data for table `craft_assetfiles`
--

BEGIN;
INSERT INTO `craft_assetfiles` (`id`, `sourceId`, `folderId`, `filename`, `kind`, `width`, `height`, `size`, `dateModified`, `dateCreated`, `dateUpdated`, `uid`) VALUES
 ('13', '3', '3', 'album-background-example-1.jpg', 'image', '2048', '1368', '984681', '2013-06-14 05:09:37', '2013-06-14 05:09:37', '2013-06-14 05:09:37', '7199a68d-966a-4035-99bd-53f21850a559'),
 ('16', '3', '3', 'north-pole-1.jpg', 'image', '1920', '1200', '579414', '2013-06-17 06:46:53', '2013-06-17 06:46:54', '2013-06-17 06:46:54', '05e60c8a-4680-41eb-8f1a-c619ecf47183'),
 ('19', '1', '1', 'the-spinning-song.mp3', 'audio', NULL, NULL, '1589223', '2013-06-18 19:10:09', '2013-06-18 19:10:09', '2013-06-18 19:10:09', '7ba484a3-de0a-49c7-b2b2-e41300a05500'),
 ('20', '1', '1', 'the-spinning-song.ogg', 'video', NULL, NULL, '2376624', '2013-06-18 19:10:09', '2013-06-18 19:10:09', '2013-06-18 19:10:09', '31239637-1aae-43b7-8a96-851f18474c3f'),
 ('21', '3', '3', 'north-pole-2.jpg', 'image', '1600', '1200', '697076', '2013-06-19 04:07:11', '2013-06-19 04:07:11', '2013-06-19 04:07:11', '444cb2b0-21c7-4879-95fd-471a735b4dc8'),
 ('22', '1', '1', 'Bach__English_Suite_No._2_in_A_minor__BWV_807__Prelude_-_Andras_Schiff.mp3', 'audio', NULL, NULL, '4796227', '2013-06-19 06:43:59', '2013-06-19 06:43:59', '2013-06-19 06:43:59', '9373400e-c0ac-433b-ad4e-d8032f525230'),
 ('23', '3', '3', 'black-white-piano-organ.jpg', 'image', '1024', '819', '334023', '2013-06-19 07:06:31', '2013-06-19 07:06:31', '2013-06-19 07:06:31', 'ff12b330-07b9-4d2e-a0a6-b731a3c77d30'),
 ('24', '3', '3', 'Black_and_white_mountain_landscape.jpg', 'image', '1920', '1080', '661051', '2013-06-19 07:06:31', '2013-06-19 07:06:31', '2013-06-19 07:06:31', 'af1d3793-b9aa-432b-ac8d-be95989a4b21'),
 ('25', '1', '1', 'Bach__English_Suite_No._2_in_A_minor__BWV_807__Prelude_-_Andras_Schiff.ogg', 'video', NULL, NULL, '7169553', '2013-06-20 03:47:12', '2013-06-20 03:47:12', '2013-06-20 03:47:12', '4903655b-b025-44fc-bf2b-410968f6d227'),
 ('27', '1', '1', 'in-the-darkest-night-we_-sing.ogg', 'video', NULL, NULL, '12308488', '2013-06-20 03:50:25', '2013-06-20 03:50:25', '2013-06-20 03:50:25', 'a4ce5690-ebd6-4306-9acb-fcb94e0fb4dc'),
 ('28', '1', '1', 'in-the-darkest-night-we_-sing.mp3', 'audio', NULL, NULL, '19781258', '2013-06-20 03:51:22', '2013-06-20 03:51:22', '2013-06-20 03:51:22', '47e69d6b-2d4c-4b3e-8c18-6466f40a78b9'),
 ('29', '4', '4', 'album-2-cover.jpg', 'image', '390', '130', '33395', '2013-06-29 22:13:41', '2013-06-29 22:13:41', '2013-06-29 22:16:07', '81c4b845-9e9d-464d-bfc1-6f9bd99306c6'),
 ('30', '4', '4', 'album-cover.jpg', 'image', '500', '133', '30741', '2013-06-29 22:21:22', '2013-06-29 22:21:22', '2013-06-29 22:21:22', 'a6b5e384-c017-4072-9cff-e4ee8bca53b8'),
 ('31', '1', '1', 'Arthur_Rubinstein_-_Chopin_Nocturne_Op._37__No._2_in_G.mp3', 'audio', NULL, NULL, '6644615', '2013-07-17 02:15:21', '2013-07-17 02:15:21', '2013-07-17 02:15:21', 'a533d1f7-dd7f-49b7-b99e-afa65ec6f463'),
 ('32', '1', '1', 'Arthur_Rubinstein_-_Chopin_Nocturne_Op._37__No._2_in_G.ogg', 'video', NULL, NULL, '5629324', '2013-07-17 02:15:22', '2013-07-17 02:15:22', '2013-07-17 02:15:22', '24e91ddd-6aa5-493f-aa8e-bd318d260b7a'),
 ('34', '3', '3', 'nocturne.jpg', 'image', '980', '752', '193783', '2013-07-17 04:32:33', '2013-07-17 04:31:03', '2013-07-17 04:32:37', 'b9789258-be97-4275-b1a5-ae77b83cca12'),
 ('36', '3', '3', 'edward-steichen-web.jpg', 'image', '1262', '963', '422269', '2013-07-17 04:34:41', '2013-07-17 04:34:41', '2013-07-17 04:34:41', 'f34c5b5d-3976-4dc2-bc9c-867d19e0a1fe'),
 ('37', '2', '2', 'Arthur_Rubinstein_-_Chopin_Nocturne_Op._37__No._2_in_G.json', NULL, NULL, NULL, '54075', '2013-07-20 15:09:10', '2013-07-20 15:09:10', '2013-07-20 15:09:10', 'e26600a2-bc0e-47c5-8c7d-642427d3b95d'),
 ('38', '2', '2', 'Bach__English_Suite_No._2_in_A_minor__BWV_807__Prelude_-_Andras_Schiff.json', NULL, NULL, NULL, '40712', '2013-07-20 17:30:25', '2013-07-20 17:30:25', '2013-07-20 17:30:25', 'cd7ca0de-1d3b-4467-b1c5-070a2090fb5a'),
 ('39', '2', '2', 'in-the-darkest-night-we_-sing.json', NULL, NULL, NULL, '60848', '2013-07-20 17:30:29', '2013-07-20 17:30:29', '2013-07-20 17:30:29', '5a8c4e9d-6c22-48f5-bc14-77fd01484b12'),
 ('40', '2', '2', 'the-spinning-song.json', NULL, NULL, NULL, '14313', '2013-07-20 17:30:32', '2013-07-20 17:30:32', '2013-07-20 17:30:32', '8dcc74c6-61a3-43ef-a45e-53bc3622a3f7'),
 ('41', '5', '5', 'Resume2013-chinese.docx', 'word', NULL, NULL, '76573', '2013-07-21 18:49:47', '2013-07-21 18:49:47', '2013-07-21 18:49:47', 'c7df2a4c-620c-465b-847f-087cd031c490'),
 ('42', '5', '5', 'Resume2013-chinese.pdf', 'pdf', NULL, NULL, '121502', '2013-07-21 18:49:47', '2013-07-21 18:49:47', '2013-07-21 18:49:47', '24750b64-9c8b-4b3a-b7ec-5033d92a5c13'),
 ('43', '5', '5', 'Resume2013english.docx', 'word', NULL, NULL, '120829', '2013-07-21 18:49:47', '2013-07-21 18:49:48', '2013-07-21 18:49:48', 'c28704e7-42df-4a56-8926-b530b1201a1a');
COMMIT;


--
-- Schema for table `craft_assetfolders`
--

DROP TABLE IF EXISTS `craft_assetfolders`;

CREATE TABLE `craft_assetfolders` (
  `id` int(11) NOT NULL AUTO_INCREMENT,
  `parentId` int(11) DEFAULT NULL,
  `sourceId` int(11) NOT NULL,
  `name` varchar(255) COLLATE utf8_unicode_ci NOT NULL,
  `fullPath` varchar(255) COLLATE utf8_unicode_ci DEFAULT NULL,
  `dateCreated` datetime NOT NULL,
  `dateUpdated` datetime NOT NULL,
  `uid` char(36) COLLATE utf8_unicode_ci NOT NULL DEFAULT '0',
  PRIMARY KEY (`id`),
  UNIQUE KEY `craft_assetfolders_name_parentId_sourceId_unq_idx` (`name`,`parentId`,`sourceId`),
  KEY `craft_assetfolders_parentId_fk` (`parentId`),
  KEY `craft_assetfolders_sourceId_fk` (`sourceId`)
) ENGINE=InnoDB AUTO_INCREMENT=7 DEFAULT CHARSET=utf8 COLLATE=utf8_unicode_ci;

--
-- Data for table `craft_assetfolders`
--

BEGIN;
INSERT INTO `craft_assetfolders` (`id`, `parentId`, `sourceId`, `name`, `fullPath`, `dateCreated`, `dateUpdated`, `uid`) VALUES
 ('1', NULL, '1', 'song', '', '2013-06-13 18:06:23', '2013-06-13 18:10:24', '7f96a7ae-591b-4c9c-90b1-4fca3f15bfea'),
 ('2', NULL, '2', 'song-data', '', '2013-06-13 18:08:27', '2013-06-13 18:08:27', '9787265a-427b-4582-af32-0e4cff80e6b3'),
 ('3', NULL, '3', 'song-artwork', '', '2013-06-13 18:09:49', '2013-06-17 01:46:47', '24e9233c-4010-4382-9a7d-e7455e5b5e22'),
 ('4', NULL, '4', 'album-cover', '', '2013-06-17 02:11:02', '2013-06-17 02:11:02', 'f4b23838-1178-48d9-819a-d23af7d99c13'),
 ('5', NULL, '5', 'downloads', '', '2013-07-21 18:49:11', '2013-07-21 18:49:11', '72ba77cf-54b0-43ba-bd2d-688995e0051d'),
 ('6', NULL, '6', 'miscellaneous', '', '2013-07-21 19:28:10', '2013-07-21 19:28:28', '09717837-6785-40c3-b165-96cdbb17bf93');
COMMIT;


--
-- Schema for table `craft_assetindexdata`
--

DROP TABLE IF EXISTS `craft_assetindexdata`;

CREATE TABLE `craft_assetindexdata` (
  `id` int(11) NOT NULL AUTO_INCREMENT,
  `sessionId` varchar(36) COLLATE utf8_unicode_ci NOT NULL DEFAULT '',
  `sourceId` int(10) NOT NULL,
  `offset` int(10) NOT NULL,
  `uri` varchar(255) COLLATE utf8_unicode_ci DEFAULT NULL,
  `size` int(10) DEFAULT NULL,
  `recordId` int(10) DEFAULT NULL,
  `dateCreated` datetime NOT NULL,
  `dateUpdated` datetime NOT NULL,
  `uid` char(36) COLLATE utf8_unicode_ci NOT NULL DEFAULT '0',
  PRIMARY KEY (`id`),
  UNIQUE KEY `craft_assetindexdata_sessionId_sourceId_offset_unq_idx` (`sessionId`,`sourceId`,`offset`),
  KEY `craft_assetindexdata_sourceId_fk` (`sourceId`)
) ENGINE=InnoDB DEFAULT CHARSET=utf8 COLLATE=utf8_unicode_ci;

--
-- Schema for table `craft_assetsources`
--

DROP TABLE IF EXISTS `craft_assetsources`;

CREATE TABLE `craft_assetsources` (
  `id` int(11) NOT NULL AUTO_INCREMENT,
  `name` varchar(100) COLLATE utf8_unicode_ci NOT NULL,
  `type` char(150) COLLATE utf8_unicode_ci NOT NULL,
  `settings` text COLLATE utf8_unicode_ci,
  `sortOrder` tinyint(4) DEFAULT NULL,
  `dateCreated` datetime NOT NULL,
  `dateUpdated` datetime NOT NULL,
  `uid` char(36) COLLATE utf8_unicode_ci NOT NULL DEFAULT '0',
  PRIMARY KEY (`id`),
  UNIQUE KEY `craft_assetsources_name_unq_idx` (`name`)
) ENGINE=InnoDB AUTO_INCREMENT=7 DEFAULT CHARSET=utf8 COLLATE=utf8_unicode_ci;

--
-- Data for table `craft_assetsources`
--

BEGIN;
INSERT INTO `craft_assetsources` (`id`, `name`, `type`, `settings`, `sortOrder`, `dateCreated`, `dateUpdated`, `uid`) VALUES
 ('1', 'song', 'Local', '{\"path\":\"assets\\/upload\\/song\\/\",\"url\":\"assets\\/upload\\/song\\/\"}', '1', '2013-06-13 18:06:23', '2013-06-14 04:57:16', '099cda60-ad41-4312-a9fa-3c9101cf9589'),
 ('2', 'song-data', 'Local', '{\"path\":\"assets\\/upload\\/song-data\\/\",\"url\":\"assets\\/upload\\/song-data\\/\"}', '2', '2013-06-13 18:08:27', '2013-06-14 04:59:13', '62dc4e40-49d7-47c2-8273-e9994db9fe8f'),
 ('3', 'song-artwork', 'Local', '{\"path\":\"assets\\/upload\\/song-artwork\\/\",\"url\":\"assets\\/upload\\/song-artwork\\/\"}', '3', '2013-06-13 18:09:49', '2013-06-17 01:46:47', '6af5563a-b2f8-4613-86fc-a4c1a38ea930'),
 ('4', 'album-cover', 'Local', '{\"path\":\"assets\\/upload\\/album-cover\\/\",\"url\":\"assets\\/upload\\/album-cover\\/\"}', '4', '2013-06-17 02:11:02', '2013-06-17 02:11:18', '1498e777-9b81-4149-b509-372c4d4b7c19'),
 ('5', 'downloads', 'Local', '{\"path\":\"assets\\/upload\\/downloads\\/\",\"url\":\"assets\\/upload\\/downloads\\/\"}', '5', '2013-07-21 18:49:11', '2013-07-21 18:49:25', '51cef05b-76fc-412f-8937-e772063e2e6d'),
 ('6', 'miscellaneous', 'Local', '{\"path\":\"assets\\/upload\\/miscellaneous\\/\",\"url\":\"assets\\/upload\\/miscellaneous\\/\"}', '6', '2013-07-21 19:28:10', '2013-07-21 19:28:28', '8c9ab8a1-0d91-4a67-9fda-d28c6c18885a');
COMMIT;


--
-- Schema for table `craft_assettransformindex`
--

DROP TABLE IF EXISTS `craft_assettransformindex`;

CREATE TABLE `craft_assettransformindex` (
  `id` int(11) NOT NULL AUTO_INCREMENT,
  `fileId` int(11) NOT NULL,
  `location` varchar(255) COLLATE utf8_unicode_ci NOT NULL,
  `sourceId` int(11) NOT NULL,
  `fileExists` tinyint(1) DEFAULT NULL,
  `inProgress` tinyint(1) DEFAULT NULL,
  `dateIndexed` datetime DEFAULT NULL,
  `dateCreated` datetime NOT NULL,
  `dateUpdated` datetime NOT NULL,
  `uid` char(36) COLLATE utf8_unicode_ci NOT NULL DEFAULT '0',
  PRIMARY KEY (`id`),
  KEY `craft_assettransformindex_sourceId_fileId_location_idx` (`sourceId`,`fileId`,`location`)
) ENGINE=InnoDB AUTO_INCREMENT=17 DEFAULT CHARSET=utf8 COLLATE=utf8_unicode_ci;

--
-- Data for table `craft_assettransformindex`
--

BEGIN;
INSERT INTO `craft_assettransformindex` (`id`, `fileId`, `location`, `sourceId`, `fileExists`, `inProgress`, `dateIndexed`, `dateCreated`, `dateUpdated`, `uid`) VALUES
 ('1', '13', '_100x100_crop_center-center', '3', '1', '0', '2013-06-14 05:10:34', '2013-06-14 05:10:35', '2013-06-14 05:10:36', '9ac19399-34af-493a-9afd-82ebb5c8f801'),
 ('2', '13', '_200x200_crop_center-center', '3', '1', '0', '2013-06-14 05:10:35', '2013-06-14 05:10:35', '2013-06-14 05:10:36', '683d8995-6d37-427b-a1bf-a1378d4ffad3'),
 ('3', '24', '_100x100_crop_center-center', '3', '1', '0', '2013-06-20 20:28:50', '2013-06-20 20:28:50', '2013-06-20 20:28:51', '07e76c39-df19-4f8d-99c7-9740624f891c'),
 ('4', '24', '_200x200_crop_center-center', '3', '1', '0', '2013-06-20 20:28:50', '2013-06-20 20:28:50', '2013-06-20 20:28:52', '7e8f6593-710a-4a38-b64b-98560ef3adf0'),
 ('5', '23', '_100x100_crop_center-center', '3', '1', '0', '2013-06-20 20:28:50', '2013-06-20 20:28:50', '2013-06-20 20:28:51', 'dccc8ea8-b384-4147-855a-70a11fcb49b6'),
 ('6', '23', '_200x200_crop_center-center', '3', '1', '0', '2013-06-20 20:28:50', '2013-06-20 20:28:50', '2013-06-20 20:28:52', 'f57e758a-5c95-4352-b7ae-f2c8f5561a5f'),
 ('7', '16', '_100x100_crop_center-center', '3', '1', '0', '2013-06-20 20:28:50', '2013-06-20 20:28:50', '2013-06-20 20:28:52', '7f5a44ee-29f9-4b33-a523-4265f322fc98'),
 ('8', '16', '_200x200_crop_center-center', '3', '1', '0', '2013-06-20 20:28:50', '2013-06-20 20:28:50', '2013-06-20 20:28:52', '5e4c214b-b20c-43fc-940b-b46b9379b0ba'),
 ('9', '21', '_100x100_crop_center-center', '3', '1', '0', '2013-06-20 20:28:50', '2013-06-20 20:28:50', '2013-06-20 20:28:52', 'c5b42bcf-7194-4432-967d-b55af638bc17'),
 ('10', '21', '_200x200_crop_center-center', '3', '1', '0', '2013-06-20 20:28:50', '2013-06-20 20:28:50', '2013-06-20 20:28:53', '032be2a1-a66f-4284-9e3e-56c358dd4f6b'),
 ('13', '29', '_100x100_crop_center-center', '4', '1', '0', '2013-06-29 22:14:13', '2013-06-29 22:14:13', '2013-06-29 22:14:14', 'abf7c794-d270-4575-90f5-86ad4da12007'),
 ('14', '29', '_200x200_crop_center-center', '4', '1', '0', '2013-06-29 22:14:13', '2013-06-29 22:14:13', '2013-06-29 22:14:14', 'fa292500-58c3-475a-bf1b-ee5df89aa20a'),
 ('15', '30', '_100x100_crop_center-center', '4', '1', '0', '2013-06-29 22:21:23', '2013-06-29 22:21:23', '2013-06-29 22:21:24', '88148545-cd9d-4ccf-812c-eb0c578c2831'),
 ('16', '30', '_200x200_crop_center-center', '4', '1', '0', '2013-06-29 22:21:23', '2013-06-29 22:21:23', '2013-06-29 22:21:23', '971076cc-944c-4c73-a592-bd3ba7092e8b');
COMMIT;


--
-- Schema for table `craft_assettransforms`
--

DROP TABLE IF EXISTS `craft_assettransforms`;

CREATE TABLE `craft_assettransforms` (
  `id` int(11) NOT NULL AUTO_INCREMENT,
  `name` varchar(255) COLLATE utf8_unicode_ci NOT NULL,
  `handle` varchar(255) COLLATE utf8_unicode_ci NOT NULL,
  `mode` enum('stretch','fit','crop') COLLATE utf8_unicode_ci NOT NULL DEFAULT 'crop',
  `position` enum('top-left','top-center','top-right','center-left','center-center','center-right','bottom-left','bottom-center','bottom-right') COLLATE utf8_unicode_ci NOT NULL DEFAULT 'center-center',
  `height` int(10) DEFAULT NULL,
  `width` int(10) DEFAULT NULL,
  `dimensionChangeTime` datetime DEFAULT NULL,
  `dateCreated` datetime NOT NULL,
  `dateUpdated` datetime NOT NULL,
  `uid` char(36) COLLATE utf8_unicode_ci NOT NULL DEFAULT '0',
  PRIMARY KEY (`id`),
  UNIQUE KEY `craft_assettransforms_name_unq_idx` (`name`),
  UNIQUE KEY `craft_assettransforms_handle_unq_idx` (`handle`)
) ENGINE=InnoDB DEFAULT CHARSET=utf8 COLLATE=utf8_unicode_ci;

--
-- Schema for table `craft_content`
--

DROP TABLE IF EXISTS `craft_content`;

CREATE TABLE `craft_content` (
  `id` int(11) NOT NULL AUTO_INCREMENT,
  `elementId` int(11) NOT NULL,
  `locale` char(12) COLLATE utf8_unicode_ci NOT NULL,
  `heading` varchar(255) COLLATE utf8_unicode_ci DEFAULT NULL,
  `body` text COLLATE utf8_unicode_ci,
  `description` text COLLATE utf8_unicode_ci,
  `composer` varchar(255) COLLATE utf8_unicode_ci DEFAULT NULL,
  `instruments` text COLLATE utf8_unicode_ci,
  `duration` int(10) unsigned DEFAULT NULL,
  `performer` text COLLATE utf8_unicode_ci,
  `video` varchar(255) COLLATE utf8_unicode_ci DEFAULT NULL,
  `mediaFormat` varchar(255) COLLATE utf8_unicode_ci DEFAULT NULL,
  `year` smallint(4) unsigned DEFAULT NULL,
  `emailHeading` varchar(255) COLLATE utf8_unicode_ci DEFAULT NULL,
  `emailAddress` varchar(255) COLLATE utf8_unicode_ci DEFAULT NULL,
  `socialHeading` varchar(255) COLLATE utf8_unicode_ci DEFAULT NULL,
  `facebookUrl` varchar(255) COLLATE utf8_unicode_ci DEFAULT NULL,
  `twitterUrl` varchar(255) COLLATE utf8_unicode_ci DEFAULT NULL,
  `googlePlusUrl` varchar(255) COLLATE utf8_unicode_ci DEFAULT NULL,
  `fromName` varchar(255) COLLATE utf8_unicode_ci DEFAULT NULL,
  `fromEmail` varchar(255) COLLATE utf8_unicode_ci DEFAULT NULL,
  `message` varchar(255) COLLATE utf8_unicode_ci DEFAULT NULL,
  `messageFormHeading` varchar(255) COLLATE utf8_unicode_ci DEFAULT NULL,
  `eventList` text COLLATE utf8_unicode_ci,
  `subHeading` varchar(255) COLLATE utf8_unicode_ci DEFAULT NULL,
  `authorName` varchar(255) COLLATE utf8_unicode_ci DEFAULT NULL,
  `authorUrl` varchar(255) COLLATE utf8_unicode_ci DEFAULT NULL,
  `workTitle` varchar(255) COLLATE utf8_unicode_ci DEFAULT NULL,
  `workUrl` varchar(255) COLLATE utf8_unicode_ci DEFAULT NULL,
  `brief` text COLLATE utf8_unicode_ci,
  `career` text COLLATE utf8_unicode_ci,
  `press` text COLLATE utf8_unicode_ci,
  `subject` varchar(255) COLLATE utf8_unicode_ci DEFAULT NULL,
  `allowDownload` varchar(255) COLLATE utf8_unicode_ci DEFAULT NULL,
  `linkedinUrl` varchar(255) COLLATE utf8_unicode_ci DEFAULT NULL,
  `youtubeUrl` varchar(255) COLLATE utf8_unicode_ci DEFAULT NULL,
  `vimeoUrl` varchar(255) COLLATE utf8_unicode_ci DEFAULT NULL,
  `metaKeywords` varchar(255) COLLATE utf8_unicode_ci DEFAULT NULL,
  `metaDescription` varchar(255) COLLATE utf8_unicode_ci DEFAULT NULL,
  `token` varchar(255) COLLATE utf8_unicode_ci DEFAULT NULL,
  `emailOwner` varchar(255) COLLATE utf8_unicode_ci DEFAULT NULL,
  `dateCreated` datetime NOT NULL,
  `dateUpdated` datetime NOT NULL,
  `uid` char(36) COLLATE utf8_unicode_ci NOT NULL DEFAULT '0',
  PRIMARY KEY (`id`),
  UNIQUE KEY `craft_content_elementId_locale_unq_idx` (`elementId`,`locale`),
  KEY `craft_content_locale_fk` (`locale`)
) ENGINE=InnoDB AUTO_INCREMENT=16 DEFAULT CHARSET=utf8 COLLATE=utf8_unicode_ci;

--
-- Data for table `craft_content`
--

BEGIN;
INSERT INTO `craft_content` (`id`, `elementId`, `locale`, `heading`, `body`, `description`, `composer`, `instruments`, `duration`, `performer`, `video`, `mediaFormat`, `year`, `emailHeading`, `emailAddress`, `socialHeading`, `facebookUrl`, `twitterUrl`, `googlePlusUrl`, `fromName`, `fromEmail`, `message`, `messageFormHeading`, `eventList`, `subHeading`, `authorName`, `authorUrl`, `workTitle`, `workUrl`, `brief`, `career`, `press`, `subject`, `allowDownload`, `linkedinUrl`, `youtubeUrl`, `vimeoUrl`, `metaKeywords`, `metaDescription`, `token`, `emailOwner`, `dateCreated`, `dateUpdated`, `uid`) VALUES
 ('2', '3', 'en_us', NULL, '<p>Craft is the CMS that’s powering Hlc-portfolio.dev. It’s beautiful, powerful, flexible, and easy-to-use, and it’s made by Pixel &amp; Tonic. We can’t wait to dive in and see what it’s capable of!</p><!--pagebreak--><p>This is even more captivating content, which you couldn’t see on the News index page because it was entered after a Page Break, and the News index template only likes to show the content on the first page.</p><p>Craft: a nice alternative to Word, if you’re making a website.</p>', NULL, NULL, NULL, NULL, NULL, NULL, NULL, NULL, NULL, NULL, NULL, NULL, NULL, NULL, NULL, NULL, NULL, NULL, NULL, NULL, NULL, NULL, NULL, NULL, NULL, NULL, NULL, NULL, NULL, NULL, NULL, NULL, NULL, NULL, NULL, NULL, '2013-06-13 00:38:00', '2013-06-13 00:38:00', 'b565fcd2-3e69-4ebf-8607-3e419961de94'),
 ('3', '4', 'en_us', NULL, NULL, '<p>\r\n	        This is the song description.\r\n</p>', '', '[{\"col1\":\"\"}]', '0', '', '', 'audio', '1999', NULL, NULL, NULL, NULL, NULL, NULL, NULL, NULL, NULL, NULL, NULL, NULL, NULL, NULL, NULL, NULL, NULL, NULL, NULL, NULL, 'n', NULL, NULL, NULL, NULL, NULL, NULL, NULL, '2013-06-13 20:42:35', '2013-07-20 17:31:15', '7e559572-c549-472f-8bc1-8cfed1cc048c'),
 ('4', '5', 'en_us', NULL, NULL, NULL, NULL, NULL, NULL, NULL, NULL, NULL, NULL, NULL, NULL, NULL, NULL, NULL, NULL, NULL, NULL, NULL, NULL, NULL, NULL, NULL, NULL, NULL, NULL, NULL, NULL, NULL, NULL, NULL, NULL, NULL, NULL, NULL, NULL, NULL, NULL, '2013-06-13 20:46:26', '2013-07-21 20:09:51', 'f7aea644-d7e8-41fe-afc9-ef451ffca5dc'),
 ('5', '6', 'en_us', NULL, NULL, NULL, NULL, NULL, NULL, NULL, NULL, NULL, NULL, NULL, NULL, NULL, NULL, NULL, NULL, NULL, NULL, NULL, NULL, NULL, NULL, NULL, NULL, NULL, NULL, 'Lorem ipsum dolor sit amet, consectetur adipiscing elit. Morbi commodo arcu at lorem fermentum imperdiet. Vivamus vel porttitor enim, sed viverra turpis. Aliquam vestibulum elementum volutpat. Curabitur varius pretium magna sit amet molestie. Nunc lobortis adipiscing arcu, sed fermentum velit elementum nec. Ut condimentum vulputate varius. Donec mattis, enim a ullamcorper tincidunt, neque nunc ultrices erat, vel sagittis ligula nibh eget mauris.', 'Vivamus augue mauris, dignissim id ultrices nec, consectetur ut nisi. Fusce iaculis, erat eget pellentesque rutrum, sem enim pretium nisl, quis consectetur ante nulla lobortis eros. Suspendisse hendrerit consectetur lacinia. Phasellus luctus massa eget pulvinar vestibulum. Ut et lectus et nibh sagittis ornare eu vel urna. Aenean ullamcorper dui id elementum luctus. Mauris porta ante dolor, a rhoncus diam vestibulum et. Sed volutpat quam id vulputate ultrices. Phasellus nec eleifend lorem. Nunc vestibulum sodales leo. Pellentesque eleifend felis massa. Pellentesque auctor vestibulum quam, quis malesuada eros vestibulum id. Praesent convallis rhoncus pulvinar. Sed bibendum nec orci sed posuere. Aliquam eu suscipit nisi. Proin tristique nibh vitae lobortis tincidunt.', 'The other premiere (played by all four musicians) was contemporary composer Chen Hsin-Lei’s By the Light of Nature, a musical realization of the concept of “nothingness” or “blankness,” described in the notes as “one of the spiritual cores of Chinese art.” To give you a partial idea of that concept, imagine something that is hidden from you, like a village that you can’t see because there’s a mountain in front of it. This most impressive work included some apparently pre-recorded digital sounds.', NULL, NULL, NULL, NULL, NULL, NULL, NULL, 'biography', NULL, '2013-06-13 20:56:34', '2013-07-22 01:29:11', '45085120-a97d-4346-9d2d-d633d94a6822'),
 ('6', '8', 'en_us', NULL, NULL, NULL, NULL, NULL, NULL, NULL, NULL, NULL, NULL, NULL, NULL, NULL, NULL, NULL, NULL, NULL, NULL, NULL, NULL, '[{\"col1\":\"Council doe Cultural Creative Industry Project Award\",\"col2\":\"2010\",\"col3\":\"http:\\/\\/www.google.com\\/\"},{\"col1\":\"College-Conservatory of Music, University of Cincinnati Orchestral Work Competition\",\"col2\":\"2007\",\"col3\":\"\"},{\"col1\":\"ERM Media\\u2019s Next Master Work Award\",\"col2\":\"2006\",\"col3\":\"\"},{\"col1\":\"Formosa Composition Competition, Third Place and Audience Special Award\",\"col2\":\"2004\",\"col3\":\"\"}]', NULL, NULL, NULL, NULL, NULL, NULL, NULL, NULL, NULL, NULL, NULL, NULL, NULL, NULL, NULL, 'awards', NULL, '2013-06-13 21:10:30', '2013-07-22 01:29:03', 'e3eae87a-00a1-4510-a68a-451d28d0ff2b'),
 ('7', '10', 'en_us', 'Hsin-Lei Chen', NULL, NULL, NULL, NULL, NULL, NULL, NULL, NULL, NULL, NULL, NULL, NULL, NULL, NULL, NULL, NULL, NULL, NULL, NULL, NULL, 'composer', NULL, NULL, NULL, NULL, NULL, NULL, NULL, NULL, NULL, NULL, NULL, NULL, NULL, NULL, 'home', NULL, '2013-06-13 21:22:42', '2013-07-22 01:29:22', 'e3811593-9e59-4ede-9729-c347d08ce2df'),
 ('8', '13', 'en_us', NULL, NULL, NULL, NULL, NULL, NULL, NULL, NULL, NULL, NULL, NULL, NULL, NULL, NULL, NULL, NULL, NULL, NULL, NULL, NULL, NULL, NULL, 'Unknown Author', 'http://www.google.com', 'Unknown Work Title', 'http://www.sina.com.cn', NULL, NULL, NULL, NULL, NULL, NULL, NULL, NULL, NULL, NULL, NULL, NULL, '2013-06-14 05:10:13', '2013-06-14 05:10:13', '1d5abe66-9d62-4634-8386-1a01b18320aa'),
 ('9', '14', 'en_us', NULL, NULL, NULL, NULL, NULL, NULL, NULL, NULL, NULL, NULL, NULL, NULL, NULL, NULL, NULL, NULL, NULL, NULL, NULL, NULL, NULL, NULL, NULL, NULL, NULL, NULL, NULL, NULL, NULL, NULL, NULL, NULL, NULL, NULL, NULL, NULL, NULL, NULL, '2013-06-14 05:53:25', '2013-07-21 20:09:46', 'b2b0f620-6c33-4c59-8c96-21e5e9da3aff'),
 ('10', '7', 'en_us', NULL, NULL, NULL, NULL, NULL, NULL, NULL, NULL, NULL, NULL, 'e-mail', 'admin@hsinleichen.com', 'social network', 'http://www.facebook.com/', 'http://www.twitter.com/', 'http://www.google.com/plus/', 'Your name', 'Your email', 'Please write down your message', 'leave your message', NULL, NULL, NULL, NULL, NULL, NULL, NULL, NULL, NULL, 'Subject', NULL, 'http://www.linkedin.com/', 'http://www.youtube.com/', 'http://www.vimeo.com/', NULL, NULL, 'contact', 'Hsin-Lei Chen', '2013-06-15 16:17:26', '2013-07-28 23:25:02', '9600636e-dc6c-43a7-9663-05ad5c26610f'),
 ('11', '17', 'en_us', NULL, NULL, '<p>\r\n	 Lorem ipsum dolor sit amet, consectetur adipiscing elit. Nullam id purus mauris. Morbi dapibus augue sapien, eget ultricies diam consequat vitae. Praesent lacus ante, ornare at libero a, volutpat volutpat erat. Etiam non convallis diam. Duis sed magna tincidunt velit dignissim mattis. Proin placerat sagittis purus, sed aliquam nunc rutrum vel. Maecenas sit amet luctus felis. Sed scelerisque vitae magna a malesuada. Nullam id aliquet neque, eget pulvinar sem. Aliquam mattis urna et semper porta. Pellentesque sed lacus ullamcorper, faucibus velit venenatis, vestibulum ipsum. Aliquam ante dui, fermentum quis mi et, laoreet faucibus lacus. Vestibulum sit amet nunc vitae felis ornare malesuada sed vel ante. Proin ante sapien, tristique quis turpis nec, commodo luctus tortor. Donec vel risus ligula. Suspendisse diam sem, pulvinar sed velit non, ullamcorper viverra erat.\r\n</p>\r\n<p>\r\n	 Phasellus at orci vitae ipsum suscipit dignissim semper sed sapien. Vestibulum ante ipsum primis in faucibus orci luctus et ultrices posuere cubilia Curae; Phasellus augue justo, pellentesque nec mi quis, posuere tempus mi. Suspendisse sit amet scelerisque urna. Sed mollis odio non velit dignissim luctus. Ut tortor velit, tristique et porttitor quis, sagittis non purus. Phasellus at nisi varius, mollis tortor eget, eleifend ipsum. Interdum et malesuada fames ac ante ipsum primis in faucibus. Lorem ipsum dolor sit amet, consectetur adipiscing elit.\r\n</p>', 'Hsin-Lei Chen', '[{\"col1\":\"piano\"},{\"col1\":\"guitar\"}]', '9000', 'Calvin Cui', '', 'audio', '1980', NULL, NULL, NULL, NULL, NULL, NULL, NULL, NULL, NULL, NULL, NULL, NULL, NULL, NULL, NULL, NULL, NULL, NULL, NULL, NULL, 'y', NULL, NULL, NULL, NULL, NULL, NULL, NULL, '2013-06-17 06:48:19', '2013-07-20 17:31:04', '13ec685d-d0d5-4157-ba57-0cdf852a9488'),
 ('12', '26', 'en_us', NULL, NULL, '<p>\r\n	  Introduction of in the darkest night we sing...\r\n</p>', '', '[{\"col1\":\"\"}]', '0', '', '', 'audio', '2012', NULL, NULL, NULL, NULL, NULL, NULL, NULL, NULL, NULL, NULL, NULL, NULL, NULL, NULL, NULL, NULL, NULL, NULL, NULL, NULL, 'n', NULL, NULL, NULL, NULL, NULL, NULL, NULL, '2013-06-20 03:50:08', '2013-07-20 17:30:56', 'e8c09e95-5db8-49e5-a9f8-6a1b2bd105fe'),
 ('13', '33', 'en_us', NULL, NULL, '<p>\r\n	    Lorem ipsum dolor sit amet, consectetur adipiscing elit. Morbi posuere ligula justo, in condimentum tortor venenatis a. Vestibulum ante ipsum primis in faucibus orci luctus et ultrices posuere cubilia Curae; Nullam tellus urna, eleifend vel nulla sit amet, ullamcorper ultricies neque. Aliquam cursus elementum leo quis eleifend. Nulla feugiat ultrices consequat. Mauris a ligula gravida, laoreet orci pulvinar, imperdiet dolor. Donec vehicula sagittis sapien. Aenean lorem nisi, auctor vel vehicula semper, imperdiet at erat. Pellentesque suscipit, lorem non fermentum luctus, magna leo facilisis mi, viverra convallis purus elit nec est. Vivamus varius, leo at viverra lobortis, nunc urna malesuada urna, in commodo tortor libero egestas mauris. Vestibulum vel tellus sed erat lobortis sollicitudin vel id tellus. Sed at dolor eu nunc feugiat fringilla. Proin nec lorem consequat, auctor libero eget, euismod libero. Quisque ornare pellentesque felis, sed interdum nisi pulvinar non. Fusce vitae quam eget massa sodales tristique. Etiam euismod odio diam, vitae rutrum arcu lobortis sit amet.\r\n</p>', '', '[{\"col1\":\"Piano\"}]', '9000', 'Yixiong Zhou', '', 'audio', '2010', NULL, NULL, NULL, NULL, NULL, NULL, NULL, NULL, NULL, NULL, NULL, NULL, NULL, NULL, NULL, NULL, NULL, NULL, NULL, NULL, 'y', NULL, NULL, NULL, NULL, NULL, NULL, NULL, '2013-07-17 02:17:42', '2013-07-22 05:04:31', 'a56a1e43-9fac-47eb-b7a7-db44a34a1a87'),
 ('14', '44', 'en_us', NULL, NULL, NULL, NULL, NULL, NULL, NULL, NULL, NULL, NULL, NULL, NULL, NULL, NULL, NULL, NULL, NULL, NULL, NULL, NULL, NULL, NULL, NULL, NULL, NULL, NULL, NULL, NULL, NULL, NULL, NULL, NULL, NULL, NULL, NULL, NULL, NULL, NULL, '2013-07-21 18:52:57', '2013-07-21 18:52:57', '977a7e2d-9843-4e2c-a143-9e0b3644db97'),
 ('15', '45', 'en_us', NULL, NULL, NULL, NULL, NULL, NULL, NULL, NULL, NULL, NULL, NULL, NULL, NULL, NULL, NULL, NULL, NULL, NULL, NULL, NULL, NULL, NULL, NULL, NULL, NULL, NULL, NULL, NULL, NULL, NULL, NULL, NULL, NULL, NULL, 'Hsin-Lei Chen composer indie music', 'Musical composer Hsin-Lei Chen\'s portfolio website.', NULL, NULL, '2013-07-21 19:22:11', '2013-07-21 19:22:11', '7c80debf-6bdb-40ed-ba7c-97b7fa4acf12');
COMMIT;


--
-- Schema for table `craft_elements`
--

DROP TABLE IF EXISTS `craft_elements`;

CREATE TABLE `craft_elements` (
  `id` int(11) NOT NULL AUTO_INCREMENT,
  `type` char(150) COLLATE utf8_unicode_ci NOT NULL,
  `enabled` tinyint(1) unsigned NOT NULL DEFAULT '1',
  `archived` tinyint(1) unsigned NOT NULL DEFAULT '0',
  `dateCreated` datetime NOT NULL,
  `dateUpdated` datetime NOT NULL,
  `uid` char(36) COLLATE utf8_unicode_ci NOT NULL DEFAULT '0',
  PRIMARY KEY (`id`),
  KEY `craft_elements_type_idx` (`type`),
  KEY `craft_elements_enabled_idx` (`enabled`),
  KEY `craft_elements_archived_idx` (`archived`)
) ENGINE=InnoDB AUTO_INCREMENT=47 DEFAULT CHARSET=utf8 COLLATE=utf8_unicode_ci;

--
-- Data for table `craft_elements`
--

BEGIN;
INSERT INTO `craft_elements` (`id`, `type`, `enabled`, `archived`, `dateCreated`, `dateUpdated`, `uid`) VALUES
 ('1', 'User', '1', '0', '2013-06-13 00:37:57', '2013-06-13 00:37:57', 'cf7af526-9a13-4737-8125-41032c93941d'),
 ('3', 'Entry', '1', '0', '2013-06-13 00:38:00', '2013-06-13 00:38:00', '5d40d2a8-d926-4e78-8c32-4b25308f3e8f'),
 ('4', 'Entry', '1', '0', '2013-06-13 20:42:35', '2013-07-20 17:31:15', 'ad4d93c4-11c9-4526-8f5e-8b392d8f4bf0'),
 ('5', 'Entry', '1', '0', '2013-06-13 20:46:26', '2013-07-21 20:09:51', 'f4768cff-9d8b-428e-889f-48ff2fa2e6a3'),
 ('6', 'GlobalSet', '1', '0', '2013-06-13 20:48:27', '2013-07-22 01:27:49', '521db26d-fe44-4530-9ebc-06f509c1c773'),
 ('7', 'GlobalSet', '1', '0', '2013-06-13 21:03:12', '2013-07-28 23:24:48', 'ff89e362-8251-4c65-a240-0d59b9280f07'),
 ('8', 'GlobalSet', '1', '0', '2013-06-13 21:08:19', '2013-07-22 01:27:55', '73dbcbcf-d186-43b3-8478-87884a95c013'),
 ('10', 'GlobalSet', '1', '0', '2013-06-13 21:22:12', '2013-07-22 01:28:46', 'c3733371-d358-41e0-8981-cbca903c68f0'),
 ('11', 'Asset', '1', '0', '2013-06-14 04:57:23', '2013-06-14 04:57:23', '7691e02b-e923-45db-b555-d3aa98b11846'),
 ('12', 'Asset', '1', '0', '2013-06-14 04:58:22', '2013-06-14 04:58:22', '2a25cbae-52b7-4a0f-bf8b-ada97dae11c6'),
 ('13', 'Asset', '1', '0', '2013-06-14 05:09:37', '2013-06-14 05:09:37', 'c4518bf1-b93e-4e44-82c3-ec691e831774'),
 ('14', 'Entry', '1', '0', '2013-06-14 05:53:25', '2013-07-21 20:09:46', '290c5763-3131-455d-ad53-54f75ea3d2ca'),
 ('15', 'Asset', '1', '0', '2013-06-17 02:12:34', '2013-06-17 02:12:34', '39f39069-589d-47c9-9c46-13e57fc8b993'),
 ('16', 'Asset', '1', '0', '2013-06-17 06:46:54', '2013-06-17 06:46:54', '3b53f1f8-7e69-4d5a-b849-f5159114b60a'),
 ('17', 'Entry', '1', '0', '2013-06-17 06:48:19', '2013-07-20 17:31:04', 'f1506105-5c7e-4b3f-a354-e96b7c8652a5'),
 ('19', 'Asset', '1', '0', '2013-06-18 19:10:09', '2013-06-18 19:10:09', 'bd99137c-9490-4ee7-8d72-d18fed606fce'),
 ('20', 'Asset', '1', '0', '2013-06-18 19:10:09', '2013-06-18 19:10:09', 'ee373681-513d-4c18-b10b-7af9a1b992d5'),
 ('21', 'Asset', '1', '0', '2013-06-19 04:07:11', '2013-06-19 04:07:11', 'ff75b617-12bc-4dee-8c94-1435f7b7df5f'),
 ('22', 'Asset', '1', '0', '2013-06-19 06:43:59', '2013-06-19 06:43:59', 'fa926e1c-08bc-43fb-ade7-c93e8d67862f'),
 ('23', 'Asset', '1', '0', '2013-06-19 07:06:31', '2013-06-19 07:06:31', '0fbc698b-ab1b-4871-aabf-c1894a13a433'),
 ('24', 'Asset', '1', '0', '2013-06-19 07:06:31', '2013-06-19 07:06:31', 'a63a029a-9bed-4293-80cc-708e5a8ba391'),
 ('25', 'Asset', '1', '0', '2013-06-20 03:47:12', '2013-06-20 03:47:12', '994ba8de-6e76-4e82-bcb6-072a55bf0003'),
 ('26', 'Entry', '1', '0', '2013-06-20 03:50:08', '2013-07-20 17:30:56', 'e1e6afc5-d766-4462-840c-2314d7a3a216'),
 ('27', 'Asset', '1', '0', '2013-06-20 03:50:25', '2013-06-20 03:50:25', 'aa49ed12-506b-42e9-b241-30c6189a35aa'),
 ('28', 'Asset', '1', '0', '2013-06-20 03:51:22', '2013-06-20 03:51:22', 'b8f3eb71-549c-47c9-8b5b-2538e446905a'),
 ('29', 'Asset', '1', '0', '2013-06-29 22:13:41', '2013-06-29 22:13:41', '31e7da20-391c-4113-b2c0-42e955d79da3'),
 ('30', 'Asset', '1', '0', '2013-06-29 22:21:22', '2013-06-29 22:21:22', 'b75abfb3-bb8b-4f3f-9ee6-1287632bd702'),
 ('31', 'Asset', '1', '0', '2013-07-17 02:15:21', '2013-07-17 02:15:21', 'dd30962e-6daa-450a-8357-d6160f9227e1'),
 ('32', 'Asset', '1', '0', '2013-07-17 02:15:22', '2013-07-17 02:15:22', 'e313e549-2803-4e0c-81f8-af022913e9fe'),
 ('33', 'Entry', '1', '0', '2013-07-17 02:17:42', '2013-07-22 05:04:31', 'b782f1bb-3a31-45e8-a0fe-d04e97ff892a'),
 ('34', 'Asset', '1', '0', '2013-07-17 04:31:03', '2013-07-17 04:31:03', '7e32cfdf-f87b-48a7-8f0a-ae7a749f060e'),
 ('36', 'Asset', '1', '0', '2013-07-17 04:34:41', '2013-07-17 04:34:41', '416f080c-3b7e-41e5-8716-e754d03ac320'),
 ('37', 'Asset', '1', '0', '2013-07-20 15:09:10', '2013-07-20 15:09:10', '6414b80c-b6fd-4019-b99a-57fb8a503a20'),
 ('38', 'Asset', '1', '0', '2013-07-20 17:30:25', '2013-07-20 17:30:25', '0ce0be46-0010-4969-affb-a9c322589c76'),
 ('39', 'Asset', '1', '0', '2013-07-20 17:30:29', '2013-07-20 17:30:29', 'e9c44143-fac2-412e-9d81-883fa56f17ba'),
 ('40', 'Asset', '1', '0', '2013-07-20 17:30:32', '2013-07-20 17:30:32', 'a7396b9c-bc13-4f28-b9a9-0368408243ab'),
 ('41', 'Asset', '1', '0', '2013-07-21 18:49:47', '2013-07-21 18:49:47', '8b474351-01c6-4839-8ce5-a28906aa7f83'),
 ('42', 'Asset', '1', '0', '2013-07-21 18:49:47', '2013-07-21 18:49:47', 'f19aa1c2-4f39-4752-9d3a-e3da14b0a040'),
 ('43', 'Asset', '1', '0', '2013-07-21 18:49:48', '2013-07-21 18:49:48', 'dee913cf-5519-4cef-bcc7-527938f0e1d6'),
 ('44', 'GlobalSet', '1', '0', '2013-07-21 18:51:04', '2013-07-21 18:52:39', 'c83e1839-a79b-40a9-94f4-ea001fad5f80'),
 ('45', 'GlobalSet', '1', '0', '2013-07-21 19:20:35', '2013-07-21 19:46:47', '3b057792-9d8f-464a-9736-d04229c4beac'),
 ('46', 'User', '1', '0', '2013-07-29 00:10:48', '2013-07-29 00:10:48', '2caa67fe-f3db-4f99-a052-63d46d6ef8b8');
COMMIT;


--
-- Schema for table `craft_elements_i18n`
--

DROP TABLE IF EXISTS `craft_elements_i18n`;

CREATE TABLE `craft_elements_i18n` (
  `id` int(11) NOT NULL AUTO_INCREMENT,
  `elementId` int(11) NOT NULL,
  `locale` char(12) COLLATE utf8_unicode_ci NOT NULL,
  `uri` varchar(255) COLLATE utf8_unicode_ci DEFAULT NULL,
  `dateCreated` datetime NOT NULL,
  `dateUpdated` datetime NOT NULL,
  `uid` char(36) COLLATE utf8_unicode_ci NOT NULL DEFAULT '0',
  PRIMARY KEY (`id`),
  UNIQUE KEY `craft_elements_i18n_elementId_locale_unq_idx` (`elementId`,`locale`),
  UNIQUE KEY `craft_elements_i18n_uri_locale_unq_idx` (`uri`,`locale`),
  KEY `craft_elements_i18n_locale_fk` (`locale`)
) ENGINE=InnoDB AUTO_INCREMENT=8 DEFAULT CHARSET=utf8 COLLATE=utf8_unicode_ci;

--
-- Data for table `craft_elements_i18n`
--

BEGIN;
INSERT INTO `craft_elements_i18n` (`id`, `elementId`, `locale`, `uri`, `dateCreated`, `dateUpdated`, `uid`) VALUES
 ('1', '3', 'en_us', 'news/2013/we-just-installed-craft', '2013-06-13 00:38:00', '2013-06-13 00:38:00', '64977b0d-a86e-460e-bf6a-62be18951647'),
 ('2', '4', 'en_us', NULL, '2013-06-13 20:42:35', '2013-07-20 17:31:15', '137e2eea-f928-44af-bf69-fdc97cea2e50'),
 ('3', '5', 'en_us', 'album/album-1', '2013-06-13 20:46:26', '2013-07-21 20:09:51', 'a13115a2-e23f-4ada-b744-e750efe856f5'),
 ('4', '14', 'en_us', 'album/album-2', '2013-06-14 05:53:25', '2013-07-21 20:09:46', '9e1d1a06-f6d4-4a58-8836-f535262e65fe'),
 ('5', '17', 'en_us', NULL, '2013-06-17 06:48:19', '2013-07-20 17:31:04', '7e4e24bb-1db0-42f8-8a8c-28377c23e469'),
 ('6', '26', 'en_us', NULL, '2013-06-20 03:50:08', '2013-07-20 17:30:56', 'c88e8189-7eba-4870-be53-513f2faf2d22'),
 ('7', '33', 'en_us', NULL, '2013-07-17 02:17:42', '2013-07-22 05:04:31', 'fa033583-f936-4dcd-a1a3-c7e1ea65d4de');
COMMIT;


--
-- Schema for table `craft_emailmessages`
--

DROP TABLE IF EXISTS `craft_emailmessages`;

CREATE TABLE `craft_emailmessages` (
  `id` int(11) NOT NULL AUTO_INCREMENT,
  `key` char(150) COLLATE utf8_unicode_ci NOT NULL,
  `locale` char(12) COLLATE utf8_unicode_ci NOT NULL,
  `subject` varchar(1000) COLLATE utf8_unicode_ci NOT NULL,
  `body` text COLLATE utf8_unicode_ci NOT NULL,
  `dateCreated` datetime NOT NULL,
  `dateUpdated` datetime NOT NULL,
  `uid` char(36) COLLATE utf8_unicode_ci NOT NULL DEFAULT '0',
  PRIMARY KEY (`id`),
  UNIQUE KEY `craft_emailmessages_key_locale_unq_idx` (`key`,`locale`)
) ENGINE=InnoDB DEFAULT CHARSET=utf8 COLLATE=utf8_unicode_ci;

--
-- Schema for table `craft_entries`
--

DROP TABLE IF EXISTS `craft_entries`;

CREATE TABLE `craft_entries` (
  `id` int(11) NOT NULL,
  `sectionId` int(11) NOT NULL,
  `authorId` int(11) NOT NULL,
  `postDate` datetime DEFAULT NULL,
  `expiryDate` datetime DEFAULT NULL,
  `dateCreated` datetime NOT NULL,
  `dateUpdated` datetime NOT NULL,
  `uid` char(36) COLLATE utf8_unicode_ci NOT NULL DEFAULT '0',
  PRIMARY KEY (`id`),
  KEY `craft_entries_sectionId_idx` (`sectionId`),
  KEY `craft_entries_postDate_idx` (`postDate`),
  KEY `craft_entries_expiryDate_idx` (`expiryDate`),
  KEY `craft_entries_authorId_fk` (`authorId`)
) ENGINE=InnoDB DEFAULT CHARSET=utf8 COLLATE=utf8_unicode_ci;

--
-- Data for table `craft_entries`
--

BEGIN;
INSERT INTO `craft_entries` (`id`, `sectionId`, `authorId`, `postDate`, `expiryDate`, `dateCreated`, `dateUpdated`, `uid`) VALUES
 ('4', '3', '1', '2013-06-13 20:42:00', NULL, '2013-06-13 20:42:35', '2013-07-20 17:31:15', '512f8fef-5a03-435c-a2d8-0d81a8a9d436'),
 ('5', '2', '1', '2013-06-13 20:46:00', NULL, '2013-06-13 20:46:26', '2013-07-21 20:09:51', 'c08b9a83-aa7c-4ef1-b5a1-5f6d845c03e3'),
 ('14', '2', '1', '2013-06-14 05:53:00', NULL, '2013-06-14 05:53:25', '2013-07-21 20:09:46', '1c407bbd-aa71-4b15-979f-942fc5f89a78'),
 ('17', '3', '1', '2013-06-17 06:48:00', NULL, '2013-06-17 06:48:19', '2013-07-20 17:31:04', '5c128b0a-06c2-4dbb-a3c9-3165a58c4265'),
 ('26', '3', '1', '2013-06-20 03:50:00', NULL, '2013-06-20 03:50:08', '2013-07-20 17:30:56', '133add02-5d82-4581-b342-577665879601'),
 ('33', '3', '1', '2013-07-17 02:17:00', NULL, '2013-07-17 02:17:42', '2013-07-22 05:04:31', '31cc84af-2f31-4a74-a463-60b2919f8be2');
COMMIT;


--
-- Schema for table `craft_entries_i18n`
--

DROP TABLE IF EXISTS `craft_entries_i18n`;

CREATE TABLE `craft_entries_i18n` (
  `id` int(11) NOT NULL AUTO_INCREMENT,
  `entryId` int(11) NOT NULL,
  `sectionId` int(11) NOT NULL,
  `locale` char(12) COLLATE utf8_unicode_ci NOT NULL,
  `title` varchar(255) COLLATE utf8_unicode_ci NOT NULL,
  `slug` varchar(255) COLLATE utf8_unicode_ci NOT NULL,
  `dateCreated` datetime NOT NULL,
  `dateUpdated` datetime NOT NULL,
  `uid` char(36) COLLATE utf8_unicode_ci NOT NULL DEFAULT '0',
  PRIMARY KEY (`id`),
  UNIQUE KEY `craft_entries_i18n_entryId_locale_unq_idx` (`entryId`,`locale`),
  UNIQUE KEY `craft_entries_i18n_slug_sectionId_locale_unq_idx` (`slug`,`sectionId`,`locale`),
  KEY `craft_entries_i18n_title_idx` (`title`),
  KEY `craft_entries_i18n_sectionId_fk` (`sectionId`),
  KEY `craft_entries_i18n_locale_fk` (`locale`)
) ENGINE=InnoDB AUTO_INCREMENT=8 DEFAULT CHARSET=utf8 COLLATE=utf8_unicode_ci;

--
-- Data for table `craft_entries_i18n`
--

BEGIN;
INSERT INTO `craft_entries_i18n` (`id`, `entryId`, `sectionId`, `locale`, `title`, `slug`, `dateCreated`, `dateUpdated`, `uid`) VALUES
 ('2', '4', '3', 'en_us', 'the school of artist', 'the-school-of-artist', '2013-06-13 20:42:35', '2013-07-20 17:31:15', 'f5d85d52-f65f-4152-8216-b6123ca3eb30'),
 ('3', '5', '2', 'en_us', 'Album I', 'album-1', '2013-06-13 20:46:26', '2013-07-21 20:09:51', '730f9024-fac5-4e97-95f1-6ab4693a88e6'),
 ('4', '14', '2', 'en_us', 'Album II', 'album-2', '2013-06-14 05:53:25', '2013-07-21 20:09:46', '8bbb359c-1f42-465a-a609-d65827d0707c'),
 ('5', '17', '3', 'en_us', 'the spinning song', 'the-spinning-song', '2013-06-17 06:48:19', '2013-07-20 17:31:04', '5ab6a44e-ab20-4f2c-b7e1-db13f9d17432'),
 ('6', '26', '3', 'en_us', 'in the darkest night we sing', 'in-the-darkest-night-we-sing', '2013-06-20 03:50:08', '2013-07-20 17:30:56', 'de8d7c01-c617-4968-9e07-f3124e34fc15'),
 ('7', '33', '3', 'en_us', 'Norcturne Op.37', 'norcturne-op-37', '2013-07-17 02:17:42', '2013-07-22 05:04:31', 'f2c8b663-a6e6-44c8-a595-82e6d35a8277');
COMMIT;


--
-- Schema for table `craft_entrydrafts`
--

DROP TABLE IF EXISTS `craft_entrydrafts`;

CREATE TABLE `craft_entrydrafts` (
  `id` int(11) NOT NULL AUTO_INCREMENT,
  `entryId` int(11) NOT NULL,
  `sectionId` int(11) NOT NULL,
  `creatorId` int(11) NOT NULL,
  `locale` char(12) COLLATE utf8_unicode_ci NOT NULL,
  `name` varchar(255) COLLATE utf8_unicode_ci DEFAULT NULL,
  `data` mediumtext COLLATE utf8_unicode_ci NOT NULL,
  `dateCreated` datetime NOT NULL,
  `dateUpdated` datetime NOT NULL,
  `uid` char(36) COLLATE utf8_unicode_ci NOT NULL DEFAULT '0',
  PRIMARY KEY (`id`),
  KEY `craft_entrydrafts_entryId_locale_idx` (`entryId`,`locale`),
  KEY `craft_entrydrafts_sectionId_fk` (`sectionId`),
  KEY `craft_entrydrafts_creatorId_fk` (`creatorId`),
  KEY `craft_entrydrafts_locale_fk` (`locale`)
) ENGINE=InnoDB DEFAULT CHARSET=utf8 COLLATE=utf8_unicode_ci;

--
-- Schema for table `craft_entrytags`
--

DROP TABLE IF EXISTS `craft_entrytags`;

CREATE TABLE `craft_entrytags` (
  `id` int(11) NOT NULL AUTO_INCREMENT,
  `name` varchar(100) COLLATE utf8_unicode_ci NOT NULL,
  `count` int(10) NOT NULL,
  `dateCreated` datetime NOT NULL,
  `dateUpdated` datetime NOT NULL,
  `uid` char(36) COLLATE utf8_unicode_ci NOT NULL DEFAULT '0',
  PRIMARY KEY (`id`),
  UNIQUE KEY `craft_entrytags_name_unq_idx` (`name`)
) ENGINE=InnoDB DEFAULT CHARSET=utf8 COLLATE=utf8_unicode_ci;

--
-- Schema for table `craft_entrytags_entries`
--

DROP TABLE IF EXISTS `craft_entrytags_entries`;

CREATE TABLE `craft_entrytags_entries` (
  `id` int(11) NOT NULL AUTO_INCREMENT,
  `tagId` int(11) NOT NULL,
  `entryId` int(11) NOT NULL,
  `dateCreated` datetime NOT NULL,
  `dateUpdated` datetime NOT NULL,
  `uid` char(36) COLLATE utf8_unicode_ci NOT NULL DEFAULT '0',
  PRIMARY KEY (`id`),
  KEY `craft_entrytags_entries_tagId_fk` (`tagId`),
  KEY `craft_entrytags_entries_entryId_fk` (`entryId`)
) ENGINE=InnoDB DEFAULT CHARSET=utf8 COLLATE=utf8_unicode_ci;

--
-- Schema for table `craft_entryversions`
--

DROP TABLE IF EXISTS `craft_entryversions`;

CREATE TABLE `craft_entryversions` (
  `id` int(11) NOT NULL AUTO_INCREMENT,
  `entryId` int(11) NOT NULL,
  `sectionId` int(11) NOT NULL,
  `creatorId` int(11) NOT NULL,
  `locale` char(12) COLLATE utf8_unicode_ci NOT NULL,
  `notes` tinytext COLLATE utf8_unicode_ci,
  `data` mediumtext COLLATE utf8_unicode_ci NOT NULL,
  `dateCreated` datetime NOT NULL,
  `dateUpdated` datetime NOT NULL,
  `uid` char(36) COLLATE utf8_unicode_ci NOT NULL DEFAULT '0',
  PRIMARY KEY (`id`),
  KEY `craft_entryversions_entryId_locale_idx` (`entryId`,`locale`),
  KEY `craft_entryversions_sectionId_fk` (`sectionId`),
  KEY `craft_entryversions_creatorId_fk` (`creatorId`),
  KEY `craft_entryversions_locale_fk` (`locale`)
) ENGINE=InnoDB AUTO_INCREMENT=54 DEFAULT CHARSET=utf8 COLLATE=utf8_unicode_ci;

--
-- Data for table `craft_entryversions`
--

BEGIN;
INSERT INTO `craft_entryversions` (`id`, `entryId`, `sectionId`, `creatorId`, `locale`, `notes`, `data`, `dateCreated`, `dateUpdated`, `uid`) VALUES
 ('1', '4', '3', '1', 'en_us', NULL, '{\"authorId\":\"1\",\"title\":\"the school of artist\",\"slug\":\"the-school-of-artist\",\"postDate\":1371156155,\"expiryDate\":null,\"enabled\":1,\"tags\":[],\"fields\":{\"6\":\"\",\"3\":\"<p>\\r\\n\\tThis is the song description.\\r\\n<\\/p>\",\"8\":\"\",\"7\":[{\"col1\":\"\"}],\"11\":\"audio\",\"9\":\"\",\"10\":\"\",\"14\":\"1999\"}}', '2013-06-13 20:42:35', '2013-06-13 20:42:35', 'a448b4e9-bbc5-42d6-bef2-56967c276cfc'),
 ('2', '5', '2', '1', 'en_us', NULL, '{\"authorId\":\"1\",\"title\":\"Album 1\",\"slug\":\"album-1\",\"postDate\":1371156386,\"expiryDate\":null,\"enabled\":1,\"tags\":[],\"fields\":{\"13\":[\"4\"]}}', '2013-06-13 20:46:26', '2013-06-13 20:46:26', 'b26935e3-0934-4097-b7c2-1c4a0cabd13a'),
 ('3', '4', '3', '1', 'en_us', NULL, '{\"authorId\":\"1\",\"title\":\"the school of artist\",\"slug\":\"the-school-of-artist\",\"postDate\":1371156120,\"expiryDate\":null,\"enabled\":1,\"tags\":[],\"fields\":{\"6\":\"\",\"5\":[\"13\"],\"3\":\"<p>\\r\\n\\t This is the song description.\\r\\n<\\/p>\",\"8\":\"\",\"7\":[{\"col1\":\"\"}],\"11\":\"audio\",\"9\":\"\",\"10\":\"\",\"14\":\"1999\"}}', '2013-06-14 05:12:34', '2013-06-14 05:12:34', '8adc476a-1a3c-48ee-b254-a0fe53194d65'),
 ('4', '4', '3', '1', 'en_us', NULL, '{\"authorId\":\"1\",\"title\":\"the school of artist\",\"slug\":\"the-school-of-artist\",\"postDate\":1371156120,\"expiryDate\":null,\"enabled\":1,\"tags\":[],\"fields\":{\"6\":\"\",\"5\":[\"13\"],\"3\":\"<p>\\r\\n\\t  This is the song description.\\r\\n<\\/p>\",\"8\":\"\",\"7\":[{\"col1\":\"\"}],\"11\":\"audio\",\"9\":\"\",\"10\":\"\",\"14\":\"1999\"}}', '2013-06-14 05:19:41', '2013-06-14 05:19:41', '96e1b284-f419-4e79-bfc6-6717e2f1c0b2'),
 ('5', '14', '2', '1', 'en_us', NULL, '{\"authorId\":\"1\",\"title\":\"Album 2\",\"slug\":\"album-2\",\"postDate\":1371189205,\"expiryDate\":null,\"enabled\":1,\"tags\":[],\"fields\":{\"13\":[\"4\"]}}', '2013-06-14 05:53:25', '2013-06-14 05:53:25', 'cedf8722-6b4a-4189-ab81-a832fa495e2e'),
 ('6', '14', '2', '1', 'en_us', NULL, '{\"authorId\":\"1\",\"title\":\"Album 2\",\"slug\":\"album-2\",\"postDate\":1371189180,\"expiryDate\":null,\"enabled\":1,\"tags\":[],\"fields\":{\"40\":[\"13\"],\"13\":[\"4\"]}}', '2013-06-17 01:49:40', '2013-06-17 01:49:40', '304cbeef-5963-4737-865a-d05fac5b420c'),
 ('7', '5', '2', '1', 'en_us', NULL, '{\"authorId\":\"1\",\"title\":\"Album 1\",\"slug\":\"album-1\",\"postDate\":1371156360,\"expiryDate\":null,\"enabled\":1,\"tags\":[],\"fields\":{\"40\":[\"13\"],\"13\":[\"4\"]}}', '2013-06-17 01:49:47', '2013-06-17 01:49:47', '1a96ecd8-7bdd-4ed7-9cd2-702899751a01'),
 ('8', '14', '2', '1', 'en_us', NULL, '{\"authorId\":\"1\",\"title\":\"Album 2\",\"slug\":\"album-2\",\"postDate\":1371189180,\"expiryDate\":null,\"enabled\":1,\"tags\":[],\"fields\":{\"40\":[\"15\"],\"13\":[\"4\"]}}', '2013-06-17 02:12:46', '2013-06-17 02:12:46', 'abd3b28a-fe81-4087-91e2-99e1f3b9ab78'),
 ('9', '5', '2', '1', 'en_us', NULL, '{\"authorId\":\"1\",\"title\":\"Album 1\",\"slug\":\"album-1\",\"postDate\":1371156360,\"expiryDate\":null,\"enabled\":1,\"tags\":[],\"fields\":{\"40\":[\"15\"],\"13\":[\"4\"]}}', '2013-06-17 02:12:53', '2013-06-17 02:12:53', 'bcb468a7-7d74-4b20-a8cb-b7b96a538f8e'),
 ('10', '5', '2', '1', 'en_us', NULL, '{\"authorId\":\"1\",\"title\":\"Album 1\",\"slug\":\"album-1\",\"postDate\":1371156360,\"expiryDate\":null,\"enabled\":1,\"tags\":[],\"fields\":{\"13\":[\"4\"]}}', '2013-06-17 06:47:07', '2013-06-17 06:47:07', 'f283c11e-425a-4972-b08d-0c7553f97b05'),
 ('11', '5', '2', '1', 'en_us', NULL, '{\"authorId\":\"1\",\"title\":\"Album 1\",\"slug\":\"album-1\",\"postDate\":1371156360,\"expiryDate\":null,\"enabled\":1,\"tags\":[],\"fields\":{\"40\":[\"15\"],\"13\":[\"4\"]}}', '2013-06-17 06:47:16', '2013-06-17 06:47:16', '87452eda-0829-4c79-910a-323d74965d8e'),
 ('12', '17', '3', '1', 'en_us', NULL, '{\"authorId\":\"1\",\"title\":\"The Spinning Song\",\"slug\":\"the-spinning-song\",\"postDate\":1371451698,\"expiryDate\":null,\"enabled\":1,\"tags\":[],\"fields\":{\"5\":[\"16\"],\"6\":\"\",\"3\":\"<p>\\r\\n\\tA spinning song...\\r\\n<\\/p>\",\"8\":\"9000\",\"7\":[{\"col1\":\"\"}],\"11\":\"audio\",\"9\":\"\",\"10\":\"\",\"14\":\"1980\"}}', '2013-06-17 06:48:19', '2013-06-17 06:48:19', '5a758cb3-b2bb-4502-a69c-3edf54d28f89'),
 ('13', '17', '3', '1', 'en_us', NULL, '{\"authorId\":\"1\",\"title\":\"the spinning song\",\"slug\":\"the-spinning-song\",\"postDate\":1371451680,\"expiryDate\":null,\"enabled\":1,\"tags\":[],\"fields\":{\"5\":[\"16\"],\"6\":\"\",\"3\":\"<p>\\r\\n\\t A spinning song...\\r\\n<\\/p>\",\"8\":\"9000\",\"7\":[{\"col1\":\"\"}],\"11\":\"audio\",\"9\":\"\",\"10\":\"\",\"14\":\"1980\"}}', '2013-06-17 06:48:29', '2013-06-17 06:48:29', '9b416e36-ed8a-430b-993e-45dcadc8e50a'),
 ('14', '5', '2', '1', 'en_us', NULL, '{\"authorId\":\"1\",\"title\":\"Album 1\",\"slug\":\"album-1\",\"postDate\":1371156360,\"expiryDate\":null,\"enabled\":1,\"tags\":[],\"fields\":{\"40\":[\"15\"],\"13\":[\"17\"]}}', '2013-06-17 06:48:46', '2013-06-17 06:48:46', 'afc1e9d9-cfac-4afc-8274-60ff3e268cb3'),
 ('15', '17', '3', '1', 'en_us', NULL, '{\"authorId\":\"1\",\"title\":\"the spinning song\",\"slug\":\"the-spinning-song\",\"postDate\":1371451680,\"expiryDate\":null,\"enabled\":1,\"tags\":[],\"fields\":{\"5\":[\"16\"],\"4\":[\"19\",\"20\"],\"6\":\"\",\"3\":\"<p>\\r\\n\\t  A spinning song...\\r\\n<\\/p>\",\"8\":\"9000\",\"7\":[{\"col1\":\"\"}],\"11\":\"audio\",\"9\":\"\",\"10\":\"\",\"14\":\"1980\"}}', '2013-06-19 01:15:55', '2013-06-19 01:15:55', '6c3aeca6-be38-4cae-964e-51cb280a52f9'),
 ('16', '17', '3', '1', 'en_us', NULL, '{\"authorId\":\"1\",\"title\":\"the spinning song\",\"slug\":\"the-spinning-song\",\"postDate\":1371451680,\"expiryDate\":null,\"enabled\":1,\"tags\":[],\"fields\":{\"5\":[\"16\"],\"4\":[\"19\",\"20\"],\"6\":\"\",\"3\":\"<p>\\r\\n\\t   A spinning song...\\r\\n<\\/p>\",\"8\":\"9000\",\"7\":[{\"col1\":\"\"}],\"11\":\"audio\",\"9\":\"\",\"10\":\"\",\"14\":\"1980\"}}', '2013-06-19 01:16:52', '2013-06-19 01:16:52', '3038953e-ee71-467b-9a36-4f2962bb9417'),
 ('17', '4', '3', '1', 'en_us', NULL, '{\"authorId\":\"1\",\"title\":\"the school of artist\",\"slug\":\"the-school-of-artist\",\"postDate\":1371156120,\"expiryDate\":null,\"enabled\":1,\"tags\":[],\"fields\":{\"5\":[\"13\"],\"4\":[\"19\"],\"6\":\"\",\"3\":\"<p>\\r\\n\\t   This is the song description.\\r\\n<\\/p>\",\"8\":\"\",\"7\":[{\"col1\":\"\"}],\"11\":\"audio\",\"9\":\"\",\"10\":\"\",\"14\":\"1999\"}}', '2013-06-19 01:17:02', '2013-06-19 01:17:02', '1b511ccd-5574-469c-811e-b51de98e56c8'),
 ('18', '17', '3', '1', 'en_us', NULL, '{\"authorId\":\"1\",\"title\":\"the spinning song\",\"slug\":\"the-spinning-song\",\"postDate\":1371451680,\"expiryDate\":null,\"enabled\":1,\"tags\":[],\"fields\":{\"5\":[\"21\",\"16\"],\"4\":[\"19\",\"20\"],\"6\":\"\",\"3\":\"<p>\\r\\n\\t    A spinning song...\\r\\n<\\/p>\",\"8\":\"9000\",\"7\":[{\"col1\":\"\"}],\"11\":\"audio\",\"9\":\"\",\"10\":\"\",\"14\":\"1980\"}}', '2013-06-19 04:07:32', '2013-06-19 04:07:32', '2dc82fda-b589-45e7-b990-d8391a8c3e5a'),
 ('19', '4', '3', '1', 'en_us', NULL, '{\"authorId\":\"1\",\"title\":\"the school of artist\",\"slug\":\"the-school-of-artist\",\"postDate\":1371156120,\"expiryDate\":null,\"enabled\":1,\"tags\":[],\"fields\":{\"5\":[\"13\"],\"4\":[\"22\"],\"6\":\"\",\"3\":\"<p>\\r\\n\\t    This is the song description.\\r\\n<\\/p>\",\"8\":\"\",\"7\":[{\"col1\":\"\"}],\"11\":\"audio\",\"9\":\"\",\"10\":\"\",\"14\":\"1999\"}}', '2013-06-19 07:02:09', '2013-06-19 07:02:09', 'bbf37b95-812b-4936-8767-072056143a30'),
 ('20', '4', '3', '1', 'en_us', NULL, '{\"authorId\":\"1\",\"title\":\"the school of artist\",\"slug\":\"the-school-of-artist\",\"postDate\":1371156120,\"expiryDate\":null,\"enabled\":1,\"tags\":[],\"fields\":{\"5\":[\"13\",\"24\",\"23\"],\"4\":[\"22\"],\"6\":\"\",\"3\":\"<p>\\r\\n\\t     This is the song description.\\r\\n<\\/p>\",\"8\":\"\",\"7\":[{\"col1\":\"\"}],\"11\":\"audio\",\"9\":\"\",\"10\":\"\",\"14\":\"1999\"}}', '2013-06-19 07:06:48', '2013-06-19 07:06:48', '2eac46c6-9c2e-4fcb-89ea-fef5276d5689'),
 ('21', '4', '3', '1', 'en_us', NULL, '{\"authorId\":\"1\",\"title\":\"the school of artist\",\"slug\":\"the-school-of-artist\",\"postDate\":1371156120,\"expiryDate\":null,\"enabled\":1,\"tags\":[],\"fields\":{\"5\":[\"13\",\"24\",\"23\"],\"4\":[\"22\",\"25\"],\"6\":\"\",\"3\":\"<p>\\r\\n\\t      This is the song description.\\r\\n<\\/p>\",\"8\":\"\",\"7\":[{\"col1\":\"\"}],\"11\":\"audio\",\"9\":\"\",\"10\":\"\",\"14\":\"1999\"}}', '2013-06-20 03:47:28', '2013-06-20 03:47:28', '78fa7465-cd96-494a-9eb2-0e856e52e904'),
 ('22', '26', '3', '1', 'en_us', NULL, '{\"authorId\":\"1\",\"title\":\"in the darkest night we sing\",\"slug\":\"in-the-darkest-night-we-sing\",\"postDate\":1371700208,\"expiryDate\":null,\"enabled\":1,\"tags\":[],\"fields\":{\"6\":\"\",\"3\":\"<p>\\r\\n\\tIntroduction of <span style=\\\"font-family: Arial, Helvetica, Verdana, Tahoma, sans-serif;\\\">in the darkest night we sing...<\\/span>\\r\\n<\\/p>\",\"8\":\"\",\"7\":[{\"col1\":\"\"}],\"11\":\"audio\",\"9\":\"\",\"12\":[\"17\",\"4\"],\"10\":\"\",\"14\":\"2012\"}}', '2013-06-20 03:50:08', '2013-06-20 03:50:08', '1bd876b1-0583-4af1-97b8-7a0ead006be9'),
 ('23', '26', '3', '1', 'en_us', NULL, '{\"authorId\":\"1\",\"title\":\"in the darkest night we sing\",\"slug\":\"in-the-darkest-night-we-sing\",\"postDate\":1371700200,\"expiryDate\":null,\"enabled\":1,\"tags\":[],\"fields\":{\"4\":[\"28\",\"27\"],\"6\":\"\",\"3\":\"<p>\\r\\n\\t Introduction of <span style=\\\"font-family: Arial, Helvetica, Verdana, Tahoma, sans-serif;\\\">in the darkest night we sing...<\\/span>\\r\\n<\\/p>\",\"8\":\"\",\"7\":[{\"col1\":\"\"}],\"11\":\"audio\",\"9\":\"\",\"12\":[\"17\",\"4\"],\"10\":\"\",\"14\":\"2012\"}}', '2013-06-20 03:51:43', '2013-06-20 03:51:43', '13a10348-b520-4e7e-9b30-eedd3146f652'),
 ('24', '14', '2', '1', 'en_us', NULL, '{\"authorId\":\"1\",\"title\":\"Album 2\",\"slug\":\"album-2\",\"postDate\":1371189180,\"expiryDate\":null,\"enabled\":1,\"tags\":[],\"fields\":{\"40\":[\"15\"],\"13\":[\"4\",\"26\"]}}', '2013-06-20 03:52:02', '2013-06-20 03:52:02', 'c832fc45-41ad-412f-976c-ba796e159eaa'),
 ('25', '17', '3', '1', 'en_us', NULL, '{\"authorId\":\"1\",\"title\":\"the spinning song\",\"slug\":\"the-spinning-song\",\"postDate\":1371451680,\"expiryDate\":null,\"enabled\":1,\"tags\":[],\"fields\":{\"5\":[\"21\",\"16\"],\"4\":[\"19\",\"20\"],\"6\":\"Hsin-Lei Chen\",\"3\":\"<p>\\r\\n\\t     A spinning song...\\r\\n<\\/p>\",\"8\":\"9000\",\"7\":[{\"col1\":\"\"}],\"11\":\"audio\",\"9\":\"\",\"10\":\"\",\"14\":\"1980\"}}', '2013-06-27 22:04:00', '2013-06-27 22:04:00', '880d4977-2f4a-4595-8a78-be1040b98a92'),
 ('26', '17', '3', '1', 'en_us', NULL, '{\"authorId\":\"1\",\"title\":\"the spinning song\",\"slug\":\"the-spinning-song\",\"postDate\":1371451680,\"expiryDate\":null,\"enabled\":1,\"tags\":[],\"fields\":{\"5\":[\"21\",\"16\"],\"4\":[\"19\",\"20\"],\"6\":\"Hsin-Lei Chen\",\"3\":\"<p>\\r\\n\\t      A spinning song...\\r\\n<\\/p>\",\"8\":\"9000\",\"7\":[{\"col1\":\"Piano\"},{\"col1\":\"Guitar\"}],\"11\":\"audio\",\"9\":\"\",\"10\":\"\",\"14\":\"1980\"}}', '2013-06-27 22:09:45', '2013-06-27 22:09:45', '43b6d1bc-5570-4610-ba8c-31305a9a3ed3'),
 ('27', '17', '3', '1', 'en_us', NULL, '{\"authorId\":\"1\",\"title\":\"the spinning song\",\"slug\":\"the-spinning-song\",\"postDate\":1371451680,\"expiryDate\":null,\"enabled\":1,\"tags\":[],\"fields\":{\"5\":[\"21\",\"16\"],\"4\":[\"19\",\"20\"],\"6\":\"Hsin-Lei Chen\",\"3\":\"<p>\\r\\n\\t       A spinning song...\\r\\n<\\/p>\",\"8\":\"9000\",\"7\":[{\"col1\":\"piano\"},{\"col1\":\"guitar\"}],\"11\":\"audio\",\"9\":\"\",\"10\":\"\",\"14\":\"1980\"}}', '2013-06-27 22:11:13', '2013-06-27 22:11:13', '3999c2b7-48d3-4fcc-8cee-31487cb99979'),
 ('28', '17', '3', '1', 'en_us', NULL, '{\"authorId\":\"1\",\"title\":\"the spinning song\",\"slug\":\"the-spinning-song\",\"postDate\":1371451680,\"expiryDate\":null,\"enabled\":1,\"tags\":[],\"fields\":{\"5\":[\"21\",\"16\"],\"4\":[\"19\",\"20\"],\"6\":\"Hsin-Lei Chen\",\"3\":\"<p>\\r\\n\\t        A spinning song...\\r\\n<\\/p>\",\"8\":\"9000\",\"7\":[{\"col1\":\"piano\"},{\"col1\":\"guitar\"}],\"11\":\"audio\",\"9\":\"Calvin Cui\",\"10\":\"\",\"14\":\"1980\"}}', '2013-06-27 22:15:26', '2013-06-27 22:15:26', '439a87ab-4cdd-4962-b1c3-d0682b296d59'),
 ('29', '17', '3', '1', 'en_us', NULL, '{\"authorId\":\"1\",\"title\":\"the spinning song\",\"slug\":\"the-spinning-song\",\"postDate\":1371451680,\"expiryDate\":null,\"enabled\":1,\"tags\":[],\"fields\":{\"43\":[\"No\"],\"5\":[\"21\",\"16\"],\"4\":[\"19\",\"20\"],\"6\":\"Hsin-Lei Chen\",\"3\":\"<p>\\r\\n\\t         A spinning song...\\r\\n<\\/p>\",\"8\":\"9000\",\"7\":[{\"col1\":\"piano\"},{\"col1\":\"guitar\"}],\"11\":\"audio\",\"9\":\"Calvin Cui\",\"10\":\"\",\"14\":\"1980\"}}', '2013-06-27 22:23:33', '2013-06-27 22:23:33', 'ca280e9c-7798-4b6a-b73c-86be1e0785e8'),
 ('30', '17', '3', '1', 'en_us', NULL, '{\"authorId\":\"1\",\"title\":\"the spinning song\",\"slug\":\"the-spinning-song\",\"postDate\":1371451680,\"expiryDate\":null,\"enabled\":1,\"tags\":[],\"fields\":{\"43\":[\"Yes\"],\"5\":[\"21\",\"16\"],\"4\":[\"19\",\"20\"],\"6\":\"Hsin-Lei Chen\",\"3\":\"<p>\\r\\n\\t          A spinning song...\\r\\n<\\/p>\",\"8\":\"9000\",\"7\":[{\"col1\":\"piano\"},{\"col1\":\"guitar\"}],\"11\":\"audio\",\"9\":\"Calvin Cui\",\"10\":\"\",\"14\":\"1980\"}}', '2013-06-27 22:23:38', '2013-06-27 22:23:38', 'e1953bce-20c6-455a-94d4-63f123c2c721'),
 ('31', '17', '3', '1', 'en_us', NULL, '{\"authorId\":\"1\",\"title\":\"the spinning song\",\"slug\":\"the-spinning-song\",\"postDate\":1371451680,\"expiryDate\":null,\"enabled\":1,\"tags\":[],\"fields\":{\"43\":\"Yes\",\"5\":[\"21\",\"16\"],\"4\":[\"19\",\"20\"],\"6\":\"Hsin-Lei Chen\",\"3\":\"<p>\\r\\n\\t           A spinning song...\\r\\n<\\/p>\",\"8\":\"9000\",\"7\":[{\"col1\":\"piano\"},{\"col1\":\"guitar\"}],\"11\":\"audio\",\"9\":\"Calvin Cui\",\"10\":\"\",\"14\":\"1980\"}}', '2013-06-27 22:25:03', '2013-06-27 22:25:03', 'a6e7bdcd-4aa7-43f1-89db-0e70cbe01036'),
 ('32', '17', '3', '1', 'en_us', NULL, '{\"authorId\":\"1\",\"title\":\"the spinning song\",\"slug\":\"the-spinning-song\",\"postDate\":1371451680,\"expiryDate\":null,\"enabled\":1,\"tags\":[],\"fields\":{\"43\":\"y\",\"5\":[\"21\",\"16\"],\"4\":[\"19\",\"20\"],\"6\":\"Hsin-Lei Chen\",\"3\":\"<p>\\r\\n\\t            A spinning song...\\r\\n<\\/p>\",\"8\":\"9000\",\"7\":[{\"col1\":\"piano\"},{\"col1\":\"guitar\"}],\"11\":\"audio\",\"9\":\"Calvin Cui\",\"10\":\"\",\"14\":\"1980\"}}', '2013-06-27 22:36:15', '2013-06-27 22:36:15', '06b50ace-e51c-4ad3-8f16-2ea6f952a32f'),
 ('33', '4', '3', '1', 'en_us', NULL, '{\"authorId\":\"1\",\"title\":\"the school of artist\",\"slug\":\"the-school-of-artist\",\"postDate\":1371156120,\"expiryDate\":null,\"enabled\":1,\"tags\":[],\"fields\":{\"43\":\"n\",\"5\":[\"13\",\"24\",\"23\"],\"4\":[\"22\",\"25\"],\"6\":\"\",\"3\":\"<p>\\r\\n\\t       This is the song description.\\r\\n<\\/p>\",\"8\":\"\",\"7\":[{\"col1\":\"\"}],\"11\":\"audio\",\"9\":\"\",\"10\":\"\",\"14\":\"1999\"}}', '2013-06-27 22:36:19', '2013-06-27 22:36:19', '3689ccd8-8b82-4219-8acc-48213e52b56c'),
 ('34', '17', '3', '1', 'en_us', NULL, '{\"authorId\":\"1\",\"title\":\"the spinning song\",\"slug\":\"the-spinning-song\",\"postDate\":1371451680,\"expiryDate\":null,\"enabled\":1,\"tags\":[],\"fields\":{\"43\":\"y\",\"5\":[\"21\",\"16\"],\"4\":[\"19\",\"20\"],\"6\":\"Hsin-Lei Chen\",\"3\":\"<p>\\r\\n\\t             A spinning song...\\r\\n<\\/p>\",\"8\":\"9000\",\"7\":[{\"col1\":\"piano\"},{\"col1\":\"guitar\"}],\"11\":\"audio\",\"9\":\"Calvin Cui\",\"12\":[\"26\",\"4\"],\"10\":\"\",\"14\":\"1980\"}}', '2013-06-27 22:41:54', '2013-06-27 22:41:54', 'c843a66c-bb53-43ff-9fa3-9849e3bf9453'),
 ('35', '17', '3', '1', 'en_us', NULL, '{\"authorId\":\"1\",\"title\":\"the spinning song\",\"slug\":\"the-spinning-song\",\"postDate\":1371451680,\"expiryDate\":null,\"enabled\":1,\"tags\":[],\"fields\":{\"43\":\"y\",\"5\":[\"21\",\"16\"],\"4\":[\"19\",\"20\"],\"6\":\"Hsin-Lei Chen\",\"3\":\"<p>\\r\\n\\t<span style=\\\"font-family: Arial, Helvetica, Verdana, Tahoma, sans-serif;\\\">Lorem ipsum dolor sit amet, consectetur adipiscing elit. Nullam id purus mauris. Morbi dapibus augue sapien, eget ultricies diam consequat vitae. Praesent lacus ante, ornare at libero a, volutpat volutpat erat. Etiam non convallis diam. Duis sed magna tincidunt velit dignissim mattis. Proin placerat sagittis purus, sed aliquam nunc rutrum vel. Maecenas sit amet luctus felis. Sed scelerisque vitae magna a malesuada. Nullam id aliquet neque, eget pulvinar sem. Aliquam mattis urna et semper porta. Pellentesque sed lacus ullamcorper, faucibus velit venenatis, vestibulum ipsum. Aliquam ante dui, fermentum quis mi et, laoreet faucibus lacus. Vestibulum sit amet nunc vitae felis ornare malesuada sed vel ante. Proin ante sapien, tristique quis turpis nec, commodo luctus tortor. Donec vel risus ligula. Suspendisse diam sem, pulvinar sed velit non, ullamcorper viverra erat.<\\/span>\\r\\n<\\/p>\\r\\n<p>\\r\\n\\t<span style=\\\"font-family: Arial, Helvetica, Verdana, Tahoma, sans-serif;\\\">Phasellus at orci vitae ipsum suscipit dignissim semper sed sapien. Vestibulum ante ipsum primis in faucibus orci luctus et ultrices posuere cubilia Curae; Phasellus augue justo, pellentesque nec mi quis, posuere tempus mi. Suspendisse sit amet scelerisque urna. Sed mollis odio non velit dignissim luctus. Ut tortor velit, tristique et porttitor quis, sagittis non purus. Phasellus at nisi varius, mollis tortor eget, eleifend ipsum. Interdum et malesuada fames ac ante ipsum primis in faucibus. Lorem ipsum dolor sit amet, consectetur adipiscing elit.<\\/span>\\r\\n<\\/p>\",\"8\":\"9000\",\"7\":[{\"col1\":\"piano\"},{\"col1\":\"guitar\"}],\"11\":\"audio\",\"9\":\"Calvin Cui\",\"12\":[\"26\",\"4\"],\"10\":\"\",\"14\":\"1980\"}}', '2013-06-29 20:38:29', '2013-06-29 20:38:29', '39a972ec-64c0-46f8-ae74-8e05d1c9a5d4'),
 ('36', '17', '3', '1', 'en_us', NULL, '{\"authorId\":\"1\",\"title\":\"the spinning song\",\"slug\":\"the-spinning-song\",\"postDate\":1371451680,\"expiryDate\":null,\"enabled\":1,\"tags\":[],\"fields\":{\"43\":\"y\",\"5\":[\"21\",\"16\"],\"4\":[\"19\",\"20\"],\"6\":\"Hsin-Lei Chen\",\"3\":\"<p>\\r\\n\\t<span style=\\\"font-family: Arial, Helvetica, Verdana, Tahoma, sans-serif;\\\">Lorem ipsum dolor sit amet, consectetur adipiscing elit. Nullam id purus mauris. Morbi dapibus augue sapien, eget ultricies diam consequat vitae. Praesent lacus ante, ornare at libero a, volutpat volutpat erat. Etiam non convallis diam. Duis sed magna tincidunt velit dignissim mattis. Proin placerat sagittis purus, sed aliquam nunc rutrum vel. Maecenas sit amet luctus felis. Sed scelerisque vitae magna a malesuada. Nullam id aliquet neque, eget pulvinar sem. Aliquam mattis urna et semper porta. Pellentesque sed lacus ullamcorper, faucibus velit venenatis, vestibulum ipsum. Aliquam ante dui, fermentum quis mi et, laoreet faucibus lacus. Vestibulum sit amet nunc vitae felis ornare malesuada sed vel ante. Proin ante sapien, tristique quis turpis nec, commodo luctus tortor. Donec vel risus ligula. Suspendisse diam sem, pulvinar sed velit non, ullamcorper viverra erat.<\\/span>\\r\\n<\\/p>\\r\\n<p>\\r\\n\\tPhasellus at orci vitae ipsum suscipit dignissim semper sed sapien. Vestibulum ante ipsum primis in faucibus orci luctus et ultrices posuere cubilia Curae; Phasellus augue justo, pellentesque nec mi quis, posuere tempus mi. Suspendisse sit amet scelerisque urna. Sed mollis odio non velit dignissim luctus. Ut tortor velit, tristique et porttitor quis, sagittis non purus. Phasellus at nisi varius, mollis tortor eget, eleifend ipsum. Interdum et malesuada fames ac ante ipsum primis in faucibus. Lorem ipsum dolor sit amet, consectetur adipiscing elit.\\r\\n<\\/p>\",\"8\":\"9000\",\"7\":[{\"col1\":\"piano\"},{\"col1\":\"guitar\"}],\"11\":\"audio\",\"9\":\"Calvin Cui\",\"12\":[\"26\",\"4\"],\"10\":\"\",\"14\":\"1980\"}}', '2013-06-29 20:39:52', '2013-06-29 20:39:52', '383041b9-3fa4-4c38-a5ec-b948d7ccd4bc'),
 ('37', '17', '3', '1', 'en_us', NULL, '{\"authorId\":\"1\",\"title\":\"the spinning song\",\"slug\":\"the-spinning-song\",\"postDate\":1371451680,\"expiryDate\":null,\"enabled\":1,\"tags\":[],\"fields\":{\"43\":\"y\",\"5\":[\"21\",\"16\"],\"4\":[\"19\",\"20\"],\"6\":\"Hsin-Lei Chen\",\"3\":\"<p>\\r\\n\\t<span style=\\\"font-family: Arial, Helvetica, Verdana, Tahoma, sans-serif;\\\">Lorem ipsum dolor sit amet, consectetur adipiscing elit. Nullam id purus mauris. Morbi dapibus augue sapien, eget ultricies diam consequat vitae. Praesent lacus ante, ornare at libero a, volutpat volutpat erat. Etiam non convallis diam. Duis sed magna tincidunt velit dignissim mattis. Proin placerat sagittis purus, sed aliquam nunc rutrum vel. Maecenas sit amet luctus felis. Sed scelerisque vitae magna a malesuada. Nullam id aliquet neque, eget pulvinar sem. Aliquam mattis urna et semper porta. Pellentesque sed lacus ullamcorper, faucibus velit venenatis, vestibulum ipsum. Aliquam ante dui, fermentum quis mi et, laoreet faucibus lacus. Vestibulum sit amet nunc vitae felis ornare malesuada sed vel ante. Proin ante sapien, tristique quis turpis nec, commodo luctus tortor. Donec vel risus ligula. Suspendisse diam sem, pulvinar sed velit non, ullamcorper viverra erat.<\\/span>\\r\\n<\\/p>\\r\\n<p>\\r\\n\\tPhasellus at orci vitae ipsum suscipit dignissim semper sed sapien. Vestibulum ante ipsum primis in faucibus orci luctus et ultrices posuere cubilia Curae; Phasellus augue justo, pellentesque nec mi quis, posuere tempus mi. Suspendisse sit amet scelerisque urna. Sed mollis odio non velit dignissim luctus. Ut tortor velit, tristique et porttitor quis, sagittis non purus. Phasellus at nisi varius, mollis tortor eget, eleifend ipsum. Interdum et malesuada fames ac ante ipsum primis in faucibus. Lorem ipsum dolor sit amet, consectetur adipiscing elit.\\r\\n<\\/p>\",\"8\":\"9000\",\"7\":[{\"col1\":\"piano\"},{\"col1\":\"guitar\"}],\"11\":\"audio\",\"9\":\"Calvin Cui\",\"12\":[\"26\",\"4\"],\"10\":\"\",\"14\":\"1980\"}}', '2013-06-29 20:41:10', '2013-06-29 20:41:10', '1e3cdd78-c2a0-467e-a113-1d77b91c45e3'),
 ('38', '14', '2', '1', 'en_us', NULL, '{\"authorId\":\"1\",\"title\":\"Album 2\",\"slug\":\"album-2\",\"postDate\":1371189180,\"expiryDate\":null,\"enabled\":1,\"tags\":[],\"fields\":{\"40\":[\"29\"],\"13\":[\"4\",\"26\"]}}', '2013-06-29 22:16:32', '2013-06-29 22:16:32', '1c318bc9-aaec-43e2-88b2-acb353eeb5b4'),
 ('39', '5', '2', '1', 'en_us', NULL, '{\"authorId\":\"1\",\"title\":\"Album 1\",\"slug\":\"album-1\",\"postDate\":1371156360,\"expiryDate\":null,\"enabled\":1,\"tags\":[],\"fields\":{\"40\":[\"29\"],\"13\":[\"17\"]}}', '2013-06-29 22:16:38', '2013-06-29 22:16:38', '6594cadd-0e83-496e-919f-d452376c9773'),
 ('40', '5', '2', '1', 'en_us', NULL, '{\"authorId\":\"1\",\"title\":\"Album 1\",\"slug\":\"album-1\",\"postDate\":1371156360,\"expiryDate\":null,\"enabled\":1,\"tags\":[],\"fields\":{\"40\":[\"30\"],\"13\":[\"17\"]}}', '2013-06-29 22:21:41', '2013-06-29 22:21:41', '57f8a9dc-e995-48fd-8594-6722797976cd'),
 ('41', '33', '3', '1', 'en_us', NULL, '{\"authorId\":\"1\",\"title\":\"Norcturne Op.37\",\"slug\":\"norcturne-op-37\",\"postDate\":1374027462,\"expiryDate\":null,\"enabled\":1,\"tags\":[],\"fields\":{\"43\":\"n\",\"4\":[\"31\",\"32\"],\"6\":\"\",\"3\":\"<p>\\r\\n\\t<span style=\\\"font-family: Arial, Helvetica, Verdana, Tahoma, sans-serif;\\\">Lorem ipsum dolor sit amet, consectetur adipiscing elit. Morbi posuere ligula justo, in condimentum tortor venenatis a. Vestibulum ante ipsum primis in faucibus orci luctus et ultrices posuere cubilia Curae; Nullam tellus urna, eleifend vel nulla sit amet, ullamcorper ultricies neque. Aliquam cursus elementum leo quis eleifend. Nulla feugiat ultrices consequat. Mauris a ligula gravida, laoreet orci pulvinar, imperdiet dolor. Donec vehicula sagittis sapien. Aenean lorem nisi, auctor vel vehicula semper, imperdiet at erat. Pellentesque suscipit, lorem non fermentum luctus, magna leo facilisis mi, viverra convallis purus elit nec est. Vivamus varius, leo at viverra lobortis, nunc urna malesuada urna, in commodo tortor libero egestas mauris. Vestibulum vel tellus sed erat lobortis sollicitudin vel id tellus. Sed at dolor eu nunc feugiat fringilla. Proin nec lorem consequat, auctor libero eget, euismod libero. Quisque ornare pellentesque felis, sed interdum nisi pulvinar non. Fusce vitae quam eget massa sodales tristique. Etiam euismod odio diam, vitae rutrum arcu lobortis sit amet.<\\/span>\\r\\n<\\/p>\",\"8\":\"9000\",\"7\":[{\"col1\":\"Piano\"}],\"11\":\"audio\",\"9\":\"Yixiong Zhou\",\"12\":[\"26\",\"17\",\"4\"],\"10\":\"\",\"14\":\"2010\"}}', '2013-07-17 02:17:42', '2013-07-17 02:17:42', '2ae3d9c8-2d05-42ba-8e68-acb19c24ed6c'),
 ('42', '5', '2', '1', 'en_us', NULL, '{\"authorId\":\"1\",\"title\":\"Album 1\",\"slug\":\"album-1\",\"postDate\":1371156360,\"expiryDate\":null,\"enabled\":1,\"tags\":[],\"fields\":{\"40\":[\"30\"],\"13\":[\"17\",\"33\"]}}', '2013-07-17 02:18:15', '2013-07-17 02:18:15', 'b5efd748-d87f-4766-9504-8971fc85796c'),
 ('43', '14', '2', '1', 'en_us', NULL, '{\"authorId\":\"1\",\"title\":\"Album 2\",\"slug\":\"album-2\",\"postDate\":1371189180,\"expiryDate\":null,\"enabled\":1,\"tags\":[],\"fields\":{\"40\":[\"29\"],\"13\":[\"4\",\"26\",\"33\"]}}', '2013-07-17 02:18:25', '2013-07-17 02:18:25', 'b1c86b1e-7948-47ec-a7ee-d0c065579ba4'),
 ('44', '14', '2', '1', 'en_us', NULL, '{\"authorId\":\"1\",\"title\":\"Album 2\",\"slug\":\"album-2\",\"postDate\":1371189180,\"expiryDate\":null,\"enabled\":1,\"tags\":[],\"fields\":{\"40\":[\"29\"],\"13\":[\"33\",\"4\",\"26\"]}}', '2013-07-17 02:18:34', '2013-07-17 02:18:34', '933024fe-8830-4c30-8094-efd151be154f'),
 ('45', '33', '3', '1', 'en_us', NULL, '{\"authorId\":\"1\",\"title\":\"Norcturne Op.37\",\"slug\":\"norcturne-op-37\",\"postDate\":1374027420,\"expiryDate\":null,\"enabled\":1,\"tags\":[],\"fields\":{\"43\":\"n\",\"5\":[\"34\"],\"4\":[\"31\",\"32\"],\"6\":\"\",\"3\":\"<p>\\r\\n\\t Lorem ipsum dolor sit amet, consectetur adipiscing elit. Morbi posuere ligula justo, in condimentum tortor venenatis a. Vestibulum ante ipsum primis in faucibus orci luctus et ultrices posuere cubilia Curae; Nullam tellus urna, eleifend vel nulla sit amet, ullamcorper ultricies neque. Aliquam cursus elementum leo quis eleifend. Nulla feugiat ultrices consequat. Mauris a ligula gravida, laoreet orci pulvinar, imperdiet dolor. Donec vehicula sagittis sapien. Aenean lorem nisi, auctor vel vehicula semper, imperdiet at erat. Pellentesque suscipit, lorem non fermentum luctus, magna leo facilisis mi, viverra convallis purus elit nec est. Vivamus varius, leo at viverra lobortis, nunc urna malesuada urna, in commodo tortor libero egestas mauris. Vestibulum vel tellus sed erat lobortis sollicitudin vel id tellus. Sed at dolor eu nunc feugiat fringilla. Proin nec lorem consequat, auctor libero eget, euismod libero. Quisque ornare pellentesque felis, sed interdum nisi pulvinar non. Fusce vitae quam eget massa sodales tristique. Etiam euismod odio diam, vitae rutrum arcu lobortis sit amet.\\r\\n<\\/p>\",\"8\":\"9000\",\"7\":[{\"col1\":\"Piano\"}],\"11\":\"audio\",\"9\":\"Yixiong Zhou\",\"12\":[\"26\",\"17\",\"4\"],\"10\":\"\",\"14\":\"2010\"}}', '2013-07-17 04:31:20', '2013-07-17 04:31:20', 'fd1202fc-8f7b-4cb2-ac3c-35430a2cf59a'),
 ('46', '33', '3', '1', 'en_us', NULL, '{\"authorId\":\"1\",\"title\":\"Norcturne Op.37\",\"slug\":\"norcturne-op-37\",\"postDate\":1374027420,\"expiryDate\":null,\"enabled\":1,\"tags\":[],\"fields\":{\"43\":\"n\",\"5\":[\"34\",\"36\"],\"4\":[\"31\",\"32\"],\"6\":\"\",\"3\":\"<p>\\r\\n\\t  Lorem ipsum dolor sit amet, consectetur adipiscing elit. Morbi posuere ligula justo, in condimentum tortor venenatis a. Vestibulum ante ipsum primis in faucibus orci luctus et ultrices posuere cubilia Curae; Nullam tellus urna, eleifend vel nulla sit amet, ullamcorper ultricies neque. Aliquam cursus elementum leo quis eleifend. Nulla feugiat ultrices consequat. Mauris a ligula gravida, laoreet orci pulvinar, imperdiet dolor. Donec vehicula sagittis sapien. Aenean lorem nisi, auctor vel vehicula semper, imperdiet at erat. Pellentesque suscipit, lorem non fermentum luctus, magna leo facilisis mi, viverra convallis purus elit nec est. Vivamus varius, leo at viverra lobortis, nunc urna malesuada urna, in commodo tortor libero egestas mauris. Vestibulum vel tellus sed erat lobortis sollicitudin vel id tellus. Sed at dolor eu nunc feugiat fringilla. Proin nec lorem consequat, auctor libero eget, euismod libero. Quisque ornare pellentesque felis, sed interdum nisi pulvinar non. Fusce vitae quam eget massa sodales tristique. Etiam euismod odio diam, vitae rutrum arcu lobortis sit amet.\\r\\n<\\/p>\",\"8\":\"9000\",\"7\":[{\"col1\":\"Piano\"}],\"11\":\"audio\",\"9\":\"Yixiong Zhou\",\"12\":[\"26\",\"17\",\"4\"],\"10\":\"\",\"14\":\"2010\"}}', '2013-07-17 04:34:55', '2013-07-17 04:34:55', 'b1fa5c47-ca4c-4f66-9260-624a68d5dcdf'),
 ('47', '33', '3', '1', 'en_us', NULL, '{\"authorId\":\"1\",\"title\":\"Norcturne Op.37\",\"slug\":\"norcturne-op-37\",\"postDate\":1374027420,\"expiryDate\":null,\"enabled\":1,\"tags\":[],\"fields\":{\"43\":\"n\",\"5\":[\"34\",\"36\"],\"4\":[\"31\",\"32\"],\"6\":\"\",\"3\":\"<p>\\r\\n\\t   Lorem ipsum dolor sit amet, consectetur adipiscing elit. Morbi posuere ligula justo, in condimentum tortor venenatis a. Vestibulum ante ipsum primis in faucibus orci luctus et ultrices posuere cubilia Curae; Nullam tellus urna, eleifend vel nulla sit amet, ullamcorper ultricies neque. Aliquam cursus elementum leo quis eleifend. Nulla feugiat ultrices consequat. Mauris a ligula gravida, laoreet orci pulvinar, imperdiet dolor. Donec vehicula sagittis sapien. Aenean lorem nisi, auctor vel vehicula semper, imperdiet at erat. Pellentesque suscipit, lorem non fermentum luctus, magna leo facilisis mi, viverra convallis purus elit nec est. Vivamus varius, leo at viverra lobortis, nunc urna malesuada urna, in commodo tortor libero egestas mauris. Vestibulum vel tellus sed erat lobortis sollicitudin vel id tellus. Sed at dolor eu nunc feugiat fringilla. Proin nec lorem consequat, auctor libero eget, euismod libero. Quisque ornare pellentesque felis, sed interdum nisi pulvinar non. Fusce vitae quam eget massa sodales tristique. Etiam euismod odio diam, vitae rutrum arcu lobortis sit amet.\\r\\n<\\/p>\",\"8\":\"9000\",\"7\":[{\"col1\":\"Piano\"}],\"11\":\"audio\",\"9\":\"Yixiong Zhou\",\"41\":[\"37\"],\"12\":[\"26\",\"17\",\"4\"],\"10\":\"\",\"14\":\"2010\"}}', '2013-07-20 15:09:39', '2013-07-20 15:09:39', 'b08e2de4-4795-4caf-98bf-d7cf26f6dfa8'),
 ('48', '26', '3', '1', 'en_us', NULL, '{\"authorId\":\"1\",\"title\":\"in the darkest night we sing\",\"slug\":\"in-the-darkest-night-we-sing\",\"postDate\":1371700200,\"expiryDate\":null,\"enabled\":1,\"tags\":[],\"fields\":{\"43\":\"n\",\"4\":[\"28\",\"27\"],\"41\":[\"39\"],\"6\":\"\",\"3\":\"<p>\\r\\n\\t  Introduction of <span style=\\\"font-family: Arial, Helvetica, Verdana, Tahoma, sans-serif;\\\">in the darkest night we sing...<\\/span>\\r\\n<\\/p>\",\"8\":\"\",\"7\":[{\"col1\":\"\"}],\"11\":\"audio\",\"9\":\"\",\"12\":[\"17\",\"4\"],\"10\":\"\",\"14\":\"2012\"}}', '2013-07-20 17:30:56', '2013-07-20 17:30:56', 'c7c91354-7d89-4b7f-8f57-e2c31702c995'),
 ('49', '17', '3', '1', 'en_us', NULL, '{\"authorId\":\"1\",\"title\":\"the spinning song\",\"slug\":\"the-spinning-song\",\"postDate\":1371451680,\"expiryDate\":null,\"enabled\":1,\"tags\":[],\"fields\":{\"43\":\"y\",\"5\":[\"21\",\"16\"],\"4\":[\"19\",\"20\"],\"41\":[\"40\"],\"6\":\"Hsin-Lei Chen\",\"3\":\"<p>\\r\\n\\t Lorem ipsum dolor sit amet, consectetur adipiscing elit. Nullam id purus mauris. Morbi dapibus augue sapien, eget ultricies diam consequat vitae. Praesent lacus ante, ornare at libero a, volutpat volutpat erat. Etiam non convallis diam. Duis sed magna tincidunt velit dignissim mattis. Proin placerat sagittis purus, sed aliquam nunc rutrum vel. Maecenas sit amet luctus felis. Sed scelerisque vitae magna a malesuada. Nullam id aliquet neque, eget pulvinar sem. Aliquam mattis urna et semper porta. Pellentesque sed lacus ullamcorper, faucibus velit venenatis, vestibulum ipsum. Aliquam ante dui, fermentum quis mi et, laoreet faucibus lacus. Vestibulum sit amet nunc vitae felis ornare malesuada sed vel ante. Proin ante sapien, tristique quis turpis nec, commodo luctus tortor. Donec vel risus ligula. Suspendisse diam sem, pulvinar sed velit non, ullamcorper viverra erat.\\r\\n<\\/p>\\r\\n<p>\\r\\n\\t Phasellus at orci vitae ipsum suscipit dignissim semper sed sapien. Vestibulum ante ipsum primis in faucibus orci luctus et ultrices posuere cubilia Curae; Phasellus augue justo, pellentesque nec mi quis, posuere tempus mi. Suspendisse sit amet scelerisque urna. Sed mollis odio non velit dignissim luctus. Ut tortor velit, tristique et porttitor quis, sagittis non purus. Phasellus at nisi varius, mollis tortor eget, eleifend ipsum. Interdum et malesuada fames ac ante ipsum primis in faucibus. Lorem ipsum dolor sit amet, consectetur adipiscing elit.\\r\\n<\\/p>\",\"8\":\"9000\",\"7\":[{\"col1\":\"piano\"},{\"col1\":\"guitar\"}],\"11\":\"audio\",\"9\":\"Calvin Cui\",\"12\":[\"26\",\"4\"],\"10\":\"\",\"14\":\"1980\"}}', '2013-07-20 17:31:04', '2013-07-20 17:31:04', '0bde30e7-fab8-4f44-b0ec-05c2da872396'),
 ('50', '4', '3', '1', 'en_us', NULL, '{\"authorId\":\"1\",\"title\":\"the school of artist\",\"slug\":\"the-school-of-artist\",\"postDate\":1371156120,\"expiryDate\":null,\"enabled\":1,\"tags\":[],\"fields\":{\"43\":\"n\",\"5\":[\"13\",\"24\",\"23\"],\"4\":[\"22\",\"25\"],\"41\":[\"38\"],\"6\":\"\",\"3\":\"<p>\\r\\n\\t        This is the song description.\\r\\n<\\/p>\",\"8\":\"\",\"7\":[{\"col1\":\"\"}],\"11\":\"audio\",\"9\":\"\",\"10\":\"\",\"14\":\"1999\"}}', '2013-07-20 17:31:15', '2013-07-20 17:31:15', '747faa54-da32-4ee6-814a-98eeaf217464'),
 ('51', '14', '2', '1', 'en_us', NULL, '{\"authorId\":\"1\",\"title\":\"Album II\",\"slug\":\"album-2\",\"postDate\":1371189180,\"expiryDate\":null,\"enabled\":1,\"tags\":[],\"fields\":{\"40\":[\"29\"],\"13\":[\"33\",\"4\",\"26\"]}}', '2013-07-21 20:09:46', '2013-07-21 20:09:46', '9c190497-f989-47e6-93a6-4c647536237b'),
 ('52', '5', '2', '1', 'en_us', NULL, '{\"authorId\":\"1\",\"title\":\"Album I\",\"slug\":\"album-1\",\"postDate\":1371156360,\"expiryDate\":null,\"enabled\":1,\"tags\":[],\"fields\":{\"40\":[\"30\"],\"13\":[\"17\",\"33\"]}}', '2013-07-21 20:09:51', '2013-07-21 20:09:51', '848e9d69-d3dd-474e-aeb6-1bfe6f139aa9'),
 ('53', '33', '3', '1', 'en_us', NULL, '{\"authorId\":\"1\",\"title\":\"Norcturne Op.37\",\"slug\":\"norcturne-op-37\",\"postDate\":1374027420,\"expiryDate\":null,\"enabled\":1,\"tags\":[],\"fields\":{\"43\":\"y\",\"5\":[\"34\",\"36\"],\"4\":[\"31\",\"32\"],\"41\":[\"37\"],\"6\":\"\",\"3\":\"<p>\\r\\n\\t    Lorem ipsum dolor sit amet, consectetur adipiscing elit. Morbi posuere ligula justo, in condimentum tortor venenatis a. Vestibulum ante ipsum primis in faucibus orci luctus et ultrices posuere cubilia Curae; Nullam tellus urna, eleifend vel nulla sit amet, ullamcorper ultricies neque. Aliquam cursus elementum leo quis eleifend. Nulla feugiat ultrices consequat. Mauris a ligula gravida, laoreet orci pulvinar, imperdiet dolor. Donec vehicula sagittis sapien. Aenean lorem nisi, auctor vel vehicula semper, imperdiet at erat. Pellentesque suscipit, lorem non fermentum luctus, magna leo facilisis mi, viverra convallis purus elit nec est. Vivamus varius, leo at viverra lobortis, nunc urna malesuada urna, in commodo tortor libero egestas mauris. Vestibulum vel tellus sed erat lobortis sollicitudin vel id tellus. Sed at dolor eu nunc feugiat fringilla. Proin nec lorem consequat, auctor libero eget, euismod libero. Quisque ornare pellentesque felis, sed interdum nisi pulvinar non. Fusce vitae quam eget massa sodales tristique. Etiam euismod odio diam, vitae rutrum arcu lobortis sit amet.\\r\\n<\\/p>\",\"8\":\"9000\",\"7\":[{\"col1\":\"Piano\"}],\"11\":\"audio\",\"9\":\"Yixiong Zhou\",\"12\":[\"26\",\"17\",\"4\"],\"10\":\"\",\"14\":\"2010\"}}', '2013-07-22 05:04:31', '2013-07-22 05:04:31', 'd9ebb24d-04d8-4061-89bc-1a312ed43ed5');
COMMIT;


--
-- Schema for table `craft_fieldgroups`
--

DROP TABLE IF EXISTS `craft_fieldgroups`;

CREATE TABLE `craft_fieldgroups` (
  `id` int(11) NOT NULL AUTO_INCREMENT,
  `name` varchar(100) COLLATE utf8_unicode_ci NOT NULL,
  `dateCreated` datetime NOT NULL,
  `dateUpdated` datetime NOT NULL,
  `uid` char(36) COLLATE utf8_unicode_ci NOT NULL DEFAULT '0',
  PRIMARY KEY (`id`),
  UNIQUE KEY `craft_fieldgroups_name_unq_idx` (`name`)
) ENGINE=InnoDB AUTO_INCREMENT=9 DEFAULT CHARSET=utf8 COLLATE=utf8_unicode_ci;

--
-- Data for table `craft_fieldgroups`
--

BEGIN;
INSERT INTO `craft_fieldgroups` (`id`, `name`, `dateCreated`, `dateUpdated`, `uid`) VALUES
 ('1', 'Default', '2013-06-13 00:37:58', '2013-06-13 00:37:58', 'cbfecc04-e033-4a76-a7b2-b4fc4f6bb0fb'),
 ('2', 'Song', '2013-06-13 20:03:51', '2013-06-13 20:03:51', '40ee2df8-3377-438b-b825-abdc84596e60'),
 ('3', 'Album', '2013-06-13 20:36:30', '2013-06-13 20:36:30', 'fb3a7ea3-639c-4cc0-aee6-1a941cf3ffd0'),
 ('4', 'Biography', '2013-06-13 20:50:33', '2013-06-13 21:00:08', 'a4fbf138-298f-41b5-acae-559e35b20870'),
 ('5', 'Contact', '2013-06-13 20:59:48', '2013-06-13 21:00:01', '84e06064-97d4-47de-aa64-c5b83e3df139'),
 ('6', 'Common', '2013-06-13 21:08:33', '2013-06-13 21:14:46', '21dd3d0f-35da-469d-bf3a-a8dff870d517'),
 ('7', 'Reference', '2013-06-14 05:02:22', '2013-06-14 05:05:49', '8c0e2b18-fe78-46f2-ade8-7671c9a8a8ed'),
 ('8', 'Meta', '2013-07-21 19:16:12', '2013-07-21 19:21:49', 'a2db553a-d49e-4677-847a-7a0b23d86e82');
COMMIT;


--
-- Schema for table `craft_fieldlayoutfields`
--

DROP TABLE IF EXISTS `craft_fieldlayoutfields`;

CREATE TABLE `craft_fieldlayoutfields` (
  `id` int(11) NOT NULL AUTO_INCREMENT,
  `layoutId` int(11) NOT NULL,
  `tabId` int(11) DEFAULT NULL,
  `fieldId` int(11) NOT NULL,
  `required` tinyint(1) unsigned NOT NULL DEFAULT '0',
  `sortOrder` tinyint(4) DEFAULT NULL,
  `dateCreated` datetime NOT NULL,
  `dateUpdated` datetime NOT NULL,
  `uid` char(36) COLLATE utf8_unicode_ci NOT NULL DEFAULT '0',
  PRIMARY KEY (`id`),
  UNIQUE KEY `craft_fieldlayoutfields_layoutId_fieldId_unq_idx` (`layoutId`,`fieldId`),
  KEY `craft_fieldlayoutfields_sortOrder_idx` (`sortOrder`),
  KEY `craft_fieldlayoutfields_tabId_fk` (`tabId`),
  KEY `craft_fieldlayoutfields_fieldId_fk` (`fieldId`)
) ENGINE=InnoDB AUTO_INCREMENT=200 DEFAULT CHARSET=utf8 COLLATE=utf8_unicode_ci;

--
-- Data for table `craft_fieldlayoutfields`
--

BEGIN;
INSERT INTO `craft_fieldlayoutfields` (`id`, `layoutId`, `tabId`, `fieldId`, `required`, `sortOrder`, `dateCreated`, `dateUpdated`, `uid`) VALUES
 ('1', '1', NULL, '1', '0', '1', '2013-06-13 00:38:00', '2013-06-13 00:38:00', 'd2c336da-db7e-42ff-a3e5-b19e9bb03012'),
 ('2', '1', NULL, '2', '0', '2', '2013-06-13 00:38:00', '2013-06-13 00:38:00', 'df9c183c-be17-49b4-9d1a-e3b7751c66b4'),
 ('3', '2', '1', '2', '1', '1', '2013-06-13 00:38:00', '2013-06-13 00:38:00', 'cf9a142c-40ad-4bad-8f8a-302459eb7d24'),
 ('62', '17', NULL, '31', '0', '1', '2013-06-13 21:14:28', '2013-06-13 21:14:28', '196d39f3-d183-4d4b-8fe8-05fd5e41b839'),
 ('66', '21', NULL, '33', '0', '1', '2013-06-14 05:06:19', '2013-06-14 05:06:19', '65a0674a-722e-4e5f-b8cf-f2be1121acfa'),
 ('67', '21', NULL, '34', '0', '2', '2013-06-14 05:06:19', '2013-06-14 05:06:19', '7735126c-a827-495f-918f-927c0c5ed9d4'),
 ('68', '21', NULL, '35', '0', '3', '2013-06-14 05:06:19', '2013-06-14 05:06:19', '49b6d346-521f-474e-a20e-bbe8e1a83086'),
 ('69', '21', NULL, '36', '0', '4', '2013-06-14 05:06:19', '2013-06-14 05:06:19', 'fd85eee4-1a70-4684-b762-051b0c6dd7a0'),
 ('73', '23', '5', '13', '0', '1', '2013-06-17 01:47:54', '2013-06-17 01:47:54', '6b5373e5-c328-4955-ba0f-0c3fa2656f2b'),
 ('74', '23', '5', '40', '0', '2', '2013-06-17 01:47:54', '2013-06-17 01:47:54', 'b6b3c00a-a380-4d0b-aee7-923936ea3985'),
 ('98', '26', '7', '3', '1', '1', '2013-06-27 22:23:21', '2013-06-27 22:23:21', '7d5eadff-6d61-40b4-b393-b3929ee6810f'),
 ('99', '26', '7', '14', '1', '2', '2013-06-27 22:23:21', '2013-06-27 22:23:21', '5e704e94-71aa-45f0-9e7a-25cce7c774b6'),
 ('100', '26', '7', '6', '0', '3', '2013-06-27 22:23:21', '2013-06-27 22:23:21', '47ea59c1-8ef2-44f9-8094-7cab3e84db20'),
 ('101', '26', '7', '9', '0', '4', '2013-06-27 22:23:21', '2013-06-27 22:23:21', '076983e7-9ecb-42a0-91fd-85aaa559b832'),
 ('102', '26', '7', '7', '0', '5', '2013-06-27 22:23:21', '2013-06-27 22:23:21', 'a52b684d-b1a0-4d52-a37d-23e3e4ecffbc'),
 ('103', '26', '7', '8', '0', '6', '2013-06-27 22:23:21', '2013-06-27 22:23:21', 'fd83e88c-667c-4eb6-92ca-4e5c63244036'),
 ('104', '26', '7', '5', '0', '7', '2013-06-27 22:23:21', '2013-06-27 22:23:21', '39f82378-05ed-4b48-8e34-87576600bd66'),
 ('105', '26', '7', '11', '1', '8', '2013-06-27 22:23:21', '2013-06-27 22:23:21', '03d53432-675c-4ae3-99a4-961a3e9b770b'),
 ('106', '26', '7', '4', '0', '9', '2013-06-27 22:23:21', '2013-06-27 22:23:21', 'f04275ba-fa2a-4115-a5d8-9710a6ce3153'),
 ('107', '26', '7', '41', '0', '10', '2013-06-27 22:23:21', '2013-06-27 22:23:21', 'f9316fdc-b39a-43af-87a3-04140614fd79'),
 ('108', '26', '7', '10', '0', '11', '2013-06-27 22:23:21', '2013-06-27 22:23:21', '34bc26dd-215a-4652-9d96-b864ce072c6c'),
 ('109', '26', '7', '43', '0', '12', '2013-06-27 22:23:21', '2013-06-27 22:23:21', 'd0feeb62-ab0a-49a2-a5eb-3ae02c256872'),
 ('110', '26', '7', '12', '0', '13', '2013-06-27 22:23:21', '2013-06-27 22:23:21', 'd4bf1738-f7b0-431a-8be0-f86029477fd3'),
 ('137', '30', NULL, '47', '0', '1', '2013-07-21 18:52:39', '2013-07-21 18:52:39', 'de1a86cc-f3a7-4e85-9655-994ae8b82f26'),
 ('151', '35', NULL, '49', '1', '1', '2013-07-21 19:46:47', '2013-07-21 19:46:47', 'ebf0d491-29a7-451c-9606-887893203e1f'),
 ('152', '35', NULL, '48', '1', '2', '2013-07-21 19:46:47', '2013-07-21 19:46:47', '9e8c38fc-aae5-41be-b33f-0a9f34c38a99'),
 ('153', '35', NULL, '50', '0', '3', '2013-07-21 19:46:47', '2013-07-21 19:46:47', '078da84c-1b4c-44ef-bf65-63939559e67f'),
 ('154', '35', NULL, '51', '0', '4', '2013-07-21 19:46:47', '2013-07-21 19:46:47', '91f6e4ab-199a-4daf-8005-4ffb92f88da0'),
 ('155', '35', NULL, '52', '0', '5', '2013-07-21 19:46:47', '2013-07-21 19:46:47', '2d040ccf-3ed3-436c-85ad-c7d2423373c1'),
 ('156', '35', NULL, '53', '0', '6', '2013-07-21 19:46:47', '2013-07-21 19:46:47', '5a483116-d7f7-43c3-8782-45adba1132bb'),
 ('157', '35', NULL, '54', '0', '7', '2013-07-21 19:46:47', '2013-07-21 19:46:47', 'cc815f4e-3d12-4c16-af3e-ec93900b2772'),
 ('160', '37', NULL, '55', '1', '1', '2013-07-22 01:27:49', '2013-07-22 01:27:49', '52763744-8682-49c4-8cbd-26fb1528711b'),
 ('161', '37', NULL, '37', '0', '2', '2013-07-22 01:27:49', '2013-07-22 01:27:49', 'ed44888b-a937-46ed-b9f1-c80d19d8acb7'),
 ('162', '37', NULL, '38', '0', '3', '2013-07-22 01:27:49', '2013-07-22 01:27:49', 'f16cf37b-0386-4717-b0f8-80591a5d5674'),
 ('163', '37', NULL, '39', '0', '4', '2013-07-22 01:27:49', '2013-07-22 01:27:49', 'bb72588d-c095-4574-acf3-d4513833302b'),
 ('164', '38', NULL, '55', '1', '1', '2013-07-22 01:27:55', '2013-07-22 01:27:55', '89aba44c-e66f-47de-b684-4a599d9ed7b6'),
 ('165', '38', NULL, '31', '0', '2', '2013-07-22 01:27:55', '2013-07-22 01:27:55', 'fb05768a-adaf-4250-a009-7bea4a7e78df'),
 ('181', '40', NULL, '55', '1', '1', '2013-07-22 01:28:46', '2013-07-22 01:28:46', '235ad20b-b8d2-415d-89e3-d7c716ab6dc9'),
 ('182', '40', NULL, '1', '1', '2', '2013-07-22 01:28:46', '2013-07-22 01:28:46', '17a72e0d-e14c-42a4-a045-e2528c095df1'),
 ('183', '40', NULL, '32', '1', '3', '2013-07-22 01:28:46', '2013-07-22 01:28:46', 'ca06dc9c-3aaf-4e9a-9fda-442e9bfa8d75'),
 ('184', '41', NULL, '55', '1', '1', '2013-07-28 23:24:48', '2013-07-28 23:24:48', '4c9c005c-a8a9-4b02-8cc7-854e6e60afa5'),
 ('185', '41', NULL, '21', '1', '2', '2013-07-28 23:24:48', '2013-07-28 23:24:48', '61b57653-ea1b-4cc5-a33a-7e19d632921d'),
 ('186', '41', NULL, '56', '1', '3', '2013-07-28 23:24:48', '2013-07-28 23:24:48', '661af691-c9a2-4d4a-b7a5-0391d2d25723'),
 ('187', '41', NULL, '22', '1', '4', '2013-07-28 23:24:48', '2013-07-28 23:24:48', 'be241493-6db0-450c-8d91-dc32da18eb32'),
 ('188', '41', NULL, '23', '1', '5', '2013-07-28 23:24:48', '2013-07-28 23:24:48', '478ab704-f66d-4532-9db7-00399ff03592'),
 ('189', '41', NULL, '24', '0', '6', '2013-07-28 23:24:48', '2013-07-28 23:24:48', '2b39d417-01d0-47a8-8c7a-6699766d6724'),
 ('190', '41', NULL, '26', '0', '7', '2013-07-28 23:24:48', '2013-07-28 23:24:48', '4839e52f-af95-4232-b5f7-5d1081abc409'),
 ('191', '41', NULL, '44', '0', '8', '2013-07-28 23:24:48', '2013-07-28 23:24:48', '74939dc5-6f13-467d-83fb-964000c3c64d'),
 ('192', '41', NULL, '25', '0', '9', '2013-07-28 23:24:48', '2013-07-28 23:24:48', '7c3d6216-3582-4932-b50f-49e361b935aa'),
 ('193', '41', NULL, '46', '0', '10', '2013-07-28 23:24:48', '2013-07-28 23:24:48', 'e0fa1fd7-8f70-444d-af23-05facfdef1e5'),
 ('194', '41', NULL, '45', '0', '11', '2013-07-28 23:24:48', '2013-07-28 23:24:48', '63e2df2d-6a19-455f-9ceb-81af4bd1520c'),
 ('195', '41', NULL, '30', '1', '12', '2013-07-28 23:24:48', '2013-07-28 23:24:48', 'c8f6a937-2dfb-45f1-bc6e-27e576c676a9'),
 ('196', '41', NULL, '27', '1', '13', '2013-07-28 23:24:48', '2013-07-28 23:24:48', '55e950a1-144e-49ea-9f6c-1cb11958a8b7'),
 ('197', '41', NULL, '28', '1', '14', '2013-07-28 23:24:48', '2013-07-28 23:24:48', '10f3f95f-57a0-4d6e-9039-7bfdb71ced09'),
 ('198', '41', NULL, '42', '1', '15', '2013-07-28 23:24:48', '2013-07-28 23:24:48', '86d77a70-a0d6-4e80-a3da-c64472412701'),
 ('199', '41', NULL, '29', '1', '16', '2013-07-28 23:24:48', '2013-07-28 23:24:48', '84dc0c7f-3abb-475a-87d9-36f068837761');
COMMIT;


--
-- Schema for table `craft_fieldlayouts`
--

DROP TABLE IF EXISTS `craft_fieldlayouts`;

CREATE TABLE `craft_fieldlayouts` (
  `id` int(11) NOT NULL AUTO_INCREMENT,
  `type` char(150) COLLATE utf8_unicode_ci NOT NULL,
  `dateCreated` datetime NOT NULL,
  `dateUpdated` datetime NOT NULL,
  `uid` char(36) COLLATE utf8_unicode_ci NOT NULL DEFAULT '0',
  PRIMARY KEY (`id`),
  KEY `craft_fieldlayouts_type_idx` (`type`)
) ENGINE=InnoDB AUTO_INCREMENT=42 DEFAULT CHARSET=utf8 COLLATE=utf8_unicode_ci;

--
-- Data for table `craft_fieldlayouts`
--

BEGIN;
INSERT INTO `craft_fieldlayouts` (`id`, `type`, `dateCreated`, `dateUpdated`, `uid`) VALUES
 ('1', 'GlobalSet', '2013-06-13 00:38:00', '2013-06-13 00:38:00', '64add02a-8c2f-42c5-a8c8-c59951c82420'),
 ('2', 'Entry', '2013-06-13 00:38:00', '2013-06-13 00:38:00', '19d9d43e-7f14-44aa-8222-f73b2c026b70'),
 ('17', 'GlobalSet', '2013-06-13 21:14:28', '2013-06-13 21:14:28', '014410ae-2bae-432f-891b-bb72470e9a16'),
 ('21', 'Asset', '2013-06-14 05:06:19', '2013-06-14 05:06:19', '1bedea37-55c8-4ac4-bd88-a9ad889fda21'),
 ('23', 'Entry', '2013-06-17 01:47:54', '2013-06-17 01:47:54', 'fb7d51fd-2118-4ae0-94f4-5308adcc2a84'),
 ('26', 'Entry', '2013-06-27 22:23:21', '2013-06-27 22:23:21', '728954a8-a985-4b46-b627-08740e6b90e3'),
 ('30', 'GlobalSet', '2013-07-21 18:52:39', '2013-07-21 18:52:39', 'bf4a71d4-4c6e-44de-92c4-a16bbbf723bf'),
 ('35', 'GlobalSet', '2013-07-21 19:46:47', '2013-07-21 19:46:47', 'b1ef3f82-9005-4c7c-9413-9e47aef384a4'),
 ('37', 'GlobalSet', '2013-07-22 01:27:49', '2013-07-22 01:27:49', '1a5c403d-8a2a-4d55-977a-e316da4ebb32'),
 ('38', 'GlobalSet', '2013-07-22 01:27:55', '2013-07-22 01:27:55', 'd3dae224-1fe2-4925-aae8-ce6a3cb9898e'),
 ('40', 'GlobalSet', '2013-07-22 01:28:46', '2013-07-22 01:28:46', 'a4a68688-c695-430f-9541-26e4a59655fb'),
 ('41', 'GlobalSet', '2013-07-28 23:24:48', '2013-07-28 23:24:48', 'b454a568-d51f-4e99-9885-33eca6e9acd5');
COMMIT;


--
-- Schema for table `craft_fieldlayouttabs`
--

DROP TABLE IF EXISTS `craft_fieldlayouttabs`;

CREATE TABLE `craft_fieldlayouttabs` (
  `id` int(11) NOT NULL AUTO_INCREMENT,
  `layoutId` int(11) NOT NULL,
  `name` varchar(100) COLLATE utf8_unicode_ci DEFAULT NULL,
  `sortOrder` tinyint(4) DEFAULT NULL,
  `dateCreated` datetime NOT NULL,
  `dateUpdated` datetime NOT NULL,
  `uid` char(36) COLLATE utf8_unicode_ci NOT NULL DEFAULT '0',
  PRIMARY KEY (`id`),
  KEY `craft_fieldlayouttabs_sortOrder_idx` (`sortOrder`),
  KEY `craft_fieldlayouttabs_layoutId_fk` (`layoutId`)
) ENGINE=InnoDB AUTO_INCREMENT=8 DEFAULT CHARSET=utf8 COLLATE=utf8_unicode_ci;

--
-- Data for table `craft_fieldlayouttabs`
--

BEGIN;
INSERT INTO `craft_fieldlayouttabs` (`id`, `layoutId`, `name`, `sortOrder`, `dateCreated`, `dateUpdated`, `uid`) VALUES
 ('1', '2', 'Content', '1', '2013-06-13 00:38:00', '2013-06-13 00:38:00', '892edcb2-eb16-4c80-a1ed-e499ba1f9f18'),
 ('5', '23', 'Album', '1', '2013-06-17 01:47:54', '2013-06-17 01:47:54', 'fa952920-5ffd-44e7-80b3-24426f0d0f5d'),
 ('7', '26', 'Song', '1', '2013-06-27 22:23:21', '2013-06-27 22:23:21', 'f05c754f-677e-4d81-8981-6404225e38f1');
COMMIT;


--
-- Schema for table `craft_fields`
--

DROP TABLE IF EXISTS `craft_fields`;

CREATE TABLE `craft_fields` (
  `id` int(11) NOT NULL AUTO_INCREMENT,
  `groupId` int(11) DEFAULT NULL,
  `name` varchar(100) COLLATE utf8_unicode_ci NOT NULL,
  `handle` char(64) COLLATE utf8_unicode_ci NOT NULL,
  `instructions` text COLLATE utf8_unicode_ci,
  `translatable` tinyint(1) unsigned NOT NULL DEFAULT '0',
  `type` char(150) COLLATE utf8_unicode_ci NOT NULL,
  `settings` text COLLATE utf8_unicode_ci,
  `dateCreated` datetime NOT NULL,
  `dateUpdated` datetime NOT NULL,
  `uid` char(36) COLLATE utf8_unicode_ci NOT NULL DEFAULT '0',
  PRIMARY KEY (`id`),
  UNIQUE KEY `craft_fields_handle_unq_idx` (`handle`),
  KEY `craft_fields_groupId_fk` (`groupId`)
) ENGINE=InnoDB AUTO_INCREMENT=57 DEFAULT CHARSET=utf8 COLLATE=utf8_unicode_ci;

--
-- Data for table `craft_fields`
--

BEGIN;
INSERT INTO `craft_fields` (`id`, `groupId`, `name`, `handle`, `instructions`, `translatable`, `type`, `settings`, `dateCreated`, `dateUpdated`, `uid`) VALUES
 ('1', '6', 'Heading', 'heading', '', '0', 'PlainText', '{\"placeholder\":\"\",\"multiline\":\"\",\"initialRows\":\"4\"}', '2013-06-13 00:37:59', '2013-06-13 21:21:06', 'd3e08709-52d3-4e9d-adf3-e78b1925acd8'),
 ('2', '6', 'Body', 'body', '', '0', 'RichText', '{\"configFile\":\"Standard.json\",\"cleanupHtml\":\"1\"}', '2013-06-13 00:37:59', '2013-06-13 21:21:19', '61be3693-423d-4011-afb5-415f93a68e1e'),
 ('3', '2', 'Description', 'description', 'Description of the song.', '0', 'RichText', '{\"configFile\":\"\",\"cleanupHtml\":\"1\"}', '2013-06-13 20:04:25', '2013-06-29 20:40:29', 'c996360a-ae5e-4743-ad6f-3b6707101e86'),
 ('4', '2', 'Audio', 'audio', 'Song audio files (.mp3 .ogg)', '0', 'Assets', '{\"sources\":[\"folder:1\"],\"limit\":\"2\"}', '2013-06-13 20:05:42', '2013-06-19 01:16:39', 'cd2b69ad-c73b-47cf-bea9-c1f608e3212e'),
 ('5', '2', 'Artwork', 'artwork', 'The cover image(s) of the song.', '0', 'Assets', '{\"sources\":[\"folder:3\"],\"limit\":\"5\"}', '2013-06-13 20:07:17', '2013-06-17 01:46:20', '7d48020f-0aa8-4fc0-992d-c674fada9dba'),
 ('6', '2', 'Composer', 'composer', 'Composer of the song.', '0', 'PlainText', '{\"placeholder\":\"Hsin-Lei Chen\",\"multiline\":\"\",\"initialRows\":\"1\"}', '2013-06-13 20:14:40', '2013-06-13 20:43:53', 'c2156659-2f62-4923-a911-ab4acb660856'),
 ('7', '2', 'Instruments', 'instruments', 'The instruments used to perform the song.', '0', 'Table', '{\"columns\":{\"col1\":{\"heading\":\"Name\",\"handle\":\"name\",\"width\":\"\",\"type\":\"singleline\"}},\"defaults\":{\"row1\":{\"col1\":\"\"}}}', '2013-06-13 20:20:17', '2013-06-27 22:14:27', 'c1a13781-79ca-41c6-aa8b-560efba6557f'),
 ('8', '2', 'Duration', 'duration', 'The duration of the song in milliseconds.', '0', 'Number', '{\"min\":\"0\",\"max\":\"\",\"decimals\":\"\"}', '2013-06-13 20:20:36', '2013-06-13 20:45:06', '20d1f599-a7e9-4d30-be0d-943c4359b66b'),
 ('9', '2', 'Performer', 'performer', 'The performer(s) of the song.', '0', 'PlainText', '{\"placeholder\":\"\",\"multiline\":\"1\",\"initialRows\":\"1\"}', '2013-06-13 20:24:07', '2013-06-13 20:24:18', '52978727-6041-47cf-8bdd-fded5e8c8381'),
 ('10', '2', 'Video', 'video', 'The YouTube / Vimeo video ID of the song.', '0', 'PlainText', '{\"placeholder\":\"\",\"multiline\":\"\",\"initialRows\":\"4\"}', '2013-06-13 20:25:44', '2013-06-13 20:25:44', '1abff761-18db-4778-859c-831e65d3066f'),
 ('11', '2', 'Media Format', 'mediaFormat', 'The media format of the song, either audio or video.', '0', 'Dropdown', '{\"options\":[{\"label\":\"audio\",\"value\":\"audio\",\"default\":\"1\"},{\"label\":\"video\",\"value\":\"video\",\"default\":\"\"}]}', '2013-06-13 20:27:08', '2013-06-13 20:27:08', '9a282443-f63b-4bf5-863d-d082b268b3a3'),
 ('12', '2', 'Suggested Songs', 'suggestedSongs', 'Songs to suggest related to this song.', '0', 'Entries', '{\"sources\":[\"section:3\"],\"limit\":\"4\"}', '2013-06-13 20:32:01', '2013-06-13 20:32:01', '89fd3225-06d1-466f-aba5-4651d98a9357'),
 ('13', '3', 'Songs', 'songs', 'The songs of the album.', '0', 'Entries', '{\"sources\":[\"section:3\"],\"limit\":\"\"}', '2013-06-13 20:36:52', '2013-06-13 20:36:52', '09b8d312-721d-4563-b12f-d7cf410cd99c'),
 ('14', '2', 'Year', 'year', 'The year of the song.', '0', 'Number', '{\"min\":\"1980\",\"max\":\"2080\",\"decimals\":\"\"}', '2013-06-13 20:38:26', '2013-06-13 20:38:26', '2a7312df-89d7-4674-943a-0543728c9560'),
 ('21', '5', 'Email Heading', 'emailHeading', '', '0', 'PlainText', '{\"placeholder\":\"\",\"multiline\":\"\",\"initialRows\":\"4\"}', '2013-06-13 21:00:40', '2013-06-13 21:00:40', 'fc1d7681-8333-4270-89c2-52cf333ac44d'),
 ('22', '5', 'Email Address', 'emailAddress', '', '0', 'PlainText', '{\"placeholder\":\"\",\"multiline\":\"\",\"initialRows\":\"4\"}', '2013-06-13 21:00:56', '2013-06-26 19:59:30', 'c1e9bd3f-8d78-4759-a7d1-779517821673'),
 ('23', '5', 'Social Heading', 'socialHeading', '', '0', 'PlainText', '{\"placeholder\":\"\",\"multiline\":\"\",\"initialRows\":\"4\"}', '2013-06-13 21:01:16', '2013-06-13 21:01:16', '27ce8b6e-9fed-48ce-a581-aed6e17e1c57'),
 ('24', '5', 'Facebook Url', 'facebookUrl', '', '0', 'PlainText', '{\"placeholder\":\"\",\"multiline\":\"\",\"initialRows\":\"4\"}', '2013-06-13 21:01:38', '2013-06-13 21:01:38', 'e44bd1ce-ea90-4d85-a1f1-218a562a049b'),
 ('25', '5', 'Twitter Url', 'twitterUrl', '', '0', 'PlainText', '{\"placeholder\":\"\",\"multiline\":\"\",\"initialRows\":\"4\"}', '2013-06-13 21:01:45', '2013-06-13 21:01:45', '550b87f5-7321-445c-894c-d38c622002c5'),
 ('26', '5', 'Google Plus Url', 'googlePlusUrl', '', '0', 'PlainText', '{\"placeholder\":\"\",\"multiline\":\"\",\"initialRows\":\"4\"}', '2013-06-13 21:02:00', '2013-06-13 21:02:00', '13f73071-f0c1-4f76-9b97-05b739c50170'),
 ('27', '5', 'From Name', 'fromName', '', '0', 'PlainText', '{\"placeholder\":\"Your Name\",\"multiline\":\"\",\"initialRows\":\"4\"}', '2013-06-13 21:02:32', '2013-06-26 20:00:55', '562df15a-0374-4567-8bc0-fa6968e8714c'),
 ('28', '5', 'From Email', 'fromEmail', '', '0', 'PlainText', '{\"placeholder\":\"Your Email\",\"multiline\":\"\",\"initialRows\":\"4\"}', '2013-06-13 21:02:40', '2013-06-26 20:00:50', 'b12d5f99-588e-4cb5-a4e4-0833656b8d64'),
 ('29', '5', 'Message', 'message', '', '0', 'PlainText', '{\"placeholder\":\"Message\",\"multiline\":\"\",\"initialRows\":\"4\"}', '2013-06-13 21:02:52', '2013-06-26 20:00:42', '0863a8cd-041d-487e-b89d-c974d5e2a876'),
 ('30', '5', 'Message Form Heading', 'messageFormHeading', '', '0', 'PlainText', '{\"placeholder\":\"\",\"multiline\":\"\",\"initialRows\":\"4\"}', '2013-06-13 21:04:02', '2013-06-13 21:04:02', 'e5eac2bf-6f30-4989-804c-521533dc6c9c'),
 ('31', '6', 'Event-List', 'eventList', '', '0', 'Table', '{\"columns\":{\"col1\":{\"heading\":\"Title\",\"handle\":\"title\",\"width\":\"\",\"type\":\"singleline\"},\"col2\":{\"heading\":\"Year\",\"handle\":\"year\",\"width\":\"\",\"type\":\"singleline\"},\"col3\":{\"heading\":\"Url\",\"handle\":\"url\",\"width\":\"\",\"type\":\"singleline\"}},\"defaults\":{\"row1\":{\"col1\":\"\",\"col2\":\"\",\"col3\":\"\"}}}', '2013-06-13 21:09:45', '2013-06-13 21:15:21', '9eadd266-2644-46b2-8f80-e99540833a06'),
 ('32', '6', 'Sub-Heading', 'subHeading', '', '0', 'PlainText', '{\"placeholder\":\"\",\"multiline\":\"\",\"initialRows\":\"4\"}', '2013-06-13 21:21:53', '2013-06-13 21:21:53', '14ea4159-dce8-42d0-b78d-6da09e291cf7'),
 ('33', '7', 'Author Name', 'authorName', '', '0', 'PlainText', '{\"placeholder\":\"\",\"multiline\":\"\",\"initialRows\":\"4\"}', '2013-06-14 05:03:40', '2013-06-14 05:03:40', '50bc3856-5139-4efe-9048-190a3359bc40'),
 ('34', '7', 'Author Url', 'authorUrl', '', '0', 'PlainText', '{\"placeholder\":\"\",\"multiline\":\"\",\"initialRows\":\"4\"}', '2013-06-14 05:03:55', '2013-06-14 05:03:55', '84b18404-4802-47ac-9d01-f9b6adc94e4d'),
 ('35', '7', 'Work Title', 'workTitle', '', '0', 'PlainText', '{\"placeholder\":\"\",\"multiline\":\"\",\"initialRows\":\"4\"}', '2013-06-14 05:04:06', '2013-06-14 05:04:06', 'ff8a42be-f138-4253-bf65-a226e150b493'),
 ('36', '7', 'Work Url', 'workUrl', '', '0', 'PlainText', '{\"placeholder\":\"\",\"multiline\":\"\",\"initialRows\":\"4\"}', '2013-06-14 05:04:18', '2013-06-14 05:04:18', 'f7feb6f5-2e70-46cc-b154-50a9320afa73'),
 ('37', '4', 'Brief', 'brief', 'A brief introduction of Hsin-Lei Chen.', '0', 'PlainText', '{\"placeholder\":\"\",\"multiline\":\"1\",\"initialRows\":\"10\"}', '2013-06-15 15:42:51', '2013-06-15 15:45:05', 'b8ea820c-b0d7-4e8d-91b0-9ace1d62ca40'),
 ('38', '4', 'Career', 'career', 'The career experience of Hsin-Lei Chen.', '0', 'PlainText', '{\"placeholder\":\"\",\"multiline\":\"1\",\"initialRows\":\"10\"}', '2013-06-15 15:43:31', '2013-06-15 15:45:10', 'c72d8dc4-cf03-40ec-b045-7be181d71202'),
 ('39', '4', 'Press', 'press', 'The press quote for Hsin-Lei Chen.', '0', 'PlainText', '{\"placeholder\":\"\",\"multiline\":\"1\",\"initialRows\":\"10\"}', '2013-06-15 15:43:50', '2013-06-15 15:45:16', '4e909ea4-47d2-4443-9bda-a9d14618bfe0'),
 ('40', '3', 'Cover', 'cover', 'The cover image of the album.', '0', 'Assets', '{\"sources\":[\"folder:4\"],\"limit\":\"1\"}', '2013-06-17 01:44:06', '2013-06-17 02:11:43', 'c2ad14fa-eedf-44d9-8f14-f08c670cd809'),
 ('41', '2', 'Audio Data', 'audioData', 'The data json file.', '0', 'Assets', '{\"sources\":[\"folder:2\"],\"limit\":\"1\"}', '2013-06-19 01:14:53', '2013-07-20 15:16:58', '1c9c22c7-3481-4ca7-b3a3-a986b30017cc'),
 ('42', '5', 'Subject', 'subject', '', '0', 'PlainText', '{\"placeholder\":\"Subject\",\"multiline\":\"\",\"initialRows\":\"4\"}', '2013-06-26 20:00:28', '2013-06-26 20:00:28', '49eb9604-0242-4c83-b18d-647b9383aabc'),
 ('43', '2', 'Allow Download', 'allowDownload', '', '0', 'Dropdown', '{\"options\":[{\"label\":\"No\",\"value\":\"n\",\"default\":\"1\"},{\"label\":\"Yes\",\"value\":\"y\",\"default\":\"\"}]}', '2013-06-27 22:22:50', '2013-06-27 22:36:07', '314264a5-1bd1-4cb8-8b63-b5fe1eb3c1b1'),
 ('44', '5', 'LinkedIn Url', 'linkedinUrl', '', '0', 'PlainText', '{\"placeholder\":\"\",\"multiline\":\"\",\"initialRows\":\"4\"}', '2013-07-20 23:34:27', '2013-07-20 23:34:27', 'aeba58c1-b3e4-480b-9800-09c65e0d6a9f'),
 ('45', '5', 'YouTube Url', 'youtubeUrl', '', '0', 'PlainText', '{\"placeholder\":\"\",\"multiline\":\"\",\"initialRows\":\"4\"}', '2013-07-21 00:36:26', '2013-07-21 00:36:26', 'cd7f4fe1-8b2f-43a8-adc7-25da8df31287'),
 ('46', '5', 'Vimeo Url', 'vimeoUrl', '', '0', 'PlainText', '{\"placeholder\":\"\",\"multiline\":\"\",\"initialRows\":\"4\"}', '2013-07-21 00:36:43', '2013-07-21 00:36:43', 'd1cc2561-c1b2-46db-b3bc-31204b056aec'),
 ('47', '6', 'Downloads', 'downloads', '', '0', 'Assets', '{\"sources\":[\"folder:5\"],\"limit\":\"\"}', '2013-07-21 18:52:12', '2013-07-21 18:55:31', '5bfd863e-7137-41fa-9ce1-c3ad3174e2ca'),
 ('48', '8', 'Meta Keywords', 'metaKeywords', 'keywords meta tag', '0', 'PlainText', '{\"placeholder\":\"\",\"multiline\":\"\",\"initialRows\":\"4\"}', '2013-07-21 19:17:10', '2013-07-21 19:22:49', 'cf483aad-17fe-44aa-b83a-708b1f765997'),
 ('49', '8', 'Meta Description', 'metaDescription', 'description meta tag', '0', 'PlainText', '{\"placeholder\":\"\",\"multiline\":\"\",\"initialRows\":\"4\"}', '2013-07-21 19:17:56', '2013-07-21 19:22:39', '8afa46cd-8f8c-4814-bc19-2affc358db09'),
 ('50', '8', 'Facebook Image', 'facebookImage', '', '0', 'Assets', '{\"sources\":[\"folder:6\"],\"limit\":\"1\"}', '2013-07-21 19:19:57', '2013-07-21 19:29:04', '41dd37b9-1313-49ef-979e-1d00c30d73d0'),
 ('51', '8', 'Icon iPhone', 'iconIphone', '57x57', '0', 'Assets', '{\"sources\":[\"folder:6\"],\"limit\":\"1\"}', '2013-07-21 19:44:01', '2013-07-21 19:44:01', 'a1eff623-f148-4aed-89a2-ee8a58b07ac9'),
 ('52', '8', 'Icon iPad', 'iconIpad', '72x72', '0', 'Assets', '{\"sources\":[\"folder:6\"],\"limit\":\"1\"}', '2013-07-21 19:44:29', '2013-07-21 19:44:29', 'b3c8ee7a-d8fc-4ced-bcfd-779554016e37'),
 ('53', '8', 'Icon iPhone Retina', 'iconIphoneRetina', '114x114', '0', 'Assets', '{\"sources\":[\"folder:6\"],\"limit\":\"1\"}', '2013-07-21 19:45:14', '2013-07-21 19:45:14', '7c5b95de-99e1-4988-91f0-c67ab986a1bc'),
 ('54', '8', 'Icon iPad Retina', 'iconIpadRetina', '144x144', '0', 'Assets', '{\"sources\":[\"folder:6\"],\"limit\":\"1\"}', '2013-07-21 19:45:35', '2013-07-21 19:45:35', 'c54cc18f-9236-4557-9b4f-18e413c39891'),
 ('55', '6', 'Token', 'token', '', '0', 'PlainText', '{\"placeholder\":\"\",\"multiline\":\"\",\"initialRows\":\"4\"}', '2013-07-22 01:25:52', '2013-07-22 01:26:06', 'f3e7194f-245c-4fe3-bc27-b493851da164'),
 ('56', '5', 'Email Owner', 'emailOwner', 'The contact person\'s name.', '0', 'PlainText', '{\"placeholder\":\"\",\"multiline\":\"\",\"initialRows\":\"4\"}', '2013-07-28 23:24:19', '2013-07-28 23:24:19', '93bc1902-628a-4cf8-892f-4904c998bf82');
COMMIT;


--
-- Schema for table `craft_globalsets`
--

DROP TABLE IF EXISTS `craft_globalsets`;

CREATE TABLE `craft_globalsets` (
  `id` int(11) NOT NULL,
  `name` varchar(100) COLLATE utf8_unicode_ci NOT NULL,
  `handle` char(45) COLLATE utf8_unicode_ci NOT NULL,
  `fieldLayoutId` int(10) DEFAULT NULL,
  `dateCreated` datetime NOT NULL,
  `dateUpdated` datetime NOT NULL,
  `uid` char(36) COLLATE utf8_unicode_ci NOT NULL DEFAULT '0',
  PRIMARY KEY (`id`),
  UNIQUE KEY `craft_globalsets_name_unq_idx` (`name`),
  UNIQUE KEY `craft_globalsets_handle_unq_idx` (`handle`),
  KEY `craft_globalsets_fieldLayoutId_fk` (`fieldLayoutId`)
) ENGINE=InnoDB DEFAULT CHARSET=utf8 COLLATE=utf8_unicode_ci;

--
-- Data for table `craft_globalsets`
--

BEGIN;
INSERT INTO `craft_globalsets` (`id`, `name`, `handle`, `fieldLayoutId`, `dateCreated`, `dateUpdated`, `uid`) VALUES
 ('6', 'Biography', 'biography', '37', '2013-06-13 20:48:27', '2013-07-22 01:27:49', '03f87cd4-dc61-408b-99b9-436dc4634d5d'),
 ('7', 'Contact', 'contact', '41', '2013-06-13 21:03:12', '2013-07-28 23:24:48', '9f0f78fd-c443-49d8-a77a-8cc94d7c061a'),
 ('8', 'Awards', 'awards', '38', '2013-06-13 21:08:19', '2013-07-22 01:27:55', '2001a20b-d644-4223-a4c2-4f18d95f75d8'),
 ('10', 'Home', 'home', '40', '2013-06-13 21:22:12', '2013-07-22 01:28:46', '99350073-9754-4343-bec2-20fb0d339693'),
 ('44', 'Resume', 'resume', '30', '2013-07-21 18:51:04', '2013-07-21 18:52:39', 'fccf26b3-8816-4a27-837a-e3682f88953b'),
 ('45', 'Meta', 'meta', '35', '2013-07-21 19:20:35', '2013-07-21 19:46:47', '44991799-c286-4f0e-9054-eca047923e86');
COMMIT;


--
-- Schema for table `craft_info`
--

DROP TABLE IF EXISTS `craft_info`;

CREATE TABLE `craft_info` (
  `id` int(11) NOT NULL AUTO_INCREMENT,
  `version` char(15) COLLATE utf8_unicode_ci NOT NULL,
  `build` int(11) unsigned NOT NULL,
  `packages` varchar(200) COLLATE utf8_unicode_ci DEFAULT NULL,
  `releaseDate` datetime NOT NULL,
  `siteName` varchar(100) COLLATE utf8_unicode_ci NOT NULL,
  `siteUrl` varchar(255) COLLATE utf8_unicode_ci NOT NULL,
  `timezone` varchar(30) COLLATE utf8_unicode_ci DEFAULT NULL,
  `on` tinyint(1) unsigned NOT NULL DEFAULT '0',
  `maintenance` tinyint(1) unsigned NOT NULL DEFAULT '0',
  `track` varchar(40) COLLATE utf8_unicode_ci NOT NULL,
  `dateCreated` datetime NOT NULL,
  `dateUpdated` datetime NOT NULL,
  `uid` char(36) COLLATE utf8_unicode_ci NOT NULL DEFAULT '0',
  PRIMARY KEY (`id`)
) ENGINE=InnoDB AUTO_INCREMENT=2 DEFAULT CHARSET=utf8 COLLATE=utf8_unicode_ci;

--
-- Data for table `craft_info`
--

BEGIN;
INSERT INTO `craft_info` (`id`, `version`, `build`, `packages`, `releaseDate`, `siteName`, `siteUrl`, `timezone`, `on`, `maintenance`, `track`, `dateCreated`, `dateUpdated`, `uid`) VALUES
 ('1', '1.0', '2280', 'PublishPro,Users', '2013-07-12 17:20:30', 'Hsin-Lei Chen', 'http://', 'UTC', '1', '0', 'stable', '2013-06-13 00:37:55', '2013-07-29 00:10:13', 'fc75fae5-406f-4d67-8ac4-295e67867be8');
COMMIT;


--
-- Schema for table `craft_locales`
--

DROP TABLE IF EXISTS `craft_locales`;

CREATE TABLE `craft_locales` (
  `locale` char(12) COLLATE utf8_unicode_ci NOT NULL,
  `sortOrder` tinyint(4) DEFAULT NULL,
  `dateCreated` datetime NOT NULL,
  `dateUpdated` datetime NOT NULL,
  `uid` char(36) COLLATE utf8_unicode_ci NOT NULL DEFAULT '0',
  PRIMARY KEY (`locale`)
) ENGINE=InnoDB DEFAULT CHARSET=utf8 COLLATE=utf8_unicode_ci;

--
-- Data for table `craft_locales`
--

BEGIN;
INSERT INTO `craft_locales` (`locale`, `sortOrder`, `dateCreated`, `dateUpdated`, `uid`) VALUES
 ('en_us', '1', '2013-06-13 00:37:57', '2013-06-13 00:37:57', '94e81c1b-1b8a-42f3-96bd-f56a16c30ceb');
COMMIT;


--
-- Schema for table `craft_migrations`
--

DROP TABLE IF EXISTS `craft_migrations`;

CREATE TABLE `craft_migrations` (
  `id` int(11) NOT NULL AUTO_INCREMENT,
  `pluginId` int(11) DEFAULT NULL,
  `version` varchar(255) COLLATE utf8_unicode_ci NOT NULL,
  `applyTime` datetime NOT NULL,
  `dateCreated` datetime NOT NULL,
  `dateUpdated` datetime NOT NULL,
  `uid` char(36) COLLATE utf8_unicode_ci NOT NULL DEFAULT '0',
  PRIMARY KEY (`id`),
  UNIQUE KEY `craft_migrations_version_unq_idx` (`version`),
  KEY `craft_migrations_pluginId_fk` (`pluginId`)
) ENGINE=InnoDB AUTO_INCREMENT=3 DEFAULT CHARSET=utf8 COLLATE=utf8_unicode_ci;

--
-- Data for table `craft_migrations`
--

BEGIN;
INSERT INTO `craft_migrations` (`id`, `pluginId`, `version`, `applyTime`, `dateCreated`, `dateUpdated`, `uid`) VALUES
 ('1', NULL, 'm000000_000000_base', '2013-06-13 00:37:56', '2013-06-13 00:37:56', '2013-06-13 00:37:56', '3c74f1ec-a9e8-4d04-a7a4-c7d044afaba4'),
 ('2', NULL, 'm130613_000000_add_cascade_delete_to_relations', '2013-06-18 18:58:01', '2013-06-18 18:58:01', '2013-06-18 18:58:01', 'ec99a86c-c28c-4d6e-89fb-b986ca5739a1');
COMMIT;


--
-- Schema for table `craft_plugins`
--

DROP TABLE IF EXISTS `craft_plugins`;

CREATE TABLE `craft_plugins` (
  `id` int(11) NOT NULL AUTO_INCREMENT,
  `class` char(150) COLLATE utf8_unicode_ci NOT NULL,
  `version` char(15) COLLATE utf8_unicode_ci NOT NULL,
  `enabled` tinyint(1) unsigned NOT NULL DEFAULT '0',
  `settings` text COLLATE utf8_unicode_ci,
  `installDate` datetime NOT NULL,
  `dateCreated` datetime NOT NULL,
  `dateUpdated` datetime NOT NULL,
  `uid` char(36) COLLATE utf8_unicode_ci NOT NULL DEFAULT '0',
  PRIMARY KEY (`id`)
) ENGINE=InnoDB DEFAULT CHARSET=utf8 COLLATE=utf8_unicode_ci;

--
-- Schema for table `craft_rackspaceaccess`
--

DROP TABLE IF EXISTS `craft_rackspaceaccess`;

CREATE TABLE `craft_rackspaceaccess` (
  `id` int(11) NOT NULL AUTO_INCREMENT,
  `connectionKey` varchar(255) COLLATE utf8_unicode_ci NOT NULL,
  `token` varchar(255) COLLATE utf8_unicode_ci NOT NULL,
  `storageUrl` varchar(255) COLLATE utf8_unicode_ci NOT NULL,
  `cdnUrl` varchar(255) COLLATE utf8_unicode_ci NOT NULL,
  `dateCreated` datetime NOT NULL,
  `dateUpdated` datetime NOT NULL,
  `uid` char(36) COLLATE utf8_unicode_ci NOT NULL DEFAULT '0',
  PRIMARY KEY (`id`),
  UNIQUE KEY `craft_rackspaceaccess_connectionKey_unq_idx` (`connectionKey`)
) ENGINE=InnoDB DEFAULT CHARSET=utf8 COLLATE=utf8_unicode_ci;

--
-- Schema for table `craft_relations`
--

DROP TABLE IF EXISTS `craft_relations`;

CREATE TABLE `craft_relations` (
  `id` int(11) NOT NULL AUTO_INCREMENT,
  `fieldId` int(11) NOT NULL,
  `parentId` int(11) NOT NULL,
  `childId` int(11) NOT NULL,
  `sortOrder` tinyint(4) DEFAULT NULL,
  `dateCreated` datetime NOT NULL,
  `dateUpdated` datetime NOT NULL,
  `uid` char(36) COLLATE utf8_unicode_ci NOT NULL DEFAULT '0',
  PRIMARY KEY (`id`),
  UNIQUE KEY `craft_relations_fieldId_parentId_childId_unq_idx` (`fieldId`,`parentId`,`childId`),
  KEY `craft_relations_parentId_fk` (`parentId`),
  KEY `craft_relations_childId_fk` (`childId`)
) ENGINE=InnoDB AUTO_INCREMENT=191 DEFAULT CHARSET=utf8 COLLATE=utf8_unicode_ci;

--
-- Data for table `craft_relations`
--

BEGIN;
INSERT INTO `craft_relations` (`id`, `fieldId`, `parentId`, `childId`, `sortOrder`, `dateCreated`, `dateUpdated`, `uid`) VALUES
 ('157', '4', '26', '28', '1', '2013-07-20 17:30:56', '2013-07-20 17:30:56', '708333c4-ded3-4316-ae70-7fa62301a990'),
 ('158', '4', '26', '27', '2', '2013-07-20 17:30:56', '2013-07-20 17:30:56', 'b604ecdd-e7a0-4793-bf53-38f64707366b'),
 ('159', '41', '26', '39', '1', '2013-07-20 17:30:56', '2013-07-20 17:30:56', 'e41261e7-01cd-4522-be29-b2772ec51765'),
 ('160', '12', '26', '17', '1', '2013-07-20 17:30:56', '2013-07-20 17:30:56', '2bb6ad88-92c4-4359-a3ce-e24f5acbfb6c'),
 ('161', '12', '26', '4', '2', '2013-07-20 17:30:56', '2013-07-20 17:30:56', 'd988bf59-f49b-4fcb-af4f-e14c6988d5af'),
 ('162', '5', '17', '21', '1', '2013-07-20 17:31:04', '2013-07-20 17:31:04', 'bdaa868d-a34d-4cbe-b07a-ffb15f47bfcb'),
 ('163', '5', '17', '16', '2', '2013-07-20 17:31:04', '2013-07-20 17:31:04', '362283a8-7248-4f76-afc1-9fb534920db7'),
 ('164', '4', '17', '19', '1', '2013-07-20 17:31:04', '2013-07-20 17:31:04', 'b5921c0f-dff7-4956-8392-8a3114abf624'),
 ('165', '4', '17', '20', '2', '2013-07-20 17:31:04', '2013-07-20 17:31:04', '0fc6ecd4-48e4-4ef6-a273-5ea54f91b164'),
 ('166', '41', '17', '40', '1', '2013-07-20 17:31:04', '2013-07-20 17:31:04', 'd636cbf6-99d3-4e58-9afe-c3a06c0cef3d'),
 ('167', '12', '17', '26', '1', '2013-07-20 17:31:04', '2013-07-20 17:31:04', '204ceac1-cc01-4d18-a2e5-51d48b1b79f6'),
 ('168', '12', '17', '4', '2', '2013-07-20 17:31:04', '2013-07-20 17:31:04', '00991b35-1901-4069-a829-01866a18d7a2'),
 ('169', '5', '4', '13', '1', '2013-07-20 17:31:16', '2013-07-20 17:31:16', '7c0c79f5-8f0f-4bc5-80d4-5ef10145e9cc'),
 ('170', '5', '4', '24', '2', '2013-07-20 17:31:16', '2013-07-20 17:31:16', '4579b951-871d-4782-a8cb-48f0a5028b71'),
 ('171', '5', '4', '23', '3', '2013-07-20 17:31:16', '2013-07-20 17:31:16', 'cf49c005-ce90-4227-9a6e-3a1d4502288c'),
 ('172', '4', '4', '22', '1', '2013-07-20 17:31:16', '2013-07-20 17:31:16', 'a35a1dff-6302-4e1f-a27a-9dc250ffeecc'),
 ('173', '4', '4', '25', '2', '2013-07-20 17:31:16', '2013-07-20 17:31:16', '12fe3a60-9dea-4c55-911b-e6b08c199f80'),
 ('174', '41', '4', '38', '1', '2013-07-20 17:31:16', '2013-07-20 17:31:16', 'ecbb8dc3-fe7e-47a7-bbc6-355b6a007333'),
 ('175', '47', '44', '42', '1', '2013-07-21 18:52:58', '2013-07-21 18:52:58', '07317d6c-8f28-4fbd-a735-23a4d376d5c4'),
 ('176', '40', '14', '29', '1', '2013-07-21 20:09:46', '2013-07-21 20:09:46', '8ec99974-6cbc-44ba-8906-bc65171f831f'),
 ('177', '13', '14', '33', '1', '2013-07-21 20:09:46', '2013-07-21 20:09:46', '30debf6d-11ab-490f-8bd5-8b8611022244'),
 ('178', '13', '14', '4', '2', '2013-07-21 20:09:46', '2013-07-21 20:09:46', '8a2a0b99-ca87-431b-ac73-b7c43d743dc4'),
 ('179', '13', '14', '26', '3', '2013-07-21 20:09:46', '2013-07-21 20:09:46', '974338ad-9551-47a6-beff-51f5d34183c4'),
 ('180', '40', '5', '30', '1', '2013-07-21 20:09:51', '2013-07-21 20:09:51', 'a2ca3e2e-65f1-48ae-8b8b-fa7014c85cd7'),
 ('181', '13', '5', '17', '1', '2013-07-21 20:09:51', '2013-07-21 20:09:51', '4de88b2e-69b1-41bb-8e27-9a231d7d14df'),
 ('182', '13', '5', '33', '2', '2013-07-21 20:09:51', '2013-07-21 20:09:51', '3cbbb297-8989-484d-9667-395eadcdc065'),
 ('183', '5', '33', '34', '1', '2013-07-22 05:04:31', '2013-07-22 05:04:31', 'dc52abb3-96d1-41ed-a29d-51ac4a1bafeb'),
 ('184', '5', '33', '36', '2', '2013-07-22 05:04:31', '2013-07-22 05:04:31', '0d36d63c-488f-42cc-a6c4-9334c80497c0'),
 ('185', '4', '33', '31', '1', '2013-07-22 05:04:31', '2013-07-22 05:04:31', '3286c5e5-894e-40ba-b4df-863394b3edef'),
 ('186', '4', '33', '32', '2', '2013-07-22 05:04:31', '2013-07-22 05:04:31', '54fc3271-cfd6-4e1a-9cf6-6e954dcad355'),
 ('187', '41', '33', '37', '1', '2013-07-22 05:04:31', '2013-07-22 05:04:31', 'becb7d93-db69-4d32-b165-fd0334783c2a'),
 ('188', '12', '33', '26', '1', '2013-07-22 05:04:31', '2013-07-22 05:04:31', 'ba884dd0-4c0e-464b-bb2c-81646389320f'),
 ('189', '12', '33', '17', '2', '2013-07-22 05:04:31', '2013-07-22 05:04:31', '9279eecb-cdd1-4b88-a482-ab54c1a5bc73'),
 ('190', '12', '33', '4', '3', '2013-07-22 05:04:31', '2013-07-22 05:04:31', '4d0b9020-eb99-4906-bf91-65ab25fd075e');
COMMIT;


--
-- Schema for table `craft_routes`
--

DROP TABLE IF EXISTS `craft_routes`;

CREATE TABLE `craft_routes` (
  `id` int(11) NOT NULL AUTO_INCREMENT,
  `urlParts` varchar(255) COLLATE utf8_unicode_ci NOT NULL,
  `urlPattern` varchar(255) COLLATE utf8_unicode_ci NOT NULL,
  `template` varchar(255) COLLATE utf8_unicode_ci NOT NULL,
  `sortOrder` tinyint(4) DEFAULT NULL,
  `dateCreated` datetime NOT NULL,
  `dateUpdated` datetime NOT NULL,
  `uid` char(36) COLLATE utf8_unicode_ci NOT NULL DEFAULT '0',
  PRIMARY KEY (`id`),
  UNIQUE KEY `craft_routes_urlPattern_unq_idx` (`urlPattern`)
) ENGINE=InnoDB AUTO_INCREMENT=11 DEFAULT CHARSET=utf8 COLLATE=utf8_unicode_ci;

--
-- Data for table `craft_routes`
--

BEGIN;
INSERT INTO `craft_routes` (`id`, `urlParts`, `urlPattern`, `template`, `sortOrder`, `dateCreated`, `dateUpdated`, `uid`) VALUES
 ('1', '[\"_includes\\/home\"]', '_includes\\/home', '_includes/home', '1', '2013-06-16 15:29:22', '2013-07-20 22:43:55', 'b480119f-874b-4a24-9ed1-75b01e67ab79'),
 ('2', '[\"_includes\\/biography\"]', '_includes\\/biography', '_includes/biography', '2', '2013-06-16 15:32:33', '2013-07-20 22:44:25', 'cae5d61d-d6a5-495f-bb87-35ff723e3af9'),
 ('3', '[\"_includes\\/awards\"]', '_includes\\/awards', '_includes/awards', '3', '2013-06-16 15:32:44', '2013-07-20 22:44:28', '796db817-5390-4e7f-a829-0ab4f5d9a184'),
 ('4', '[\"_includes\\/contact\"]', '_includes\\/contact', '_includes/contact', '4', '2013-06-16 15:32:54', '2013-07-20 22:44:32', 'ecd36a1c-b329-480d-878c-af7ba18262d1'),
 ('5', '[\"_includes\\/detail\"]', '_includes\\/detail', '_includes/detail', '5', '2013-06-27 21:18:23', '2013-07-20 22:44:35', 'ef23e405-0f27-4dd5-afba-50e82a7508ad'),
 ('6', '[\"home\"]', 'home', 'index.html', '6', '2013-07-21 03:08:48', '2013-07-21 03:08:48', 'e6e69bfb-3386-4b10-bffb-82278f07c0c0'),
 ('7', '[\"biography\"]', 'biography', 'index.html', '7', '2013-07-21 03:09:18', '2013-07-21 03:09:18', '933abfb2-873a-42d7-b068-73d55d9a1048'),
 ('8', '[\"awards\"]', 'awards', 'index.html', '8', '2013-07-21 03:09:28', '2013-07-21 03:09:28', '9c27a2b2-756f-43a7-8316-25c884a2cd0c'),
 ('9', '[\"contact\"]', 'contact', 'index.html', '9', '2013-07-21 03:09:37', '2013-07-21 03:09:37', '2c676d46-1618-449e-84c1-f272184e0dfd'),
 ('10', '[\"album\\/\",[\"*\",\"[^\\\\\\/]+\"],\"\\/\",[\"*\",\"[^\\\\\\/]+\"]]', 'album\\/([^\\/]+)\\/([^\\/]+)', 'index.html', '10', '2013-07-21 03:10:55', '2013-07-21 05:26:05', '43ff9f5d-6aea-46cb-b240-6890ea615b24');
COMMIT;


--
-- Schema for table `craft_searchindex`
--

DROP TABLE IF EXISTS `craft_searchindex`;

CREATE TABLE `craft_searchindex` (
  `elementId` int(11) NOT NULL,
  `attribute` varchar(25) COLLATE utf8_unicode_ci NOT NULL,
  `fieldId` int(11) NOT NULL,
  `locale` char(12) COLLATE utf8_unicode_ci NOT NULL,
  `keywords` text COLLATE utf8_unicode_ci NOT NULL,
  PRIMARY KEY (`elementId`,`attribute`,`fieldId`,`locale`),
  FULLTEXT KEY `craft_searchindex_keywords_idx` (`keywords`)
) ENGINE=MyISAM DEFAULT CHARSET=utf8 COLLATE=utf8_unicode_ci;

--
-- Data for table `craft_searchindex`
--

BEGIN;
INSERT INTO `craft_searchindex` (`elementId`, `attribute`, `fieldId`, `locale`, `keywords`) VALUES
 ('1', 'username', '0', 'en_us', ' joeonmars '),
 ('1', 'email', '0', 'en_us', ' joe joeonmars com '),
 ('2', 'field', '2', 'en_us', ' it s true this site doesn t have a whole lot of content yet but don t worry our web developers have just installed the cms and they re setting things up for the content editors this very moment soon hlc portfolio dev will be an oasis of fresh perspectives sharp analyses and astute opinions that will keep you coming back again and again '),
 ('2', 'field', '1', 'en_us', ' welcome to hlc portfolio dev '),
 ('3', 'title', '0', 'en_us', ' we just installed craft '),
 ('3', 'slug', '0', 'en_us', ' we just installed craft '),
 ('3', 'field', '2', 'en_us', ' craft is the cms that s powering hlc portfolio dev it s beautiful powerful flexible and easy to use and it s made by pixel tonic we can t wait to dive in and see what it s capable of this is even more captivating content which you couldn t see on the news index page because it was entered after a page break and the news index template only likes to show the content on the first page craft a nice alternative to word if you re making a website '),
 ('4', 'title', '0', 'en_us', ' the school of artist '),
 ('4', 'slug', '0', 'en_us', ' the school of artist '),
 ('4', 'field', '3', 'en_us', ' this is the song description '),
 ('4', 'field', '11', 'en_us', ' audio '),
 ('4', 'field', '14', 'en_us', ' 1999 '),
 ('5', 'title', '0', 'en_us', ' album i '),
 ('5', 'slug', '0', 'en_us', ' album 1 '),
 ('5', 'field', '13', 'en_us', ' 17 1 0 en_us 2013 06 17 2013 07 20 3 1 the spinning song the spinning song 2013 06 17 33 1 0 en_us 2013 07 17 2013 07 20 3 1 norcturne op 37 norcturne op 37 2013 07 17 '),
 ('6', 'field', '15', 'en_us', ' brief lorem ipsum dolor sit amet consectetur adipiscing elit morbi commodo arcu at lorem fermentum imperdiet vivamus vel porttitor enim sed viverra turpis aliquam vestibulum elementum volutpat curabitur varius pretium magna sit amet molestie nunc lobortis adipiscing arcu sed fermentum velit elementum nec ut condimentum vulputate varius donec mattis enim a ullamcorper tincidunt neque nunc ultrices erat vel sagittis ligula nibh eget mauris brief lorem ipsum dolor sit amet consectetur adipiscing elit morbi commodo arcu at lorem fermentum imperdiet vivamus vel porttitor enim sed viverra turpis aliquam vestibulum elementum volutpat curabitur varius pretium magna sit amet molestie nunc lobortis adipiscing arcu sed fermentum velit elementum nec ut condimentum vulputate varius donec mattis enim a ullamcorper tincidunt neque nunc ultrices erat vel sagittis ligula nibh eget mauris career vivamus augue mauris dignissim id ultrices nec consectetur ut nisi fusce iaculis erat eget pellentesque rutrum sem enim pretium nisl quis consectetur ante nulla lobortis eros suspendisse hendrerit consectetur lacinia phasellus luctus massa eget pulvinar vestibulum ut et lectus et nibh sagittis ornare eu vel urna aenean ullamcorper dui id elementum luctus mauris porta ante dolor a rhoncus diam vestibulum et sed volutpat quam id vulputate ultrices phasellus nec eleifend lorem nunc vestibulum sodales leo pellentesque eleifend felis massa pellentesque auctor vestibulum quam quis malesuada eros vestibulum id praesent convallis rhoncus pulvinar sed bibendum nec orci sed posuere aliquam eu suscipit nisi proin tristique nibh vitae lobortis tincidunt career vivamus augue mauris dignissim id ultrices nec consectetur ut nisi fusce iaculis erat eget pellentesque rutrum sem enim pretium nisl quis consectetur ante nulla lobortis eros suspendisse hendrerit consectetur lacinia phasellus luctus massa eget pulvinar vestibulum ut et lectus et nibh sagittis ornare eu vel urna aenean ullamcorper dui id elementum luctus mauris porta ante dolor a rhoncus diam vestibulum et sed volutpat quam id vulputate ultrices phasellus nec eleifend lorem nunc vestibulum sodales leo pellentesque eleifend felis massa pellentesque auctor vestibulum quam quis malesuada eros vestibulum id praesent convallis rhoncus pulvinar sed bibendum nec orci sed posuere aliquam eu suscipit nisi proin tristique nibh vitae lobortis tincidunt press the other premiere played by all four musicians was contemporary composer chen hsin lei s by the light of nature a musical realization of the concept of nothingness or blankness described in the notes as one of the spiritual cores of chinese art to give you a partial idea of that concept imagine something that is hidden from you like a village that you can t see because there s a mountain in front of it this most impressive work included some apparently pre recorded digital sounds press the other premiere played by all four musicians was contemporary composer chen hsin lei s by the light of nature a musical realization of the concept of nothingness or blankness described in the notes as one of the spiritual cores of chinese art to give you a partial idea of that concept imagine something that is hidden from you like a village that you can t see because there s a mountain in front of it this most impressive work included some apparently pre recorded digital sounds '),
 ('6', 'field', '18', 'en_us', ' brief '),
 ('6', 'field', '17', 'en_us', ' some text about education '),
 ('6', 'field', '19', 'en_us', ' education '),
 ('6', 'field', '16', 'en_us', ' some text about career '),
 ('6', 'field', '20', 'en_us', ' career '),
 ('8', 'field', '31', 'en_us', ' council doe cultural creative industry project award 2010 http www google com council doe cultural creative industry project award 2010 http www google com college conservatory of music university of cincinnati orchestral work competition 2007 college conservatory of music university of cincinnati orchestral work competition 2007 erm media s next master work award 2006 erm media s next master work award 2006 formosa composition competition third place and audience special award 2004 formosa composition competition third place and audience special award 2004 '),
 ('10', 'field', '1', 'en_us', ' hsin lei chen '),
 ('10', 'field', '32', 'en_us', ' composer '),
 ('11', 'filename', '0', 'en_us', ' buffering indicator png '),
 ('11', 'extension', '0', 'en_us', ' png '),
 ('11', 'kind', '0', 'en_us', ' image '),
 ('12', 'filename', '0', 'en_us', ' bookshelf jpg '),
 ('12', 'extension', '0', 'en_us', ' jpg '),
 ('12', 'kind', '0', 'en_us', ' image '),
 ('13', 'filename', '0', 'en_us', ' album background example 1 jpg '),
 ('13', 'extension', '0', 'en_us', ' jpg '),
 ('13', 'kind', '0', 'en_us', ' image '),
 ('13', 'field', '33', 'en_us', ' unknown author '),
 ('13', 'field', '34', 'en_us', ' http www google com '),
 ('13', 'field', '35', 'en_us', ' unknown work title '),
 ('13', 'field', '36', 'en_us', ' http www sina com cn '),
 ('4', 'field', '5', 'en_us', ' 13 1 0 2013 06 14 2013 06 14 3 3 album background example 1 jpg image 2048 1368 984681 2013 06 14 24 1 0 2013 06 19 2013 06 19 3 3 black_and_white_mountain_landscape jpg image 1920 1080 661051 2013 06 19 23 1 0 2013 06 19 2013 06 19 3 3 black white piano organ jpg image 1024 819 334023 2013 06 19 '),
 ('14', 'title', '0', 'en_us', ' album ii '),
 ('14', 'slug', '0', 'en_us', ' album 2 '),
 ('14', 'field', '13', 'en_us', ' 33 1 0 en_us 2013 07 17 2013 07 20 3 1 norcturne op 37 norcturne op 37 2013 07 17 4 1 0 en_us 2013 06 13 2013 07 20 3 1 the school of artist the school of artist 2013 06 13 26 1 0 en_us 2013 06 20 2013 07 20 3 1 in the darkest night we sing in the darkest night we sing 2013 06 20 '),
 ('6', 'field', '37', 'en_us', ' lorem ipsum dolor sit amet consectetur adipiscing elit morbi commodo arcu at lorem fermentum imperdiet vivamus vel porttitor enim sed viverra turpis aliquam vestibulum elementum volutpat curabitur varius pretium magna sit amet molestie nunc lobortis adipiscing arcu sed fermentum velit elementum nec ut condimentum vulputate varius donec mattis enim a ullamcorper tincidunt neque nunc ultrices erat vel sagittis ligula nibh eget mauris '),
 ('6', 'field', '38', 'en_us', ' vivamus augue mauris dignissim id ultrices nec consectetur ut nisi fusce iaculis erat eget pellentesque rutrum sem enim pretium nisl quis consectetur ante nulla lobortis eros suspendisse hendrerit consectetur lacinia phasellus luctus massa eget pulvinar vestibulum ut et lectus et nibh sagittis ornare eu vel urna aenean ullamcorper dui id elementum luctus mauris porta ante dolor a rhoncus diam vestibulum et sed volutpat quam id vulputate ultrices phasellus nec eleifend lorem nunc vestibulum sodales leo pellentesque eleifend felis massa pellentesque auctor vestibulum quam quis malesuada eros vestibulum id praesent convallis rhoncus pulvinar sed bibendum nec orci sed posuere aliquam eu suscipit nisi proin tristique nibh vitae lobortis tincidunt '),
 ('6', 'field', '39', 'en_us', ' the other premiere played by all four musicians was contemporary composer chen hsin lei s by the light of nature a musical realization of the concept of nothingness or blankness described in the notes as one of the spiritual cores of chinese art to give you a partial idea of that concept imagine something that is hidden from you like a village that you can t see because there s a mountain in front of it this most impressive work included some apparently pre recorded digital sounds '),
 ('7', 'field', '22', 'en_us', ' admin hsinleichen com '),
 ('7', 'field', '21', 'en_us', ' e mail '),
 ('7', 'field', '24', 'en_us', ' http www facebook com '),
 ('7', 'field', '26', 'en_us', ' http www google com plus '),
 ('7', 'field', '29', 'en_us', ' please write down your message '),
 ('7', 'field', '27', 'en_us', ' your name '),
 ('7', 'field', '30', 'en_us', ' leave your message '),
 ('7', 'field', '28', 'en_us', ' your email '),
 ('7', 'field', '23', 'en_us', ' social network '),
 ('7', 'field', '25', 'en_us', ' http www twitter com '),
 ('14', 'field', '40', 'en_us', ' 29 1 0 2013 06 29 2013 06 29 4 4 album 2 cover jpg image 390 130 33395 2013 06 29 '),
 ('5', 'field', '40', 'en_us', ' 30 1 0 2013 06 29 2013 06 29 4 4 album cover jpg image 500 133 30741 2013 06 29 '),
 ('15', 'filename', '0', 'en_us', ' album 1 cover jpg '),
 ('15', 'extension', '0', 'en_us', ' jpg '),
 ('15', 'kind', '0', 'en_us', ' image '),
 ('16', 'filename', '0', 'en_us', ' north pole 1 jpg '),
 ('16', 'extension', '0', 'en_us', ' jpg '),
 ('16', 'kind', '0', 'en_us', ' image '),
 ('17', 'title', '0', 'en_us', ' the spinning song '),
 ('17', 'slug', '0', 'en_us', ' the spinning song '),
 ('17', 'field', '5', 'en_us', ' 21 1 0 2013 06 19 2013 06 19 3 3 north pole 2 jpg image 1600 1200 697076 2013 06 19 16 1 0 2013 06 17 2013 06 17 3 3 north pole 1 jpg image 1920 1200 579414 2013 06 17 '),
 ('17', 'field', '3', 'en_us', ' lorem ipsum dolor sit amet consectetur adipiscing elit nullam id purus mauris morbi dapibus augue sapien eget ultricies diam consequat vitae praesent lacus ante ornare at libero a volutpat volutpat erat etiam non convallis diam duis sed magna tincidunt velit dignissim mattis proin placerat sagittis purus sed aliquam nunc rutrum vel maecenas sit amet luctus felis sed scelerisque vitae magna a malesuada nullam id aliquet neque eget pulvinar sem aliquam mattis urna et semper porta pellentesque sed lacus ullamcorper faucibus velit venenatis vestibulum ipsum aliquam ante dui fermentum quis mi et laoreet faucibus lacus vestibulum sit amet nunc vitae felis ornare malesuada sed vel ante proin ante sapien tristique quis turpis nec commodo luctus tortor donec vel risus ligula suspendisse diam sem pulvinar sed velit non ullamcorper viverra erat phasellus at orci vitae ipsum suscipit dignissim semper sed sapien vestibulum ante ipsum primis in faucibus orci luctus et ultrices posuere cubilia curae phasellus augue justo pellentesque nec mi quis posuere tempus mi suspendisse sit amet scelerisque urna sed mollis odio non velit dignissim luctus ut tortor velit tristique et porttitor quis sagittis non purus phasellus at nisi varius mollis tortor eget eleifend ipsum interdum et malesuada fames ac ante ipsum primis in faucibus lorem ipsum dolor sit amet consectetur adipiscing elit '),
 ('17', 'field', '8', 'en_us', ' 9000 '),
 ('17', 'field', '11', 'en_us', ' audio '),
 ('17', 'field', '14', 'en_us', ' 1980 '),
 ('18', 'filename', '0', 'en_us', ' mendelssohn___alicia_de_larrocha __spinning_song__ _hispavox__late_1950s___early_1960s mp3 '),
 ('18', 'extension', '0', 'en_us', ' mp3 '),
 ('18', 'kind', '0', 'en_us', ' audio '),
 ('19', 'filename', '0', 'en_us', ' the spinning song mp3 '),
 ('19', 'extension', '0', 'en_us', ' mp3 '),
 ('19', 'kind', '0', 'en_us', ' audio '),
 ('20', 'filename', '0', 'en_us', ' the spinning song ogg '),
 ('20', 'extension', '0', 'en_us', ' ogg '),
 ('20', 'kind', '0', 'en_us', ' video '),
 ('17', 'field', '4', 'en_us', ' 19 1 0 2013 06 18 2013 06 18 1 1 the spinning song mp3 audio 1589223 2013 06 18 20 1 0 2013 06 18 2013 06 18 1 1 the spinning song ogg video 2376624 2013 06 18 '),
 ('4', 'field', '4', 'en_us', ' 22 1 0 2013 06 19 2013 06 19 1 1 bach__english_suite_no _2_in_a_minor__bwv_807__prelude_ _andras_schiff mp3 audio 4796227 2013 06 19 25 1 0 2013 06 20 2013 06 20 1 1 bach__english_suite_no _2_in_a_minor__bwv_807__prelude_ _andras_schiff ogg video 7169553 2013 06 20 '),
 ('21', 'filename', '0', 'en_us', ' north pole 2 jpg '),
 ('21', 'extension', '0', 'en_us', ' jpg '),
 ('21', 'kind', '0', 'en_us', ' image '),
 ('22', 'filename', '0', 'en_us', ' bach__english_suite_no _2_in_a_minor__bwv_807__prelude_ _andras_schiff mp3 '),
 ('22', 'extension', '0', 'en_us', ' mp3 '),
 ('22', 'kind', '0', 'en_us', ' audio '),
 ('23', 'filename', '0', 'en_us', ' black white piano organ jpg '),
 ('23', 'extension', '0', 'en_us', ' jpg '),
 ('23', 'kind', '0', 'en_us', ' image '),
 ('24', 'filename', '0', 'en_us', ' black_and_white_mountain_landscape jpg '),
 ('24', 'extension', '0', 'en_us', ' jpg '),
 ('24', 'kind', '0', 'en_us', ' image '),
 ('25', 'filename', '0', 'en_us', ' bach__english_suite_no _2_in_a_minor__bwv_807__prelude_ _andras_schiff ogg '),
 ('25', 'extension', '0', 'en_us', ' ogg '),
 ('25', 'kind', '0', 'en_us', ' video '),
 ('26', 'title', '0', 'en_us', ' in the darkest night we sing '),
 ('26', 'slug', '0', 'en_us', ' in the darkest night we sing '),
 ('26', 'field', '3', 'en_us', ' introduction of in the darkest night we sing '),
 ('26', 'field', '11', 'en_us', ' audio '),
 ('26', 'field', '12', 'en_us', ' 17 1 0 en_us 2013 06 17 2013 06 29 3 1 the spinning song the spinning song 2013 06 17 4 1 0 en_us 2013 06 13 2013 06 27 3 1 the school of artist the school of artist 2013 06 13 '),
 ('26', 'field', '14', 'en_us', ' 2012 '),
 ('27', 'filename', '0', 'en_us', ' in the darkest night we_ sing ogg '),
 ('27', 'extension', '0', 'en_us', ' ogg '),
 ('27', 'kind', '0', 'en_us', ' video '),
 ('28', 'filename', '0', 'en_us', ' in the darkest night we_ sing mp3 '),
 ('28', 'extension', '0', 'en_us', ' mp3 '),
 ('28', 'kind', '0', 'en_us', ' audio '),
 ('26', 'field', '4', 'en_us', ' 28 1 0 2013 06 20 2013 06 20 1 1 in the darkest night we_ sing mp3 audio 19781258 2013 06 20 27 1 0 2013 06 20 2013 06 20 1 1 in the darkest night we_ sing ogg video 12308488 2013 06 20 '),
 ('29', 'filename', '0', 'en_us', ' album 2 cover jpg '),
 ('29', 'extension', '0', 'en_us', ' jpg '),
 ('7', 'field', '42', 'en_us', ' subject '),
 ('17', 'field', '6', 'en_us', ' hsin lei chen '),
 ('17', 'field', '7', 'en_us', ' piano piano guitar guitar '),
 ('17', 'field', '9', 'en_us', ' calvin cui '),
 ('17', 'field', '43', 'en_us', ' y '),
 ('4', 'field', '43', 'en_us', ' n '),
 ('17', 'field', '12', 'en_us', ' 26 1 0 en_us 2013 06 20 2013 07 20 3 1 in the darkest night we sing in the darkest night we sing 2013 06 20 4 1 0 en_us 2013 06 13 2013 06 27 3 1 the school of artist the school of artist 2013 06 13 '),
 ('29', 'kind', '0', 'en_us', ' image '),
 ('30', 'filename', '0', 'en_us', ' album cover jpg '),
 ('30', 'extension', '0', 'en_us', ' jpg '),
 ('30', 'kind', '0', 'en_us', ' image '),
 ('31', 'filename', '0', 'en_us', ' arthur_rubinstein_ _chopin_nocturne_op _37__no _2_in_g mp3 '),
 ('31', 'extension', '0', 'en_us', ' mp3 '),
 ('31', 'kind', '0', 'en_us', ' audio '),
 ('32', 'filename', '0', 'en_us', ' arthur_rubinstein_ _chopin_nocturne_op _37__no _2_in_g ogg '),
 ('32', 'extension', '0', 'en_us', ' ogg '),
 ('32', 'kind', '0', 'en_us', ' video '),
 ('33', 'title', '0', 'en_us', ' norcturne op 37 '),
 ('33', 'slug', '0', 'en_us', ' norcturne op 37 '),
 ('33', 'field', '43', 'en_us', ' y '),
 ('33', 'field', '4', 'en_us', ' 31 1 0 2013 07 17 2013 07 17 1 1 arthur_rubinstein_ _chopin_nocturne_op _37__no _2_in_g mp3 audio 6644615 2013 07 17 32 1 0 2013 07 17 2013 07 17 1 1 arthur_rubinstein_ _chopin_nocturne_op _37__no _2_in_g ogg video 5629324 2013 07 17 '),
 ('33', 'field', '3', 'en_us', ' lorem ipsum dolor sit amet consectetur adipiscing elit morbi posuere ligula justo in condimentum tortor venenatis a vestibulum ante ipsum primis in faucibus orci luctus et ultrices posuere cubilia curae nullam tellus urna eleifend vel nulla sit amet ullamcorper ultricies neque aliquam cursus elementum leo quis eleifend nulla feugiat ultrices consequat mauris a ligula gravida laoreet orci pulvinar imperdiet dolor donec vehicula sagittis sapien aenean lorem nisi auctor vel vehicula semper imperdiet at erat pellentesque suscipit lorem non fermentum luctus magna leo facilisis mi viverra convallis purus elit nec est vivamus varius leo at viverra lobortis nunc urna malesuada urna in commodo tortor libero egestas mauris vestibulum vel tellus sed erat lobortis sollicitudin vel id tellus sed at dolor eu nunc feugiat fringilla proin nec lorem consequat auctor libero eget euismod libero quisque ornare pellentesque felis sed interdum nisi pulvinar non fusce vitae quam eget massa sodales tristique etiam euismod odio diam vitae rutrum arcu lobortis sit amet '),
 ('33', 'field', '8', 'en_us', ' 9000 '),
 ('33', 'field', '7', 'en_us', ' piano piano '),
 ('33', 'field', '11', 'en_us', ' audio '),
 ('33', 'field', '9', 'en_us', ' yixiong zhou '),
 ('33', 'field', '12', 'en_us', ' 26 1 0 en_us 2013 06 20 2013 07 20 3 1 in the darkest night we sing in the darkest night we sing 2013 06 20 17 1 0 en_us 2013 06 17 2013 07 20 3 1 the spinning song the spinning song 2013 06 17 4 1 0 en_us 2013 06 13 2013 07 20 3 1 the school of artist the school of artist 2013 06 13 '),
 ('33', 'field', '14', 'en_us', ' 2010 '),
 ('34', 'filename', '0', 'en_us', ' nocturne jpg '),
 ('34', 'extension', '0', 'en_us', ' jpg '),
 ('34', 'kind', '0', 'en_us', ' image '),
 ('33', 'field', '5', 'en_us', ' 34 1 0 2013 07 17 2013 07 17 3 3 nocturne jpg image 980 752 193783 2013 07 17 36 1 0 2013 07 17 2013 07 17 3 3 edward steichen web jpg image 1262 963 422269 2013 07 17 '),
 ('35', 'filename', '0', 'en_us', ' nocturne_1 jpg '),
 ('35', 'extension', '0', 'en_us', ' jpg '),
 ('35', 'kind', '0', 'en_us', ' image '),
 ('36', 'filename', '0', 'en_us', ' edward steichen web jpg '),
 ('36', 'extension', '0', 'en_us', ' jpg '),
 ('36', 'kind', '0', 'en_us', ' image '),
 ('37', 'filename', '0', 'en_us', ' arthur_rubinstein_ _chopin_nocturne_op _37__no _2_in_g json '),
 ('37', 'extension', '0', 'en_us', ' json '),
 ('33', 'field', '41', 'en_us', ' 37 1 0 2013 07 20 2013 07 20 2 2 arthur_rubinstein_ _chopin_nocturne_op _37__no _2_in_g json 54075 2013 07 20 '),
 ('38', 'filename', '0', 'en_us', ' bach__english_suite_no _2_in_a_minor__bwv_807__prelude_ _andras_schiff json '),
 ('38', 'extension', '0', 'en_us', ' json '),
 ('39', 'filename', '0', 'en_us', ' in the darkest night we_ sing json '),
 ('39', 'extension', '0', 'en_us', ' json '),
 ('40', 'filename', '0', 'en_us', ' the spinning song json '),
 ('40', 'extension', '0', 'en_us', ' json '),
 ('26', 'field', '43', 'en_us', ' n '),
 ('26', 'field', '41', 'en_us', ' 39 1 0 2013 07 20 2013 07 20 2 2 in the darkest night we_ sing json 60848 2013 07 20 '),
 ('17', 'field', '41', 'en_us', ' 40 1 0 2013 07 20 2013 07 20 2 2 the spinning song json 14313 2013 07 20 '),
 ('4', 'field', '41', 'en_us', ' 38 1 0 2013 07 20 2013 07 20 2 2 bach__english_suite_no _2_in_a_minor__bwv_807__prelude_ _andras_schiff json 40712 2013 07 20 '),
 ('7', 'field', '44', 'en_us', ' http www linkedin com '),
 ('7', 'field', '46', 'en_us', ' http www vimeo com '),
 ('7', 'field', '45', 'en_us', ' http www youtube com '),
 ('41', 'filename', '0', 'en_us', ' resume2013 chinese docx '),
 ('41', 'extension', '0', 'en_us', ' docx '),
 ('41', 'kind', '0', 'en_us', ' word '),
 ('42', 'filename', '0', 'en_us', ' resume2013 chinese pdf '),
 ('42', 'extension', '0', 'en_us', ' pdf '),
 ('42', 'kind', '0', 'en_us', ' pdf '),
 ('43', 'filename', '0', 'en_us', ' resume2013english docx '),
 ('43', 'extension', '0', 'en_us', ' docx '),
 ('43', 'kind', '0', 'en_us', ' word '),
 ('44', 'field', '47', 'en_us', ' 42 1 0 2013 07 21 2013 07 21 5 5 resume2013 chinese pdf pdf 121502 2013 07 21 '),
 ('45', 'field', '49', 'en_us', ' musical composer hsin lei chen s portfolio website '),
 ('45', 'field', '48', 'en_us', ' hsin lei chen composer indie music '),
 ('8', 'field', '55', 'en_us', ' awards '),
 ('6', 'field', '55', 'en_us', ' biography '),
 ('7', 'field', '55', 'en_us', ' contact '),
 ('10', 'field', '55', 'en_us', ' home '),
 ('7', 'field', '56', 'en_us', ' hsin lei chen '),
 ('46', 'username', '0', 'en_us', ' hsinleichen '),
 ('46', 'firstname', '0', 'en_us', ' hsin lei '),
 ('46', 'lastname', '0', 'en_us', ' chen '),
 ('46', 'fullname', '0', 'en_us', ' hsin lei chen '),
 ('46', 'email', '0', 'en_us', ' admin hsinleichen com '),
 ('1', 'firstname', '0', 'en_us', ' joe '),
 ('1', 'lastname', '0', 'en_us', ' zhou '),
 ('1', 'fullname', '0', 'en_us', ' joe zhou ');
COMMIT;


--
-- Schema for table `craft_sections`
--

DROP TABLE IF EXISTS `craft_sections`;

CREATE TABLE `craft_sections` (
  `id` int(11) NOT NULL AUTO_INCREMENT,
  `name` varchar(100) COLLATE utf8_unicode_ci NOT NULL,
  `handle` char(45) COLLATE utf8_unicode_ci NOT NULL,
  `titleLabel` varchar(255) COLLATE utf8_unicode_ci NOT NULL DEFAULT 'Title',
  `hasUrls` tinyint(1) unsigned NOT NULL DEFAULT '1',
  `template` varchar(500) COLLATE utf8_unicode_ci DEFAULT NULL,
  `fieldLayoutId` int(10) DEFAULT NULL,
  `dateCreated` datetime NOT NULL,
  `dateUpdated` datetime NOT NULL,
  `uid` char(36) COLLATE utf8_unicode_ci NOT NULL DEFAULT '0',
  PRIMARY KEY (`id`),
  UNIQUE KEY `craft_sections_name_unq_idx` (`name`),
  UNIQUE KEY `craft_sections_handle_unq_idx` (`handle`),
  KEY `craft_sections_fieldLayoutId_fk` (`fieldLayoutId`)
) ENGINE=InnoDB AUTO_INCREMENT=4 DEFAULT CHARSET=utf8 COLLATE=utf8_unicode_ci;

--
-- Data for table `craft_sections`
--

BEGIN;
INSERT INTO `craft_sections` (`id`, `name`, `handle`, `titleLabel`, `hasUrls`, `template`, `fieldLayoutId`, `dateCreated`, `dateUpdated`, `uid`) VALUES
 ('2', 'Album', 'album', 'Album Title', '1', '', '23', '2013-06-13 19:55:24', '2013-06-17 01:47:54', 'baa730cf-c398-454a-96ef-525ef6c346c6'),
 ('3', 'Song', 'song', 'Song Title', '0', NULL, '26', '2013-06-13 20:03:14', '2013-06-27 22:23:21', '9ed76c60-a7d7-4826-8518-40e81c331c2d');
COMMIT;


--
-- Schema for table `craft_sections_i18n`
--

DROP TABLE IF EXISTS `craft_sections_i18n`;

CREATE TABLE `craft_sections_i18n` (
  `id` int(11) NOT NULL AUTO_INCREMENT,
  `sectionId` int(11) NOT NULL,
  `locale` char(12) COLLATE utf8_unicode_ci NOT NULL,
  `urlFormat` varchar(255) COLLATE utf8_unicode_ci DEFAULT NULL,
  `dateCreated` datetime NOT NULL,
  `dateUpdated` datetime NOT NULL,
  `uid` char(36) COLLATE utf8_unicode_ci NOT NULL DEFAULT '0',
  PRIMARY KEY (`id`),
  UNIQUE KEY `craft_sections_i18n_sectionId_locale_unq_idx` (`sectionId`,`locale`),
  KEY `craft_sections_i18n_locale_fk` (`locale`)
) ENGINE=InnoDB AUTO_INCREMENT=4 DEFAULT CHARSET=utf8 COLLATE=utf8_unicode_ci;

--
-- Data for table `craft_sections_i18n`
--

BEGIN;
INSERT INTO `craft_sections_i18n` (`id`, `sectionId`, `locale`, `urlFormat`, `dateCreated`, `dateUpdated`, `uid`) VALUES
 ('2', '2', 'en_us', 'album/{slug}', '2013-06-13 19:55:24', '2013-06-13 19:55:24', '67db99fc-4f2d-42a2-8068-1a95bf69bbcb'),
 ('3', '3', 'en_us', NULL, '2013-06-13 20:03:14', '2013-06-13 20:03:14', '28184d4a-45a7-44d7-b9f6-0e00fb16f006');
COMMIT;


--
-- Schema for table `craft_sessions`
--

DROP TABLE IF EXISTS `craft_sessions`;

CREATE TABLE `craft_sessions` (
  `id` int(11) NOT NULL AUTO_INCREMENT,
  `userId` int(11) NOT NULL,
  `token` char(100) COLLATE utf8_unicode_ci NOT NULL,
  `dateCreated` datetime NOT NULL,
  `dateUpdated` datetime NOT NULL,
  `uid` char(36) COLLATE utf8_unicode_ci NOT NULL DEFAULT '0',
  PRIMARY KEY (`id`),
  KEY `craft_sessions_uid_idx` (`uid`),
  KEY `craft_sessions_token_idx` (`token`),
  KEY `craft_sessions_dateUpdated_idx` (`dateUpdated`),
  KEY `craft_sessions_userId_fk` (`userId`)
) ENGINE=InnoDB AUTO_INCREMENT=29 DEFAULT CHARSET=utf8 COLLATE=utf8_unicode_ci;

--
-- Data for table `craft_sessions`
--

BEGIN;
INSERT INTO `craft_sessions` (`id`, `userId`, `token`, `dateCreated`, `dateUpdated`, `uid`) VALUES
 ('1', '1', '$2a$08$xhR7J3bIm9rYcxX4fSs27.rVk/tW04mxTrl05FFCuQKdHpxjk55Ym', '2013-06-13 00:37:58', '2013-06-13 00:37:58', 'b0fec45b-c627-4baf-8f87-25ea516c7c2f'),
 ('2', '1', '$2a$08$P3i1hXmM9xBIYEnmFPZkoOWSSANL2rvbhldKcDxHwgE8SurPcf/ea', '2013-06-13 18:03:09', '2013-06-13 18:03:09', 'fd7647ae-a148-4591-a6cb-825183b7ffca'),
 ('3', '1', '$2a$08$KXjV9BaCDok/8yK/zvlTwODd4durH0JGgE5JuxR9Pbl0B/QiF5ZgO', '2013-06-13 22:02:26', '2013-06-13 22:02:26', '2bb5dfb4-5160-430d-9212-eb085796933f'),
 ('5', '1', '$2a$08$vspfcQajimIgQ.5Sth2EneiWn3OMbBPH0xVHZfF/44i8mE8OGWrTa', '2013-06-18 18:56:27', '2013-06-18 18:56:27', 'd5b1ae16-5dac-4c0c-9154-c054c1646095'),
 ('6', '1', '$2a$08$tXqpUUJsbTUVZo6vXZQb3uvDHYEEZA1QwO1bu37wS768HAjy4jz/y', '2013-06-19 01:05:04', '2013-06-19 01:05:04', '4ea72e74-771a-4a90-ba27-8d2d1740a4a9'),
 ('7', '1', '$2a$08$iNUdAzteIiQcknQBP/5loeds3mVC8BYpacMkjZcf7s517npYoAOT2', '2013-06-19 05:56:29', '2013-06-19 05:56:29', 'f03b6921-8752-45d6-89cb-d7f8315794a2'),
 ('8', '1', '$2a$08$HA7CtgIb742h24ViI8js..gIfNELWAiugS1TMWhLzu1sjG19LbWjK', '2013-06-20 03:46:04', '2013-06-20 03:46:04', 'e25fde0b-24ca-4d44-b879-280717351ad6'),
 ('9', '1', '$2a$08$o9VrMVK6/UqQ5k0mcxlHeONRC6UKVVKaJ5Ln8XLI1.70QbFhB4yCq', '2013-06-20 06:43:45', '2013-06-20 06:43:45', '91af18c6-d9ee-42c1-9f66-1eb64170dcd5'),
 ('11', '1', '$2a$08$/NV1NEJ.ny4F7fFJjsZkA.jGSGg7In1YCtFbqJ0c23agRWyhnmRi2', '2013-06-20 20:55:21', '2013-06-20 20:55:21', '4f90abcc-4692-484a-a0ee-4600fd23a24f'),
 ('12', '1', '$2a$08$/pPp7KfaF6C0e3Xz/VuoLe7z1x7aYEcgoFCBdi9R73.xP286i0qzW', '2013-06-26 19:35:00', '2013-06-26 19:35:00', 'c3f72ba3-c628-473d-8692-ea1865bf17c2'),
 ('13', '1', '$2a$08$bhBB9FPAnxHWGJ.ErfP/ku9yHoLYJy9PP/w8cmI.IQ2ZvKkyZIajO', '2013-06-26 21:14:12', '2013-06-26 21:14:12', '4c8b832d-5ba4-48d6-970f-ee07f19bdb04'),
 ('14', '1', '$2a$08$9AniUmAGU1ai0UmuqsJsu.dpNK6ta.LUTODhOTEX0oga57hH2Pd8q', '2013-06-27 21:10:25', '2013-06-27 21:10:25', 'b2ca5f46-4c19-4a9d-adbf-742b868956f0'),
 ('15', '1', '$2a$08$IA86t6VqfPP6jWLLU.ftCudnKKiD51sLsvlu/nQtrz4/4XYP.3Ac6', '2013-06-29 20:33:11', '2013-06-29 20:33:11', '5920748e-3dcc-4892-934c-c00a8d0b793f'),
 ('16', '1', '$2a$08$5eM2GpwYqhWLLcPavKvSEurVAyDZPyEbRKiXZOwtUkzxHsFRgtNKi', '2013-06-29 21:52:38', '2013-06-29 21:52:38', 'd3b73523-340d-4d99-93dc-d0d4eb4a2180'),
 ('17', '1', '$2a$08$.UnszdciCC.YZR9PleQP6.qkIU6oXulE9aLQlaFJpmNdl4d9xgHwK', '2013-06-30 14:09:59', '2013-06-30 14:09:59', '13612f58-0c26-4246-9b52-1c1fcdf99251'),
 ('18', '1', '$2a$08$70T78OBv3FTNeBuwBRvFfOkU8E7uT19GL9jUeT6XBh6kc4ROW5E9i', '2013-07-01 03:36:23', '2013-07-01 03:36:23', 'e7f3d9fb-7533-491f-8f1f-a8bd658d6100'),
 ('19', '1', '$2a$08$lf6/oMP26aqbtdKYbXkII.znm5xOgufaJ.PiyQUewMa6ISulfrPbC', '2013-07-17 02:09:15', '2013-07-17 02:09:15', '67cbf8a9-eead-4b26-be3a-d7a2a2a9c4a7'),
 ('20', '1', '$2a$08$FeRixsIVs5QlJmj9fq0Wq.aTejVit2V/F1sXp/ed4zmoXWswSM5ea', '2013-07-17 04:34:34', '2013-07-17 04:34:34', 'a665a33a-2eab-498c-a929-17f4b31656ea'),
 ('21', '1', '$2a$08$U7VbiFanhZZgbFlH51.AY.aMfebmYB5sSr4fTmbJUVi4haNd11g.O', '2013-07-20 14:46:56', '2013-07-20 14:46:56', 'a8da1528-c45a-4a87-94e6-0b51f096a9f7'),
 ('22', '1', '$2a$08$3gRGWi8rkRBL3YwUwufEsewxSSaRkpEHT9T1Rk5cW11X9.jykhIhq', '2013-07-20 17:27:06', '2013-07-20 17:27:06', '41c9cffe-6a40-4229-924c-c62643c5f4db'),
 ('23', '1', '$2a$08$YoMR2vD6HkUJHxyIuch.QOQS/u20tmuEpnsPXgykke/w.c2YTup1y', '2013-07-20 22:43:14', '2013-07-20 22:43:14', '86d84611-772a-4554-8f07-466c5ae1e7ec'),
 ('24', '1', '$2a$08$pPxn1s61EsEvX/L0RaTOLetCaOnecYax9BT.CjFC/EemuvY66IVWO', '2013-07-21 05:24:10', '2013-07-21 05:24:10', '1fd3e17e-8670-4d40-8d12-23c9a558df77'),
 ('25', '1', '$2a$08$D/Q9XAyP8M5IyqTXHCetQe9i8m.dTKlVo.ZlDUmigcUjh5wJGN5eW', '2013-07-21 18:48:47', '2013-07-21 18:48:47', 'c3ac9f96-19b7-49fc-b327-fa95ce725eae'),
 ('26', '1', '$2a$08$Xz.25FgVJS0t7LSw9HzE8u95UHjCbNEwYU3fPh2qFmrMtlOpAIIS2', '2013-07-22 01:25:32', '2013-07-22 01:25:32', '295fcab7-72bb-425a-911c-8632463c4cd3'),
 ('27', '1', '$2a$08$D/vSsp9nsPYa1oqsOTKCSuFAuZ4XSgBU4bcDkMQ1AIXzgZ.CHNMke', '2013-07-23 06:07:27', '2013-07-23 06:07:27', '6c311a76-9985-4756-8bef-4ad604a2011a'),
 ('28', '1', '$2a$08$zbwWvD5fFrMVHkronacQoOXRH/fOem4uKQNhSN8UWlY.Ed36iHXtO', '2013-07-28 23:22:52', '2013-07-28 23:22:52', '2c1a4b33-8d83-490c-af1e-377699df6a6e');
COMMIT;


--
-- Schema for table `craft_shunnedmessages`
--

DROP TABLE IF EXISTS `craft_shunnedmessages`;

CREATE TABLE `craft_shunnedmessages` (
  `id` int(11) NOT NULL AUTO_INCREMENT,
  `userId` int(11) NOT NULL,
  `message` varchar(255) COLLATE utf8_unicode_ci NOT NULL,
  `expiryDate` datetime DEFAULT NULL,
  `dateCreated` datetime NOT NULL,
  `dateUpdated` datetime NOT NULL,
  `uid` char(36) COLLATE utf8_unicode_ci NOT NULL DEFAULT '0',
  PRIMARY KEY (`id`),
  UNIQUE KEY `craft_shunnedmessages_userId_message_unq_idx` (`userId`,`message`)
) ENGINE=InnoDB DEFAULT CHARSET=utf8 COLLATE=utf8_unicode_ci;

--
-- Schema for table `craft_systemsettings`
--

DROP TABLE IF EXISTS `craft_systemsettings`;

CREATE TABLE `craft_systemsettings` (
  `id` int(11) NOT NULL AUTO_INCREMENT,
  `category` varchar(15) COLLATE utf8_unicode_ci NOT NULL,
  `settings` text COLLATE utf8_unicode_ci,
  `dateCreated` datetime NOT NULL,
  `dateUpdated` datetime NOT NULL,
  `uid` char(36) COLLATE utf8_unicode_ci NOT NULL DEFAULT '0',
  PRIMARY KEY (`id`),
  UNIQUE KEY `craft_systemsettings_category_unq_idx` (`category`)
) ENGINE=InnoDB AUTO_INCREMENT=2 DEFAULT CHARSET=utf8 COLLATE=utf8_unicode_ci;

--
-- Data for table `craft_systemsettings`
--

BEGIN;
INSERT INTO `craft_systemsettings` (`id`, `category`, `settings`, `dateCreated`, `dateUpdated`, `uid`) VALUES
 ('1', 'email', '{\"protocol\":\"php\",\"emailAddress\":\"joe@joeonmars.com\",\"senderName\":\"Hsin-Lei Chen\"}', '2013-06-13 00:37:58', '2013-06-13 00:37:58', '06cbdc79-05d5-479f-ab87-1ed20fdae2b5');
COMMIT;


--
-- Schema for table `craft_usergroups`
--

DROP TABLE IF EXISTS `craft_usergroups`;

CREATE TABLE `craft_usergroups` (
  `id` int(11) NOT NULL AUTO_INCREMENT,
  `name` varchar(100) COLLATE utf8_unicode_ci NOT NULL,
  `handle` char(255) COLLATE utf8_unicode_ci NOT NULL,
  `dateCreated` datetime NOT NULL,
  `dateUpdated` datetime NOT NULL,
  `uid` char(36) COLLATE utf8_unicode_ci NOT NULL DEFAULT '0',
  PRIMARY KEY (`id`)
) ENGINE=InnoDB DEFAULT CHARSET=utf8 COLLATE=utf8_unicode_ci;

--
-- Schema for table `craft_usergroups_users`
--

DROP TABLE IF EXISTS `craft_usergroups_users`;

CREATE TABLE `craft_usergroups_users` (
  `id` int(11) NOT NULL AUTO_INCREMENT,
  `groupId` int(11) NOT NULL,
  `userId` int(11) NOT NULL,
  `dateCreated` datetime NOT NULL,
  `dateUpdated` datetime NOT NULL,
  `uid` char(36) COLLATE utf8_unicode_ci NOT NULL DEFAULT '0',
  PRIMARY KEY (`id`),
  UNIQUE KEY `craft_usergroups_users_groupId_userId_unq_idx` (`groupId`,`userId`),
  KEY `craft_usergroups_users_userId_fk` (`userId`)
) ENGINE=InnoDB DEFAULT CHARSET=utf8 COLLATE=utf8_unicode_ci;

--
-- Schema for table `craft_userpermissions`
--

DROP TABLE IF EXISTS `craft_userpermissions`;

CREATE TABLE `craft_userpermissions` (
  `id` int(11) NOT NULL AUTO_INCREMENT,
  `name` varchar(100) COLLATE utf8_unicode_ci NOT NULL,
  `dateCreated` datetime NOT NULL,
  `dateUpdated` datetime NOT NULL,
  `uid` char(36) COLLATE utf8_unicode_ci NOT NULL DEFAULT '0',
  PRIMARY KEY (`id`),
  UNIQUE KEY `craft_userpermissions_name_unq_idx` (`name`)
) ENGINE=InnoDB DEFAULT CHARSET=utf8 COLLATE=utf8_unicode_ci;

--
-- Schema for table `craft_userpermissions_usergroups`
--

DROP TABLE IF EXISTS `craft_userpermissions_usergroups`;

CREATE TABLE `craft_userpermissions_usergroups` (
  `id` int(11) NOT NULL AUTO_INCREMENT,
  `permissionId` int(11) NOT NULL,
  `groupId` int(11) NOT NULL,
  `dateCreated` datetime NOT NULL,
  `dateUpdated` datetime NOT NULL,
  `uid` char(36) COLLATE utf8_unicode_ci NOT NULL DEFAULT '0',
  PRIMARY KEY (`id`),
  UNIQUE KEY `craft_userpermissions_usergroups_permissionId_groupId_unq_idx` (`permissionId`,`groupId`),
  KEY `craft_userpermissions_usergroups_groupId_fk` (`groupId`)
) ENGINE=InnoDB DEFAULT CHARSET=utf8 COLLATE=utf8_unicode_ci;

--
-- Schema for table `craft_userpermissions_users`
--

DROP TABLE IF EXISTS `craft_userpermissions_users`;

CREATE TABLE `craft_userpermissions_users` (
  `id` int(11) NOT NULL AUTO_INCREMENT,
  `permissionId` int(11) NOT NULL,
  `userId` int(11) NOT NULL,
  `dateCreated` datetime NOT NULL,
  `dateUpdated` datetime NOT NULL,
  `uid` char(36) COLLATE utf8_unicode_ci NOT NULL DEFAULT '0',
  PRIMARY KEY (`id`),
  UNIQUE KEY `craft_userpermissions_users_permissionId_userId_unq_idx` (`permissionId`,`userId`),
  KEY `craft_userpermissions_users_userId_fk` (`userId`)
) ENGINE=InnoDB DEFAULT CHARSET=utf8 COLLATE=utf8_unicode_ci;

--
-- Schema for table `craft_users`
--

DROP TABLE IF EXISTS `craft_users`;

CREATE TABLE `craft_users` (
  `id` int(11) NOT NULL,
  `username` varchar(100) COLLATE utf8_unicode_ci NOT NULL,
  `photo` varchar(50) COLLATE utf8_unicode_ci DEFAULT NULL,
  `firstName` varchar(100) COLLATE utf8_unicode_ci DEFAULT NULL,
  `lastName` varchar(100) COLLATE utf8_unicode_ci DEFAULT NULL,
  `email` varchar(255) COLLATE utf8_unicode_ci NOT NULL,
  `password` char(255) COLLATE utf8_unicode_ci DEFAULT NULL,
  `encType` char(10) COLLATE utf8_unicode_ci DEFAULT NULL,
  `preferredLocale` char(12) COLLATE utf8_unicode_ci DEFAULT NULL,
  `admin` tinyint(1) unsigned NOT NULL DEFAULT '0',
  `status` enum('locked','suspended','pending','active','archived') COLLATE utf8_unicode_ci DEFAULT 'pending',
  `lastLoginDate` datetime DEFAULT NULL,
  `lastLoginAttemptIPAddress` varchar(45) COLLATE utf8_unicode_ci DEFAULT NULL,
  `invalidLoginWindowStart` datetime DEFAULT NULL,
  `invalidLoginCount` tinyint(4) unsigned DEFAULT NULL,
  `lastInvalidLoginDate` datetime DEFAULT NULL,
  `lockoutDate` datetime DEFAULT NULL,
  `verificationCode` char(100) COLLATE utf8_unicode_ci DEFAULT NULL,
  `verificationCodeIssuedDate` datetime DEFAULT NULL,
  `passwordResetRequired` tinyint(1) unsigned NOT NULL DEFAULT '0',
  `lastPasswordChangeDate` datetime DEFAULT NULL,
  `dateCreated` datetime NOT NULL,
  `dateUpdated` datetime NOT NULL,
  `uid` char(36) COLLATE utf8_unicode_ci NOT NULL DEFAULT '0',
  PRIMARY KEY (`id`),
  UNIQUE KEY `craft_users_username_unq_idx` (`username`),
  UNIQUE KEY `craft_users_email_unq_idx` (`email`),
  KEY `craft_users_verificationCode_idx` (`verificationCode`),
  KEY `craft_users_uid_idx` (`uid`),
  KEY `craft_users_preferredLocale_fk` (`preferredLocale`)
) ENGINE=InnoDB DEFAULT CHARSET=utf8 COLLATE=utf8_unicode_ci;

--
-- Data for table `craft_users`
--

BEGIN;
INSERT INTO `craft_users` (`id`, `username`, `photo`, `firstName`, `lastName`, `email`, `password`, `encType`, `preferredLocale`, `admin`, `status`, `lastLoginDate`, `lastLoginAttemptIPAddress`, `invalidLoginWindowStart`, `invalidLoginCount`, `lastInvalidLoginDate`, `lockoutDate`, `verificationCode`, `verificationCodeIssuedDate`, `passwordResetRequired`, `lastPasswordChangeDate`, `dateCreated`, `dateUpdated`, `uid`) VALUES
 ('1', 'joeonmars', NULL, 'Joe', 'Zhou', 'joe@joeonmars.com', '$2a$08$DMca.3fdsK.qxdf7HNVQxuHjBNyAdwKD3HRg8CV9Dx1EAbcCUKhoC', 'blowfish', NULL, '1', 'active', '2013-07-28 23:22:52', '127.0.0.1', NULL, NULL, '2013-07-22 01:25:28', NULL, NULL, NULL, '0', '2013-06-20 20:55:13', '2013-06-13 00:37:57', '2013-07-29 00:15:23', '955ff719-258c-40f5-935a-4bb82d2e226e'),
 ('46', 'hsinleichen', NULL, 'Hsin-Lei', 'Chen', 'admin@hsinleichen.com', '$2a$08$0xFQyavqdEqytqmmQaHpNuC68.DVhrkaXM7unHfJgaRXhCV7Tvuc6', 'blowfish', NULL, '1', 'active', NULL, NULL, NULL, NULL, NULL, NULL, NULL, NULL, '0', '2013-07-29 00:11:30', '2013-07-29 00:10:48', '2013-07-29 00:15:36', '5215f08b-ceab-4cd1-84b6-1908c428dfef');
COMMIT;


--
-- Schema for table `craft_widgets`
--

DROP TABLE IF EXISTS `craft_widgets`;

CREATE TABLE `craft_widgets` (
  `id` int(11) NOT NULL AUTO_INCREMENT,
  `userId` int(11) NOT NULL,
  `type` char(150) COLLATE utf8_unicode_ci NOT NULL,
  `sortOrder` tinyint(4) DEFAULT NULL,
  `settings` text COLLATE utf8_unicode_ci,
  `enabled` tinyint(1) unsigned NOT NULL DEFAULT '1',
  `dateCreated` datetime NOT NULL,
  `dateUpdated` datetime NOT NULL,
  `uid` char(36) COLLATE utf8_unicode_ci NOT NULL DEFAULT '0',
  PRIMARY KEY (`id`),
  KEY `craft_widgets_userId_fk` (`userId`)
) ENGINE=InnoDB AUTO_INCREMENT=6 DEFAULT CHARSET=utf8 COLLATE=utf8_unicode_ci;

--
-- Data for table `craft_widgets`
--

BEGIN;
INSERT INTO `craft_widgets` (`id`, `userId`, `type`, `sortOrder`, `settings`, `enabled`, `dateCreated`, `dateUpdated`, `uid`) VALUES
 ('1', '1', 'QuickPost', '1', '{\"section\":\"1\"}', '1', '2013-06-13 00:39:18', '2013-06-13 00:39:18', '6c741916-c3d1-47bc-9333-1c5f7630773c'),
 ('2', '1', 'RecentEntries', '2', NULL, '1', '2013-06-13 00:39:18', '2013-06-13 00:39:18', '792e7ddc-e40b-4e9b-9919-21a6d169ff2f'),
 ('3', '1', 'Feed', '3', '{\"url\":\"http:\\/\\/feeds.feedburner.com\\/blogandtonic\",\"title\":\"Blog & Tonic\"}', '1', '2013-06-13 00:39:18', '2013-06-13 00:39:18', '23ee7b5f-bafe-459b-9550-480f8cda03f3'),
 ('4', '1', 'Updates', '4', NULL, '1', '2013-06-13 00:39:18', '2013-06-13 00:39:18', 'e5b56993-4fd3-4547-a1c8-bb1df08f5b4a'),
 ('5', '1', 'GetHelp', '5', NULL, '1', '2013-06-13 00:39:18', '2013-06-13 00:39:18', 'e4a4e1e5-ea70-42a3-b52c-fe7a8dcf5293');
COMMIT;

--
-- Constraints for tables
--


--
-- Constraints for table `craft_assetfiles`
--
ALTER TABLE `craft_assetfiles`
	ADD CONSTRAINT `craft_assetfiles_folderId_fk` FOREIGN KEY (`folderId`) REFERENCES `craft_assetfolders` (`id`) ON DELETE CASCADE,
	ADD CONSTRAINT `craft_assetfiles_id_fk` FOREIGN KEY (`id`) REFERENCES `craft_elements` (`id`) ON DELETE CASCADE,
	ADD CONSTRAINT `craft_assetfiles_sourceId_fk` FOREIGN KEY (`sourceId`) REFERENCES `craft_assetsources` (`id`) ON DELETE CASCADE;

--
-- Constraints for table `craft_assetfolders`
--
ALTER TABLE `craft_assetfolders`
	ADD CONSTRAINT `craft_assetfolders_parentId_fk` FOREIGN KEY (`parentId`) REFERENCES `craft_assetfolders` (`id`) ON DELETE CASCADE,
	ADD CONSTRAINT `craft_assetfolders_sourceId_fk` FOREIGN KEY (`sourceId`) REFERENCES `craft_assetsources` (`id`) ON DELETE CASCADE;

--
-- Constraints for table `craft_assetindexdata`
--
ALTER TABLE `craft_assetindexdata`
	ADD CONSTRAINT `craft_assetindexdata_sourceId_fk` FOREIGN KEY (`sourceId`) REFERENCES `craft_assetsources` (`id`) ON DELETE CASCADE;

--
-- Constraints for table `craft_content`
--
ALTER TABLE `craft_content`
	ADD CONSTRAINT `craft_content_elementId_fk` FOREIGN KEY (`elementId`) REFERENCES `craft_elements` (`id`) ON DELETE CASCADE,
	ADD CONSTRAINT `craft_content_locale_fk` FOREIGN KEY (`locale`) REFERENCES `craft_locales` (`locale`) ON DELETE CASCADE ON UPDATE CASCADE;

--
-- Constraints for table `craft_elements_i18n`
--
ALTER TABLE `craft_elements_i18n`
	ADD CONSTRAINT `craft_elements_i18n_elementId_fk` FOREIGN KEY (`elementId`) REFERENCES `craft_elements` (`id`) ON DELETE CASCADE,
	ADD CONSTRAINT `craft_elements_i18n_locale_fk` FOREIGN KEY (`locale`) REFERENCES `craft_locales` (`locale`) ON DELETE CASCADE ON UPDATE CASCADE;

--
-- Constraints for table `craft_entries`
--
ALTER TABLE `craft_entries`
	ADD CONSTRAINT `craft_entries_authorId_fk` FOREIGN KEY (`authorId`) REFERENCES `craft_users` (`id`) ON DELETE CASCADE,
	ADD CONSTRAINT `craft_entries_id_fk` FOREIGN KEY (`id`) REFERENCES `craft_elements` (`id`) ON DELETE CASCADE,
	ADD CONSTRAINT `craft_entries_sectionId_fk` FOREIGN KEY (`sectionId`) REFERENCES `craft_sections` (`id`) ON DELETE CASCADE;

--
-- Constraints for table `craft_entries_i18n`
--
ALTER TABLE `craft_entries_i18n`
	ADD CONSTRAINT `craft_entries_i18n_entryId_fk` FOREIGN KEY (`entryId`) REFERENCES `craft_entries` (`id`) ON DELETE CASCADE,
	ADD CONSTRAINT `craft_entries_i18n_locale_fk` FOREIGN KEY (`locale`) REFERENCES `craft_locales` (`locale`) ON DELETE CASCADE ON UPDATE CASCADE,
	ADD CONSTRAINT `craft_entries_i18n_sectionId_fk` FOREIGN KEY (`sectionId`) REFERENCES `craft_sections` (`id`) ON DELETE CASCADE;

--
-- Constraints for table `craft_entrydrafts`
--
ALTER TABLE `craft_entrydrafts`
	ADD CONSTRAINT `craft_entrydrafts_creatorId_fk` FOREIGN KEY (`creatorId`) REFERENCES `craft_users` (`id`),
	ADD CONSTRAINT `craft_entrydrafts_entryId_fk` FOREIGN KEY (`entryId`) REFERENCES `craft_entries` (`id`) ON DELETE CASCADE,
	ADD CONSTRAINT `craft_entrydrafts_locale_fk` FOREIGN KEY (`locale`) REFERENCES `craft_locales` (`locale`) ON DELETE CASCADE ON UPDATE CASCADE,
	ADD CONSTRAINT `craft_entrydrafts_sectionId_fk` FOREIGN KEY (`sectionId`) REFERENCES `craft_sections` (`id`) ON DELETE CASCADE;

--
-- Constraints for table `craft_entrytags_entries`
--
ALTER TABLE `craft_entrytags_entries`
	ADD CONSTRAINT `craft_entrytags_entries_entryId_fk` FOREIGN KEY (`entryId`) REFERENCES `craft_entries` (`id`) ON DELETE CASCADE,
	ADD CONSTRAINT `craft_entrytags_entries_tagId_fk` FOREIGN KEY (`tagId`) REFERENCES `craft_entrytags` (`id`) ON DELETE CASCADE;

--
-- Constraints for table `craft_entryversions`
--
ALTER TABLE `craft_entryversions`
	ADD CONSTRAINT `craft_entryversions_creatorId_fk` FOREIGN KEY (`creatorId`) REFERENCES `craft_users` (`id`),
	ADD CONSTRAINT `craft_entryversions_entryId_fk` FOREIGN KEY (`entryId`) REFERENCES `craft_entries` (`id`) ON DELETE CASCADE,
	ADD CONSTRAINT `craft_entryversions_locale_fk` FOREIGN KEY (`locale`) REFERENCES `craft_locales` (`locale`) ON DELETE CASCADE ON UPDATE CASCADE,
	ADD CONSTRAINT `craft_entryversions_sectionId_fk` FOREIGN KEY (`sectionId`) REFERENCES `craft_sections` (`id`) ON DELETE CASCADE;

--
-- Constraints for table `craft_fieldlayoutfields`
--
ALTER TABLE `craft_fieldlayoutfields`
	ADD CONSTRAINT `craft_fieldlayoutfields_fieldId_fk` FOREIGN KEY (`fieldId`) REFERENCES `craft_fields` (`id`) ON DELETE CASCADE,
	ADD CONSTRAINT `craft_fieldlayoutfields_layoutId_fk` FOREIGN KEY (`layoutId`) REFERENCES `craft_fieldlayouts` (`id`) ON DELETE CASCADE,
	ADD CONSTRAINT `craft_fieldlayoutfields_tabId_fk` FOREIGN KEY (`tabId`) REFERENCES `craft_fieldlayouttabs` (`id`) ON DELETE CASCADE;

--
-- Constraints for table `craft_fieldlayouttabs`
--
ALTER TABLE `craft_fieldlayouttabs`
	ADD CONSTRAINT `craft_fieldlayouttabs_layoutId_fk` FOREIGN KEY (`layoutId`) REFERENCES `craft_fieldlayouts` (`id`) ON DELETE CASCADE;

--
-- Constraints for table `craft_fields`
--
ALTER TABLE `craft_fields`
	ADD CONSTRAINT `craft_fields_groupId_fk` FOREIGN KEY (`groupId`) REFERENCES `craft_fieldgroups` (`id`) ON DELETE CASCADE;

--
-- Constraints for table `craft_globalsets`
--
ALTER TABLE `craft_globalsets`
	ADD CONSTRAINT `craft_globalsets_fieldLayoutId_fk` FOREIGN KEY (`fieldLayoutId`) REFERENCES `craft_fieldlayouts` (`id`) ON DELETE SET NULL,
	ADD CONSTRAINT `craft_globalsets_id_fk` FOREIGN KEY (`id`) REFERENCES `craft_elements` (`id`) ON DELETE CASCADE;

--
-- Constraints for table `craft_migrations`
--
ALTER TABLE `craft_migrations`
	ADD CONSTRAINT `craft_migrations_pluginId_fk` FOREIGN KEY (`pluginId`) REFERENCES `craft_plugins` (`id`) ON DELETE CASCADE;

--
-- Constraints for table `craft_relations`
--
ALTER TABLE `craft_relations`
	ADD CONSTRAINT `craft_relations_childId_fk` FOREIGN KEY (`childId`) REFERENCES `craft_elements` (`id`),
	ADD CONSTRAINT `craft_relations_fieldId_fk` FOREIGN KEY (`fieldId`) REFERENCES `craft_fields` (`id`),
	ADD CONSTRAINT `craft_relations_parentId_fk` FOREIGN KEY (`parentId`) REFERENCES `craft_elements` (`id`);

--
-- Constraints for table `craft_sections`
--
ALTER TABLE `craft_sections`
	ADD CONSTRAINT `craft_sections_fieldLayoutId_fk` FOREIGN KEY (`fieldLayoutId`) REFERENCES `craft_fieldlayouts` (`id`) ON DELETE SET NULL;

--
-- Constraints for table `craft_sections_i18n`
--
ALTER TABLE `craft_sections_i18n`
	ADD CONSTRAINT `craft_sections_i18n_locale_fk` FOREIGN KEY (`locale`) REFERENCES `craft_locales` (`locale`) ON DELETE CASCADE ON UPDATE CASCADE,
	ADD CONSTRAINT `craft_sections_i18n_sectionId_fk` FOREIGN KEY (`sectionId`) REFERENCES `craft_sections` (`id`) ON DELETE CASCADE;

--
-- Constraints for table `craft_sessions`
--
ALTER TABLE `craft_sessions`
	ADD CONSTRAINT `craft_sessions_userId_fk` FOREIGN KEY (`userId`) REFERENCES `craft_users` (`id`) ON DELETE CASCADE;

--
-- Constraints for table `craft_shunnedmessages`
--
ALTER TABLE `craft_shunnedmessages`
	ADD CONSTRAINT `craft_shunnedmessages_userId_fk` FOREIGN KEY (`userId`) REFERENCES `craft_users` (`id`) ON DELETE CASCADE;

--
-- Constraints for table `craft_usergroups_users`
--
ALTER TABLE `craft_usergroups_users`
	ADD CONSTRAINT `craft_usergroups_users_groupId_fk` FOREIGN KEY (`groupId`) REFERENCES `craft_usergroups` (`id`) ON DELETE CASCADE,
	ADD CONSTRAINT `craft_usergroups_users_userId_fk` FOREIGN KEY (`userId`) REFERENCES `craft_users` (`id`) ON DELETE CASCADE;

--
-- Constraints for table `craft_userpermissions_usergroups`
--
ALTER TABLE `craft_userpermissions_usergroups`
	ADD CONSTRAINT `craft_userpermissions_usergroups_groupId_fk` FOREIGN KEY (`groupId`) REFERENCES `craft_usergroups` (`id`) ON DELETE CASCADE,
	ADD CONSTRAINT `craft_userpermissions_usergroups_permissionId_fk` FOREIGN KEY (`permissionId`) REFERENCES `craft_userpermissions` (`id`) ON DELETE CASCADE;

--
-- Constraints for table `craft_userpermissions_users`
--
ALTER TABLE `craft_userpermissions_users`
	ADD CONSTRAINT `craft_userpermissions_users_permissionId_fk` FOREIGN KEY (`permissionId`) REFERENCES `craft_userpermissions` (`id`) ON DELETE CASCADE,
	ADD CONSTRAINT `craft_userpermissions_users_userId_fk` FOREIGN KEY (`userId`) REFERENCES `craft_users` (`id`) ON DELETE CASCADE;

--
-- Constraints for table `craft_users`
--
ALTER TABLE `craft_users`
	ADD CONSTRAINT `craft_users_id_fk` FOREIGN KEY (`id`) REFERENCES `craft_elements` (`id`) ON DELETE CASCADE,
	ADD CONSTRAINT `craft_users_preferredLocale_fk` FOREIGN KEY (`preferredLocale`) REFERENCES `craft_locales` (`locale`) ON DELETE SET NULL ON UPDATE CASCADE;

--
-- Constraints for table `craft_widgets`
--
ALTER TABLE `craft_widgets`
	ADD CONSTRAINT `craft_widgets_userId_fk` FOREIGN KEY (`userId`) REFERENCES `craft_users` (`id`) ON DELETE CASCADE;

SET FOREIGN_KEY_CHECKS = 1;
COMMIT;

/*!40101 SET CHARACTER_SET_CLIENT=@OLD_CHARACTER_SET_CLIENT */;
/*!40101 SET CHARACTER_SET_RESULTS=@OLD_CHARACTER_SET_RESULTS */;
/*!40101 SET COLLATION_CONNECTION=@OLD_COLLATION_CONNECTION */;
