-- Generated by Craft v1.1.2304 on Aug 27, 2013 4:12:48 PM.

--
-- Disable foreign key checks and autocommit and start a transaction.
--

SET FOREIGN_KEY_CHECKS = 0;
SET SQL_MODE = "NO_AUTO_VALUE_ON_ZERO";
SET AUTOCOMMIT = 0;
SET NAMES utf8;
START TRANSACTION;

/*!40101 SET @OLD_CHARACTER_SET_CLIENT=@@CHARACTER_SET_CLIENT */;
/*!40101 SET @OLD_CHARACTER_SET_RESULTS=@@CHARACTER_SET_RESULTS */;
/*!40101 SET @OLD_COLLATION_CONNECTION=@@COLLATION_CONNECTION */;
/*!40101 SET NAMES utf8 */;

--
-- Schema for table `craft_assetfiles`
--

DROP TABLE IF EXISTS `craft_assetfiles`;

CREATE TABLE `craft_assetfiles` (
  `id` int(11) NOT NULL,
  `sourceId` int(11) NOT NULL,
  `folderId` int(11) NOT NULL,
  `filename` varchar(255) COLLATE utf8_unicode_ci NOT NULL,
  `kind` char(10) COLLATE utf8_unicode_ci DEFAULT NULL,
  `width` smallint(6) unsigned DEFAULT NULL,
  `height` smallint(6) unsigned DEFAULT NULL,
  `size` int(11) unsigned DEFAULT NULL,
  `dateModified` datetime DEFAULT NULL,
  `dateCreated` datetime NOT NULL,
  `dateUpdated` datetime NOT NULL,
  `uid` char(36) COLLATE utf8_unicode_ci NOT NULL DEFAULT '0',
  PRIMARY KEY (`id`),
  UNIQUE KEY `craft_assetfiles_filename_folderId_unq_idx` (`filename`,`folderId`),
  KEY `craft_assetfiles_sourceId_fk` (`sourceId`),
  KEY `craft_assetfiles_folderId_fk` (`folderId`)
) ENGINE=InnoDB DEFAULT CHARSET=utf8 COLLATE=utf8_unicode_ci;

--
-- Data for table `craft_assetfiles`
--

BEGIN;
INSERT INTO `craft_assetfiles` (`id`, `sourceId`, `folderId`, `filename`, `kind`, `width`, `height`, `size`, `dateModified`, `dateCreated`, `dateUpdated`, `uid`) VALUES
 ('13', '3', '3', 'album-background-example-1.jpg', 'image', '2048', '1368', '984681', '2013-06-14 05:09:37', '2013-06-14 05:09:37', '2013-06-14 05:09:37', '7199a68d-966a-4035-99bd-53f21850a559'),
 ('16', '3', '3', 'north-pole-1.jpg', 'image', '1920', '1200', '579414', '2013-06-17 06:46:53', '2013-06-17 06:46:54', '2013-06-17 06:46:54', '05e60c8a-4680-41eb-8f1a-c619ecf47183'),
 ('19', '1', '1', 'the-spinning-song.mp3', 'audio', NULL, NULL, '1589223', '2013-06-18 19:10:09', '2013-06-18 19:10:09', '2013-06-18 19:10:09', '7ba484a3-de0a-49c7-b2b2-e41300a05500'),
 ('20', '1', '1', 'the-spinning-song.ogg', 'video', NULL, NULL, '2376624', '2013-06-18 19:10:09', '2013-06-18 19:10:09', '2013-06-18 19:10:09', '31239637-1aae-43b7-8a96-851f18474c3f'),
 ('21', '3', '3', 'north-pole-2.jpg', 'image', '1600', '1200', '697076', '2013-06-19 04:07:11', '2013-06-19 04:07:11', '2013-06-19 04:07:11', '444cb2b0-21c7-4879-95fd-471a735b4dc8'),
 ('22', '1', '1', 'Bach__English_Suite_No._2_in_A_minor__BWV_807__Prelude_-_Andras_Schiff.mp3', 'audio', NULL, NULL, '4796227', '2013-06-19 06:43:59', '2013-06-19 06:43:59', '2013-06-19 06:43:59', '9373400e-c0ac-433b-ad4e-d8032f525230'),
 ('23', '3', '3', 'black-white-piano-organ.jpg', 'image', '1024', '819', '334023', '2013-06-19 07:06:31', '2013-06-19 07:06:31', '2013-06-19 07:06:31', 'ff12b330-07b9-4d2e-a0a6-b731a3c77d30'),
 ('24', '3', '3', 'Black_and_white_mountain_landscape.jpg', 'image', '1920', '1080', '661051', '2013-06-19 07:06:31', '2013-06-19 07:06:31', '2013-06-19 07:06:31', 'af1d3793-b9aa-432b-ac8d-be95989a4b21'),
 ('25', '1', '1', 'Bach__English_Suite_No._2_in_A_minor__BWV_807__Prelude_-_Andras_Schiff.ogg', 'video', NULL, NULL, '7169553', '2013-06-20 03:47:12', '2013-06-20 03:47:12', '2013-06-20 03:47:12', '4903655b-b025-44fc-bf2b-410968f6d227'),
 ('27', '1', '1', 'in-the-darkest-night-we_-sing.ogg', 'video', NULL, NULL, '12308488', '2013-06-20 03:50:25', '2013-06-20 03:50:25', '2013-06-20 03:50:25', 'a4ce5690-ebd6-4306-9acb-fcb94e0fb4dc'),
 ('28', '1', '1', 'in-the-darkest-night-we_-sing.mp3', 'audio', NULL, NULL, '19781258', '2013-06-20 03:51:22', '2013-06-20 03:51:22', '2013-06-20 03:51:22', '47e69d6b-2d4c-4b3e-8c18-6466f40a78b9'),
 ('29', '4', '4', 'album-2-cover.jpg', 'image', '390', '130', '33395', '2013-06-29 22:13:41', '2013-06-29 22:13:41', '2013-06-29 22:16:07', '81c4b845-9e9d-464d-bfc1-6f9bd99306c6'),
 ('30', '4', '4', 'album-cover.jpg', 'image', '500', '133', '30741', '2013-06-29 22:21:22', '2013-06-29 22:21:22', '2013-06-29 22:21:22', 'a6b5e384-c017-4072-9cff-e4ee8bca53b8'),
 ('31', '1', '1', 'Arthur_Rubinstein_-_Chopin_Nocturne_Op._37__No._2_in_G.mp3', 'audio', NULL, NULL, '6644615', '2013-07-17 02:15:21', '2013-07-17 02:15:21', '2013-07-17 02:15:21', 'a533d1f7-dd7f-49b7-b99e-afa65ec6f463'),
 ('32', '1', '1', 'Arthur_Rubinstein_-_Chopin_Nocturne_Op._37__No._2_in_G.ogg', 'video', NULL, NULL, '5629324', '2013-07-17 02:15:22', '2013-07-17 02:15:22', '2013-07-17 02:15:22', '24e91ddd-6aa5-493f-aa8e-bd318d260b7a'),
 ('34', '3', '3', 'nocturne.jpg', 'image', '980', '752', '193783', '2013-07-17 04:32:33', '2013-07-17 04:31:03', '2013-07-17 04:32:37', 'b9789258-be97-4275-b1a5-ae77b83cca12'),
 ('36', '3', '3', 'edward-steichen-web.jpg', 'image', '1262', '963', '422269', '2013-07-17 04:34:41', '2013-07-17 04:34:41', '2013-07-17 04:34:41', 'f34c5b5d-3976-4dc2-bc9c-867d19e0a1fe'),
 ('37', '2', '2', 'Arthur_Rubinstein_-_Chopin_Nocturne_Op._37__No._2_in_G.json', NULL, NULL, NULL, '54075', '2013-07-20 15:09:10', '2013-07-20 15:09:10', '2013-07-20 15:09:10', 'e26600a2-bc0e-47c5-8c7d-642427d3b95d'),
 ('38', '2', '2', 'Bach__English_Suite_No._2_in_A_minor__BWV_807__Prelude_-_Andras_Schiff.json', NULL, NULL, NULL, '40712', '2013-07-20 17:30:25', '2013-07-20 17:30:25', '2013-07-20 17:30:25', 'cd7ca0de-1d3b-4467-b1c5-070a2090fb5a'),
 ('39', '2', '2', 'in-the-darkest-night-we_-sing.json', NULL, NULL, NULL, '60848', '2013-07-20 17:30:29', '2013-07-20 17:30:29', '2013-07-20 17:30:29', '5a8c4e9d-6c22-48f5-bc14-77fd01484b12'),
 ('40', '2', '2', 'the-spinning-song.json', NULL, NULL, NULL, '14313', '2013-07-20 17:30:32', '2013-07-20 17:30:32', '2013-07-20 17:30:32', '8dcc74c6-61a3-43ef-a45e-53bc3622a3f7'),
 ('41', '5', '5', 'Resume2013-chinese.docx', 'word', NULL, NULL, '76573', '2013-07-21 18:49:47', '2013-07-21 18:49:47', '2013-07-21 18:49:47', 'c7df2a4c-620c-465b-847f-087cd031c490'),
 ('42', '5', '5', 'Resume2013-chinese.pdf', 'pdf', NULL, NULL, '121502', '2013-07-21 18:49:47', '2013-07-21 18:49:47', '2013-07-21 18:49:47', '24750b64-9c8b-4b3a-b7ec-5033d92a5c13'),
 ('43', '5', '5', 'Resume2013english.docx', 'word', NULL, NULL, '120829', '2013-07-21 18:49:47', '2013-07-21 18:49:48', '2013-07-21 18:49:48', 'c28704e7-42df-4a56-8926-b530b1201a1a'),
 ('47', '1', '1', 'J.S._Bach-_Suite_No.2_in_B_minor__BWV_1067-_Badinerie_mvt._77.mp3', 'audio', NULL, NULL, '1332615', '2013-08-02 05:38:01', '2013-08-02 05:38:01', '2013-08-02 05:38:01', '24284d7a-765e-43e8-aaac-834de75fc818'),
 ('48', '1', '1', 'J.S._Bach-_Suite_No.2_in_B_minor__BWV_1067-_Badinerie_mvt._77.ogg', 'video', NULL, NULL, '2279644', '2013-08-02 05:38:02', '2013-08-02 05:38:02', '2013-08-02 05:38:02', '48cf51b9-9faa-4864-8088-c463d8e7b945'),
 ('49', '2', '2', 'J.S._Bach-_Suite_No.2_in_B_minor__BWV_1067-_Badinerie_mvt._77.json', NULL, NULL, NULL, '11958', '2013-08-02 05:39:59', '2013-08-02 05:39:59', '2013-08-02 05:39:59', 'cf30c0c6-e96a-45b8-961d-d8716f2e4653'),
 ('52', '3', '3', 'castle.jpg', 'image', '1024', '833', '406200', '2013-08-02 05:50:47', '2013-08-02 05:50:47', '2013-08-02 05:50:47', 'a74f165e-513e-43a0-a403-766cad8b0b91'),
 ('53', '4', '4', 'album-castle-cover.jpg', 'image', '500', '133', '47217', '2013-08-02 05:54:50', '2013-08-02 05:53:03', '2013-08-02 05:54:54', '3f534e0f-56fc-44a6-ac8b-9acf0bae6997'),
 ('62', '2', '2', 'Tibet.json', NULL, NULL, NULL, '79116', '2013-08-26 15:18:58', '2013-08-26 15:18:59', '2013-08-26 15:18:59', 'cec34a41-22b0-440f-a6ec-380775b9b511'),
 ('63', '1', '1', 'Tibet.mp3', 'audio', NULL, NULL, '27786998', '2013-08-26 15:19:10', '2013-08-26 15:19:10', '2013-08-26 15:19:10', '7f30fc38-e543-4058-b746-d3631e344555'),
 ('64', '1', '1', 'Tibet.ogg', 'video', NULL, NULL, '24445247', '2013-08-26 15:21:02', '2013-08-26 15:21:03', '2013-08-26 15:21:03', '09721cff-f479-4668-aa1a-89d20130a2fc'),
 ('66', '2', '2', 'Fugue.json', NULL, NULL, NULL, '28457', '2013-08-26 15:28:13', '2013-08-26 15:28:13', '2013-08-26 15:28:13', '076912b8-9c2d-4937-853b-6b89778c9837'),
 ('67', '1', '1', 'Fugue.mp3', 'audio', NULL, NULL, '7938117', '2013-08-26 15:28:22', '2013-08-26 15:28:22', '2013-08-26 15:28:22', '85e39c79-0abe-41f5-bc1d-9fb382631709'),
 ('68', '1', '1', 'Fugue.ogg', 'video', NULL, NULL, '7336474', '2013-08-26 15:28:29', '2013-08-26 15:28:29', '2013-08-26 15:28:29', '4123cd80-69e5-4016-b664-44dfdd45aa7b'),
 ('69', '1', '1', 'Clarinet_Concerto.mp3', 'audio', NULL, NULL, '24578117', '2013-08-26 16:49:56', '2013-08-26 16:49:56', '2013-08-26 16:49:56', '241341cd-60a7-49cc-8871-240a5af496ad'),
 ('70', '1', '1', 'Clarinet_Concerto.ogg', 'video', NULL, NULL, '16256084', '2013-08-26 16:50:06', '2013-08-26 16:50:06', '2013-08-26 16:50:06', 'f6af334e-0c2e-4d72-9a40-539c81a6150c'),
 ('72', '2', '2', 'Clarinet_Concerto.json', NULL, NULL, NULL, '90871', '2013-08-26 16:50:29', '2013-08-26 16:50:29', '2013-08-26 16:50:29', '10ee84e0-9b97-462b-adff-dae98fdf56bd'),
 ('74', '1', '1', 'By_The_Light_of_Nature.mp3', 'audio', NULL, NULL, '16780699', '2013-08-26 16:56:01', '2013-08-26 16:56:02', '2013-08-26 16:56:02', '7f927212-831b-453b-866d-2c8f796abd05'),
 ('75', '1', '1', 'By_The_Light_of_Nature.ogg', 'video', NULL, NULL, '17932057', '2013-08-26 16:56:10', '2013-08-26 16:56:10', '2013-08-26 16:56:10', '7b3fa1ae-c627-424e-8411-3bec33af248f'),
 ('76', '2', '2', 'By_The_Light_of_Nature.json', NULL, NULL, NULL, '54764', '2013-08-26 16:56:19', '2013-08-26 16:56:19', '2013-08-26 16:56:19', '161095f9-6a16-4085-953e-f15946164bbf'),
 ('77', '1', '1', 'Calling.mp3', 'audio', NULL, NULL, '7942473', '2013-08-26 16:59:41', '2013-08-26 16:59:41', '2013-08-26 16:59:41', '6d9acb6c-8724-4ac1-9398-05353b8456c5'),
 ('78', '1', '1', 'Calling.ogg', 'video', NULL, NULL, '6836171', '2013-08-26 16:59:49', '2013-08-26 16:59:49', '2013-08-26 16:59:49', '09c44137-de4e-462a-afa5-7028c531fb90'),
 ('79', '2', '2', 'Calling.json', NULL, NULL, NULL, '24960', '2013-08-26 16:59:58', '2013-08-26 16:59:58', '2013-08-26 16:59:58', '5ac33524-b40d-40a8-8c89-fec7d301a7d9'),
 ('81', '1', '1', 'Bach_Buddha.mp3', 'audio', NULL, NULL, '17874051', '2013-08-26 17:04:40', '2013-08-26 17:04:40', '2013-08-26 17:04:40', '3841556d-26b8-4cd3-a154-67654a694895'),
 ('82', '1', '1', 'Bach_Buddha.ogg', 'video', NULL, NULL, '13056032', '2013-08-26 17:04:47', '2013-08-26 17:04:48', '2013-08-26 17:04:48', '5072cdba-56f8-494a-9f2a-1e27200bdce9'),
 ('83', '2', '2', 'Bach_Buddha.json', NULL, NULL, NULL, '57221', '2013-08-26 17:05:09', '2013-08-26 17:05:09', '2013-08-26 17:05:09', '5122dfe6-d5f2-4a84-90e0-12cbcc782256'),
 ('85', '1', '1', 'Soliloquy.mp3', 'audio', NULL, NULL, '6485708', '2013-08-26 18:58:56', '2013-08-26 18:58:56', '2013-08-26 18:58:56', 'ea5e3b6c-88d6-473f-a8dc-cf49c13f839c'),
 ('86', '1', '1', 'Soliloquy.ogg', 'video', NULL, NULL, '6413243', '2013-08-26 18:58:57', '2013-08-26 18:58:57', '2013-08-26 18:58:57', 'f0ac5b59-5a07-43f1-9af5-118255ead359'),
 ('87', '2', '2', 'Soliloquy.json', NULL, NULL, NULL, '23603', '2013-08-26 18:59:46', '2013-08-26 18:59:46', '2013-08-26 18:59:46', '157110c8-4a57-4ccd-bbcb-6c52e237b29f'),
 ('94', '1', '1', 'Five_Pieces_for_Piano-2.json', NULL, NULL, NULL, '8432', '2013-08-26 19:12:59', '2013-08-26 19:13:00', '2013-08-26 19:13:00', '2bf6a033-e133-4405-8399-aa5e6063c62e'),
 ('95', '1', '1', 'Five_Pieces_for_Piano-1.mp3', 'audio', NULL, NULL, '2603417', '2013-08-26 19:13:00', '2013-08-26 19:13:00', '2013-08-26 19:13:00', '7a63b691-09b6-4ef1-991a-73acc11af07a'),
 ('96', '1', '1', 'Five_Pieces_for_Piano-1.ogg', 'video', NULL, NULL, '4231126', '2013-08-26 19:13:01', '2013-08-26 19:13:01', '2013-08-26 19:13:01', '4b9f32c6-b4b1-4789-97d2-d0018ac58156'),
 ('97', '1', '1', 'Five_Pieces_for_Piano-2.mp3', 'audio', NULL, NULL, '1145262', '2013-08-26 19:13:01', '2013-08-26 19:13:01', '2013-08-26 19:13:01', 'e1f0d866-fc40-4ded-975d-b92be4139116'),
 ('98', '1', '1', 'Five_Pieces_for_Piano-2.ogg', 'video', NULL, NULL, '1919621', '2013-08-26 19:13:02', '2013-08-26 19:13:02', '2013-08-26 19:13:02', 'd570236b-76f1-4b2e-b784-64da1ccc64df'),
 ('99', '1', '1', 'Five_Pieces_for_Piano-3.json', NULL, NULL, NULL, '8936', '2013-08-26 19:13:03', '2013-08-26 19:13:03', '2013-08-26 19:13:03', '72753c7e-47ec-4ed5-acf1-bfcc716ab822'),
 ('100', '1', '1', 'Five_Pieces_for_Piano-3.mp3', 'audio', NULL, NULL, '1269083', '2013-08-26 19:13:03', '2013-08-26 19:13:03', '2013-08-26 19:13:03', 'de3ccc9a-39a3-44d9-8a49-f9d50269d830'),
 ('101', '1', '1', 'Five_Pieces_for_Piano-3.ogg', 'video', NULL, NULL, '2053361', '2013-08-26 19:13:04', '2013-08-26 19:13:04', '2013-08-26 19:13:04', '4d272355-00d7-45e0-a800-86fcca5fe514'),
 ('102', '1', '1', 'Five_Pieces_for_Piano-4.json', NULL, NULL, NULL, '9211', '2013-08-26 19:13:04', '2013-08-26 19:13:04', '2013-08-26 19:13:04', '593b5874-22c9-430f-b8a9-8c3463142dcd'),
 ('103', '1', '1', 'Five_Pieces_for_Piano-4.mp3', 'audio', NULL, NULL, '1262813', '2013-08-26 19:13:05', '2013-08-26 19:13:05', '2013-08-26 19:13:05', '26e79936-f890-48c3-9344-e13dd00127aa'),
 ('104', '1', '1', 'Five_Pieces_for_Piano-4.ogg', 'video', NULL, NULL, '2036600', '2013-08-26 19:13:05', '2013-08-26 19:13:06', '2013-08-26 19:13:06', '06efe385-ee5e-4a54-b430-74072f3bcc2b'),
 ('105', '1', '1', 'Five_Pieces_for_Piano-5.json', NULL, NULL, NULL, '6048', '2013-08-26 19:13:06', '2013-08-26 19:13:06', '2013-08-26 19:13:06', 'e4587298-0b6a-4d0e-8523-524aeecff181'),
 ('106', '1', '1', 'Five_Pieces_for_Piano-5.mp3', 'audio', NULL, NULL, '761785', '2013-08-26 19:13:07', '2013-08-26 19:13:07', '2013-08-26 19:13:07', '46b875a8-b5f7-49f1-bcc3-3b824c57ca74'),
 ('107', '1', '1', 'Five_Pieces_for_Piano-5.ogg', 'video', NULL, NULL, '1225877', '2013-08-26 19:13:07', '2013-08-26 19:13:07', '2013-08-26 19:13:07', 'f3bfc25f-80e6-43a1-ab2b-cfa4e375a34a'),
 ('108', '2', '2', 'Five_Pieces_for_Piano-1.json', NULL, NULL, NULL, '18850', '2013-08-26 19:19:24', '2013-08-26 19:19:24', '2013-08-26 19:19:24', 'faf7b100-0929-4063-8b85-982057cc644e'),
 ('109', '2', '2', 'Five_Pieces_for_Piano-2.json', NULL, NULL, NULL, '8432', '2013-08-26 19:19:24', '2013-08-26 19:19:24', '2013-08-26 19:19:24', '36f20e26-4829-418f-a256-dc7ad3a7e6fa'),
 ('110', '2', '2', 'Five_Pieces_for_Piano-3.json', NULL, NULL, NULL, '8936', '2013-08-26 19:19:25', '2013-08-26 19:19:25', '2013-08-26 19:19:25', 'f93d65d0-65cd-4f0a-953b-649ed191ef0a'),
 ('111', '2', '2', 'Five_Pieces_for_Piano-4.json', NULL, NULL, NULL, '9211', '2013-08-26 19:19:25', '2013-08-26 19:19:26', '2013-08-26 19:19:26', '93ed0577-77aa-43f9-88a0-db2ca19404a4'),
 ('112', '2', '2', 'Five_Pieces_for_Piano-5.json', NULL, NULL, NULL, '6048', '2013-08-26 19:19:26', '2013-08-26 19:19:26', '2013-08-26 19:19:26', '6b561a13-4d46-42ef-8e01-884fa9c22517'),
 ('113', '1', '1', 'Willow_Catkins.ogg', 'video', NULL, NULL, '14696387', '2013-08-26 19:45:25', '2013-08-26 19:45:25', '2013-08-26 19:45:25', 'f539c02f-dc73-47c7-b3db-3bd14e42260c'),
 ('114', '1', '1', 'Willow_Catkins.mp3', 'audio', NULL, NULL, '17582547', '2013-08-26 19:45:26', '2013-08-26 19:45:26', '2013-08-26 19:45:26', 'baebd72f-2a21-4ab7-97e3-84b190ba38d8'),
 ('115', '2', '2', 'Willow_Catkins.json', NULL, NULL, NULL, '49227', '2013-08-26 19:45:41', '2013-08-26 19:45:41', '2013-08-26 19:45:41', '2dee9d22-ab65-4601-b6d8-60b7710803da'),
 ('120', '1', '1', 'Mvt._1.ogg', 'video', NULL, NULL, '12665941', '2013-08-26 20:01:47', '2013-08-26 20:01:47', '2013-08-26 20:01:47', '0ec852fb-1604-4dbd-b61b-f36e98bfc4b5'),
 ('121', '1', '1', 'Mvt._2.mp3', 'audio', NULL, NULL, '12868990', '2013-08-26 20:01:48', '2013-08-26 20:01:48', '2013-08-26 20:01:48', '0991ee8c-29f3-4ef6-a6f6-c627088f837f'),
 ('122', '1', '1', 'Mvt._1.mp3', 'audio', NULL, NULL, '13220076', '2013-08-26 20:01:48', '2013-08-26 20:01:49', '2013-08-26 20:01:49', 'b012f662-ec0f-4dd2-ba67-878196ea5ac1'),
 ('123', '1', '1', 'Mvt._2.ogg', 'video', NULL, NULL, '11666321', '2013-08-26 20:01:49', '2013-08-26 20:01:49', '2013-08-26 20:01:49', '61b9aec2-8dfa-48c8-b1a3-da5bd663dc61'),
 ('124', '1', '1', 'Mvt._3.mp3', 'audio', NULL, NULL, '17590884', '2013-08-26 20:01:50', '2013-08-26 20:01:51', '2013-08-26 20:01:51', '1657149b-4d60-4daf-b064-dcf90941575f'),
 ('125', '1', '1', 'Mvt._3.ogg', 'video', NULL, NULL, '17401402', '2013-08-26 20:01:51', '2013-08-26 20:01:52', '2013-08-26 20:01:52', '6fb6c446-5477-4f20-a260-f199b1d56a51'),
 ('126', '2', '2', 'Mvt._1.json', NULL, NULL, NULL, '51273', '2013-08-26 20:02:08', '2013-08-26 20:02:08', '2013-08-26 20:02:08', '12a4dbc2-587e-4abe-9077-aeaab3dc3f09'),
 ('127', '2', '2', 'Mvt._2.json', NULL, NULL, NULL, '47674', '2013-08-26 20:02:52', '2013-08-26 20:02:52', '2013-08-26 20:02:52', 'b382a495-5dd5-4f3f-9b03-e26f5fb719f7'),
 ('128', '2', '2', 'Mvt._3.json', NULL, NULL, NULL, '68974', '2013-08-26 20:03:34', '2013-08-26 20:03:34', '2013-08-26 20:03:34', 'a996534a-fc6b-496b-ad23-137ad9f5077a'),
 ('129', '1', '1', 'Colors_of_Clouds-A_Beacon_of_Fire.mp3', 'audio', NULL, NULL, '809442', '2013-08-26 20:43:40', '2013-08-26 20:43:40', '2013-08-26 20:43:40', 'edf49ce5-0b10-43f5-9ffe-a03560f5302d'),
 ('130', '1', '1', 'Colors_of_Clouds-A_Beacon_of_Fire.ogg', 'video', NULL, NULL, '722268', '2013-08-26 20:43:41', '2013-08-26 20:43:41', '2013-08-26 20:43:41', 'f700a378-0cc1-4364-a867-17e4e344e0f6'),
 ('131', '2', '2', 'Colors_of_Clouds-A_Beacon_of_Fire.json', NULL, NULL, NULL, '2924', '2013-08-26 20:44:19', '2013-08-26 20:44:19', '2013-08-26 20:44:19', '81f7bbc3-4434-45b9-b376-58078b365e7d'),
 ('133', '1', '1', 'Colors_of_Clouds-A_Concubine_s_Room.mp3', 'audio', NULL, NULL, '2059144', '2013-08-26 20:53:54', '2013-08-26 20:53:54', '2013-08-26 20:53:54', '2acf9808-d4b8-4b57-8484-4f02d3969ea7'),
 ('134', '1', '1', 'Colors_of_Clouds-A_Concubine_s_Room.ogg', 'video', NULL, NULL, '1780579', '2013-08-26 20:53:55', '2013-08-26 20:53:55', '2013-08-26 20:53:55', '9d2af674-ae1c-4442-aa8d-5c7b52a771b7'),
 ('135', '2', '2', 'Colors_of_Clouds-A_Concubine_s_Room.json', NULL, NULL, NULL, '6154', '2013-08-26 20:54:05', '2013-08-26 20:54:05', '2013-08-26 20:54:05', '643b4a1a-bdb1-47f7-ae25-0b82e2d9639a'),
 ('137', '1', '1', 'Colors_of_Clouds-A_Dark_Valley.mp3', 'audio', NULL, NULL, '2469702', '2013-08-26 20:57:32', '2013-08-26 20:57:32', '2013-08-26 20:57:32', '5973c270-dbcb-45b3-88ba-a5d9a7629452'),
 ('138', '1', '1', 'Colors_of_Clouds-A_Dark_Valley.ogg', 'video', NULL, NULL, '2149662', '2013-08-26 20:57:32', '2013-08-26 20:57:32', '2013-08-26 20:57:32', 'ea8c1760-615b-49d0-b358-b0e22d7e0d16'),
 ('139', '2', '2', 'Colors_of_Clouds-A_Dark_Valley.json', NULL, NULL, NULL, '8040', '2013-08-26 20:57:46', '2013-08-26 20:57:46', '2013-08-26 20:57:46', '07635940-e2c8-41c6-9963-01ba22984616'),
 ('141', '1', '1', 'Colors_of_Clouds-An_Old_General_s_Soliloquy.mp3', 'audio', NULL, NULL, '4066409', '2013-08-26 21:02:38', '2013-08-26 21:02:39', '2013-08-26 21:02:39', '2c33fabf-e660-4faa-b737-e91b29925e8d'),
 ('142', '1', '1', 'Colors_of_Clouds-An_Old_General_s_Soliloquy.ogg', 'video', NULL, NULL, '3879162', '2013-08-26 21:02:39', '2013-08-26 21:02:39', '2013-08-26 21:02:39', 'f63404ea-e9d3-4fb8-89fc-c8a4559eae54'),
 ('143', '2', '2', 'Colors_of_Clouds-An_Old_General_s_Soliloquy.json', NULL, NULL, NULL, '13928', '2013-08-26 21:02:53', '2013-08-26 21:02:53', '2013-08-26 21:02:53', 'b6a35581-7876-4af5-9d60-3c3709401cee'),
 ('145', '1', '1', 'Colors_of_Clouds-Butterfly.mp3', 'audio', NULL, NULL, '1337101', '2013-08-26 21:07:11', '2013-08-26 21:07:11', '2013-08-26 21:07:11', '03e78094-89a8-41f8-8e8a-32c4e96f08da'),
 ('146', '1', '1', 'Colors_of_Clouds-Butterfly.ogg', 'video', NULL, NULL, '1219350', '2013-08-26 21:07:11', '2013-08-26 21:07:11', '2013-08-26 21:07:11', '1c83dd8d-e691-4a9a-8c5a-d0a5b1180371'),
 ('147', '2', '2', 'Colors_of_Clouds-Butterfly.json', NULL, NULL, NULL, '4521', '2013-08-26 21:07:24', '2013-08-26 21:07:24', '2013-08-26 21:07:24', '21e8e362-08ab-4e87-a637-28ef0892f32a'),
 ('149', '1', '1', 'Colors_of_Clouds-Empty_Temple.mp3', 'audio', NULL, NULL, '1902399', '2013-08-26 21:11:53', '2013-08-26 21:11:53', '2013-08-26 21:11:53', '1fab41ed-55cd-4996-ac30-d7d01b18453a'),
 ('150', '1', '1', 'Colors_of_Clouds-Empty_Temple.ogg', 'video', NULL, NULL, '1670954', '2013-08-26 21:11:54', '2013-08-26 21:11:54', '2013-08-26 21:11:54', 'd5d2fd20-bab5-47cb-ad13-e82eeddd1d06'),
 ('151', '2', '2', 'Colors_of_Clouds-Empty_Temple.json', NULL, NULL, NULL, '6166', '2013-08-26 21:12:04', '2013-08-26 21:12:04', '2013-08-26 21:12:04', '727cd1f0-501e-4b5d-bb2b-703db7951825'),
 ('153', '1', '1', 'Colors_of_Clouds-Floating_Air.mp3', 'audio', NULL, NULL, '1149028', '2013-08-26 21:15:52', '2013-08-26 21:15:52', '2013-08-26 21:15:52', '369951fa-fc58-4dc4-93ac-ab42dc54a5f2'),
 ('154', '1', '1', 'Colors_of_Clouds-Floating_Air.ogg', 'video', NULL, NULL, '1063251', '2013-08-26 21:15:52', '2013-08-26 21:15:52', '2013-08-26 21:15:52', '56b63fdf-618b-4339-803b-f6503a40388a'),
 ('155', '2', '2', 'Colors_of_Clouds-Floating_Air.json', NULL, NULL, NULL, '3962', '2013-08-26 21:16:03', '2013-08-26 21:16:03', '2013-08-26 21:16:03', '82079f93-45b2-4b0c-80a7-36684e434c38'),
 ('157', '1', '1', 'Colors_of_Clouds-Old_Palace.mp3', 'audio', NULL, NULL, '2174067', '2013-08-26 21:18:51', '2013-08-26 21:18:51', '2013-08-26 21:18:51', '6ada776a-470f-491c-a2fa-cc43c7c42097'),
 ('158', '1', '1', 'Colors_of_Clouds-Old_Palace.ogg', 'video', NULL, NULL, '1935836', '2013-08-26 21:18:51', '2013-08-26 21:18:51', '2013-08-26 21:18:51', '69cdb2da-4a7f-4c6a-8e95-f0d399c6b657'),
 ('159', '2', '2', 'Colors_of_Clouds-Old_Palace.json', NULL, NULL, NULL, '6646', '2013-08-26 21:19:02', '2013-08-26 21:19:02', '2013-08-26 21:19:02', '79328729-a487-427a-a46b-c7c47567730d'),
 ('161', '1', '1', 'Colors_of_Clouds-Silent_Rage.mp3', 'audio', NULL, NULL, '809434', '2013-08-26 21:21:55', '2013-08-26 21:21:55', '2013-08-26 21:21:55', '70957db5-c6f8-434f-8df9-4759d58ad128'),
 ('162', '1', '1', 'Colors_of_Clouds-Silent_Rage.ogg', 'video', NULL, NULL, '742818', '2013-08-26 21:21:55', '2013-08-26 21:21:55', '2013-08-26 21:21:55', 'a94ba9f5-b0bd-445a-a30a-1fc8777422bf'),
 ('163', '2', '2', 'Colors_of_Clouds-Silent_Rage.json', NULL, NULL, NULL, '2804', '2013-08-26 21:22:05', '2013-08-26 21:22:05', '2013-08-26 21:22:05', '495cb3fa-dea3-4706-82a3-9371a7405264'),
 ('165', '1', '1', 'Colors_of_Clouds-Swimming_in_between_Streams_of_Light.ogg', 'video', NULL, NULL, '1719088', '2013-08-26 21:24:59', '2013-08-26 21:24:59', '2013-08-26 21:24:59', 'aa80755d-b283-4458-93c3-9de40518d138'),
 ('166', '1', '1', 'Colors_of_Clouds-Swimming_in_between_Streams_of_Light.mp3', 'audio', NULL, NULL, '1927523', '2013-08-26 21:25:00', '2013-08-26 21:25:00', '2013-08-26 21:25:00', '9341dc61-0803-44d7-a3db-4f9945d1548d'),
 ('167', '2', '2', 'Colors_of_Clouds-Swimming_in_between_Streams_of_Light.json', NULL, NULL, NULL, '6249', '2013-08-26 21:25:13', '2013-08-26 21:25:13', '2013-08-26 21:25:13', '3097820a-08b8-4919-b50e-0f37d0b392ee'),
 ('169', '1', '1', 'Colors_of_Clouds-Tinkly_Jewels.mp3', 'audio', NULL, NULL, '1236799', '2013-08-26 21:27:33', '2013-08-26 21:27:33', '2013-08-26 21:27:33', '5a9e20fa-1542-468e-bd73-02286b81e261'),
 ('170', '1', '1', 'Colors_of_Clouds-Tinkly_Jewels.ogg', 'video', NULL, NULL, '1101200', '2013-08-26 21:27:33', '2013-08-26 21:27:33', '2013-08-26 21:27:33', '010ec162-0c77-4380-8dbd-560fa7ed5d44'),
 ('171', '2', '2', 'Colors_of_Clouds-Tinkly_Jewels.json', NULL, NULL, NULL, '3946', '2013-08-26 21:27:52', '2013-08-26 21:27:52', '2013-08-26 21:27:52', '8bfa3124-f042-4578-a39d-8e834d92dd49'),
 ('173', '2', '2', 'Colors_of_Clouds-To_the_Sky_Line.json', NULL, NULL, NULL, '3620', '2013-08-26 21:30:22', '2013-08-26 21:30:22', '2013-08-26 21:30:22', '808274c3-94ee-49bd-8e9b-382775d15810'),
 ('174', '1', '1', 'Colors_of_Clouds-To_the_Sky_Line.ogg', 'video', NULL, NULL, '990874', '2013-08-26 21:30:31', '2013-08-26 21:30:32', '2013-08-26 21:30:32', '67c6aa32-9f96-4c1c-aa6d-67df62481c1c'),
 ('175', '1', '1', 'Colors_of_Clouds-To_the_Sky_Line.mp3', 'audio', NULL, NULL, '1222177', '2013-08-26 21:30:32', '2013-08-26 21:30:32', '2013-08-26 21:30:32', 'bde06a15-1bd6-4723-8aa1-413acc93e90b'),
 ('177', '1', '1', 'Rustling_Leaves.ogg', 'video', NULL, NULL, '20272672', '2013-08-26 21:50:40', '2013-08-26 21:50:40', '2013-08-26 21:50:40', 'a6770574-0f2b-4af4-b844-7aa953d26182'),
 ('178', '1', '1', 'Rustling_Leaves.mp3', 'audio', NULL, NULL, '23289757', '2013-08-26 21:50:41', '2013-08-26 21:50:41', '2013-08-26 21:50:41', '25196e00-3b0b-4ad9-ae05-492b05a0f045'),
 ('179', '2', '2', 'Rustling_Leaves.json', NULL, NULL, NULL, '60261', '2013-08-26 21:53:49', '2013-08-26 21:53:49', '2013-08-26 21:53:49', '019e799f-e98a-44db-8fe8-0fc6d00cd95e'),
 ('181', '1', '1', 'In_THE_Love.ogg', 'video', NULL, NULL, '15590949', '2013-08-26 22:01:46', '2013-08-26 22:01:46', '2013-08-26 22:01:46', 'a617abf9-c3eb-49fd-b685-899e38ac2a96'),
 ('182', '1', '1', 'In_THE_Love.mp3', 'audio', NULL, NULL, '16152059', '2013-08-26 22:01:47', '2013-08-26 22:01:47', '2013-08-26 22:01:47', '6bc4951d-c5bb-4cd0-a2e2-8969f5aa6af6'),
 ('183', '2', '2', 'In_THE_Love.json', NULL, NULL, NULL, '56823', '2013-08-26 22:02:47', '2013-08-26 22:02:47', '2013-08-26 22:02:47', '836cb961-03f3-4114-8147-28c745626cbe'),
 ('185', '1', '1', 'The_Glance.mp3', 'audio', NULL, NULL, '12572239', '2013-08-27 13:52:33', '2013-08-27 13:52:33', '2013-08-27 13:52:33', '031609bb-eb5e-4d4a-bc0f-7571e9c4141b'),
 ('186', '1', '1', 'The_Glance.ogg', 'video', NULL, NULL, '9809093', '2013-08-27 13:52:34', '2013-08-27 13:52:34', '2013-08-27 13:52:34', '9a121e39-7764-4c53-8255-fb6ecc3511e1'),
 ('187', '2', '2', 'The_Glance.json', NULL, NULL, NULL, '37411', '2013-08-27 13:52:42', '2013-08-27 13:52:42', '2013-08-27 13:52:42', 'd4b97b20-7c75-4bef-9b9f-9bf3537d2ba6'),
 ('189', '1', '1', 'Immaculate_Snow.mp3', 'audio', NULL, NULL, '8863504', '2013-08-27 13:55:47', '2013-08-27 13:55:47', '2013-08-27 13:55:47', 'f7e88c55-da27-4509-b9f4-4692c5f4e115'),
 ('190', '1', '1', 'Immaculate_Snow.ogg', 'video', NULL, NULL, '12288474', '2013-08-27 13:55:48', '2013-08-27 13:55:48', '2013-08-27 13:55:48', 'dff91a18-32ea-4158-ba82-9960b08e90f2'),
 ('191', '2', '2', 'Immaculate_Snow.json', NULL, NULL, NULL, '53802', '2013-08-27 13:55:55', '2013-08-27 13:55:55', '2013-08-27 13:55:55', '3636e8c8-719a-4952-9ff7-b3fc551c0b45'),
 ('193', '1', '1', 'Lurching_Ambush_from_All_Directions.ogg', 'video', NULL, NULL, '15255938', '2013-08-27 13:58:53', '2013-08-27 13:58:53', '2013-08-27 13:58:53', '1cde65c9-0a97-4d6d-9411-37ba068214cc'),
 ('194', '1', '1', 'Lurching_Ambush_from_All_Directions.mp3', 'audio', NULL, NULL, '19041460', '2013-08-27 13:58:54', '2013-08-27 13:58:54', '2013-08-27 13:58:54', '10860648-bbf3-4f87-939b-f332acc65b60'),
 ('195', '2', '2', 'Lurching_Ambush_from_All_Directions.json', NULL, NULL, NULL, '58261', '2013-08-27 13:59:04', '2013-08-27 13:59:04', '2013-08-27 13:59:04', 'd65f191c-200e-455e-a9ac-fe42f0b27fc0'),
 ('197', '1', '1', 'Mvt._I__Mei__Lan-Fang.mp3', 'audio', NULL, NULL, '6297111', '2013-08-27 14:01:54', '2013-08-27 14:01:54', '2013-08-27 14:01:54', '57efa7af-07e2-4796-98df-34ec48081325'),
 ('198', '1', '1', 'Mvt._I__Mei__Lan-Fang.ogg', 'video', NULL, NULL, '11012768', '2013-08-27 14:01:54', '2013-08-27 14:01:54', '2013-08-27 14:01:54', 'e294ed18-7a46-4436-8cc9-e58acc932fd8'),
 ('199', '2', '2', 'Mvt._I__Mei__Lan-Fang.json', NULL, NULL, NULL, '43345', '2013-08-27 14:02:02', '2013-08-27 14:02:02', '2013-08-27 14:02:02', 'a0f4fc7c-40cc-4ce4-bda5-bdeba26fe878'),
 ('201', '1', '1', 'Mvt._II__Recitative.mp3', 'audio', NULL, NULL, '5837368', '2013-08-27 14:04:02', '2013-08-27 14:04:02', '2013-08-27 14:04:02', '023eebf7-4b78-46a6-85d7-a9e5ef874795'),
 ('202', '1', '1', 'Mvt._II__Recitative.ogg', 'video', NULL, NULL, '10019559', '2013-08-27 14:04:02', '2013-08-27 14:04:03', '2013-08-27 14:04:03', 'e29ea667-4694-4f45-b600-0f88d1f2ba28'),
 ('203', '2', '2', 'Mvt._II__Recitative.json', NULL, NULL, NULL, '37571', '2013-08-27 14:04:13', '2013-08-27 14:04:13', '2013-08-27 14:04:13', '9b8a6d3d-fa33-41a4-a63c-9e04c931a554'),
 ('205', '1', '1', 'Ink_Painting.mp3', 'audio', NULL, NULL, '17449997', '2013-08-27 14:09:05', '2013-08-27 14:09:05', '2013-08-27 14:09:05', 'c7ea524f-568a-4508-8bb9-6de9eae4c10a'),
 ('206', '1', '1', 'Ink_Painting.ogg', 'video', NULL, NULL, '26119240', '2013-08-27 14:09:06', '2013-08-27 14:09:06', '2013-08-27 14:09:06', '767a0a9a-26c9-4cd0-aa1a-0cd031eb897b'),
 ('207', '2', '2', 'Ink_Painting.json', NULL, NULL, NULL, '104103', '2013-08-27 14:10:17', '2013-08-27 14:10:17', '2013-08-27 14:10:17', '77b86d23-9706-42d0-8f5d-b40c8566aeb4'),
 ('209', '1', '1', 'Tinkly_Jade.mp3', 'audio', NULL, NULL, '6190786', '2013-08-27 14:13:12', '2013-08-27 14:13:12', '2013-08-27 14:13:12', '20871cc5-0dcd-4cc3-b457-be1f78290822'),
 ('210', '1', '1', 'Tinkly_Jade.ogg', 'video', NULL, NULL, '14776288', '2013-08-27 14:13:12', '2013-08-27 14:13:13', '2013-08-27 14:13:13', '7be336ff-cd9b-4135-9dec-6d81525382aa'),
 ('211', '2', '2', 'Tinkly_Jade.json', NULL, NULL, NULL, '81317', '2013-08-27 14:14:13', '2013-08-27 14:14:13', '2013-08-27 14:14:13', '32a78738-d12e-4bf1-8704-3caaccfd8bff'),
 ('213', '1', '1', 'Ebb_and_Flow.mp3', 'audio', NULL, NULL, '12187196', '2013-08-27 14:16:37', '2013-08-27 14:16:38', '2013-08-27 14:16:38', 'af7ac225-4cc4-4684-865e-6e1d4ff6fe85'),
 ('214', '1', '1', 'Ebb_and_Flow.ogg', 'video', NULL, NULL, '19958966', '2013-08-27 14:16:38', '2013-08-27 14:16:38', '2013-08-27 14:16:38', 'eaafc475-fd5a-4534-b836-818a4da598a4'),
 ('215', '2', '2', 'Ebb_and_Flow.json', NULL, NULL, NULL, '84007', '2013-08-27 14:17:58', '2013-08-27 14:17:58', '2013-08-27 14:17:58', '200f11a4-18b7-40a9-9466-c7c9a8c36da8'),
 ('217', '1', '1', 'The_Four_Immeasurable.ogg', 'video', NULL, NULL, '17098678', '2013-08-27 14:21:15', '2013-08-27 14:21:15', '2013-08-27 14:21:15', '85d8764e-a8c2-4448-a215-17bc874c85c5'),
 ('218', '1', '1', 'The_Four_Immeasurable.mp3', 'audio', NULL, NULL, '20325940', '2013-08-27 14:21:15', '2013-08-27 14:21:16', '2013-08-27 14:21:16', '3cddbd01-a7cb-42ea-8a28-e4d33098c353'),
 ('219', '2', '2', 'The_Four_Immeasurable.json', NULL, NULL, NULL, '68515', '2013-08-27 14:21:27', '2013-08-27 14:21:27', '2013-08-27 14:21:27', '1ea7ba53-29ae-480c-ae0e-c735e176ca75'),
 ('221', '1', '1', 'Long-lived_Buddhism_Goddess_Sutra.ogg', 'video', NULL, NULL, '7301237', '2013-08-27 14:24:13', '2013-08-27 14:24:13', '2013-08-27 14:24:13', '729ed8fa-8870-48a6-9cd3-15bb943bcf35'),
 ('222', '1', '1', 'Long-lived_Buddhism_Goddess_Sutra.mp3', 'audio', NULL, NULL, '8758420', '2013-08-27 14:24:13', '2013-08-27 14:24:14', '2013-08-27 14:24:14', '1cd18b93-0733-4973-a704-5be123b7de3f'),
 ('223', '2', '2', 'Long-lived_Buddhism_Goddess_Sutra.json', NULL, NULL, NULL, '30852', '2013-08-27 14:24:27', '2013-08-27 14:24:27', '2013-08-27 14:24:27', 'a6dcc841-dfbd-4bc7-9c8a-3d63126cb05e'),
 ('225', '1', '1', 'V_to_Transformative_Lightness_of_Being.mp3', 'audio', NULL, NULL, '11637869', '2013-08-27 14:27:05', '2013-08-27 14:27:05', '2013-08-27 14:27:05', '70885d16-00e7-4759-9084-ae2b92db9e8b'),
 ('226', '1', '1', 'V_to_Transformative_Lightness_of_Being.ogg', 'video', NULL, NULL, '29309245', '2013-08-27 14:27:06', '2013-08-27 14:27:06', '2013-08-27 14:27:06', '10a75787-e086-416c-a6ce-e970da33c695'),
 ('227', '2', '2', 'V_to_Transformative_Lightness_of_Being.json', NULL, NULL, NULL, '153360', '2013-08-27 14:33:51', '2013-08-27 14:33:51', '2013-08-27 14:33:51', 'd3340d25-7f37-42a0-8c34-eecb115647c8'),
 ('229', '1', '1', 'Deep_-Movement_1__Deep_.ogg', 'video', NULL, NULL, '5320478', '2013-08-27 14:38:23', '2013-08-27 14:38:24', '2013-08-27 14:38:24', '3cec0b26-223c-4e69-a115-8a33eeec933d'),
 ('230', '1', '1', 'Deep_-Movement_1__Deep_.mp3', 'audio', NULL, NULL, '5818046', '2013-08-27 14:38:24', '2013-08-27 14:38:24', '2013-08-27 14:38:24', 'fc2a399d-772d-4582-b6f5-d44a5f8a1d68'),
 ('231', '2', '2', 'Deep_-Movement_1__Deep_.json', NULL, NULL, NULL, '17163', '2013-08-27 14:38:59', '2013-08-27 14:38:59', '2013-08-27 14:38:59', '9e430866-2c49-4272-8c34-acda218b3b38'),
 ('233', '1', '1', 'Deep_-Movement_2__Lament_.ogg', 'video', NULL, NULL, '14326272', '2013-08-27 14:50:08', '2013-08-27 14:50:08', '2013-08-27 14:50:08', '5133447e-481e-495a-a123-8bc6e0bb0099'),
 ('234', '1', '1', 'Deep_-Movement_2__Lament_.mp3', 'audio', NULL, NULL, '16729915', '2013-08-27 14:50:09', '2013-08-27 14:50:09', '2013-08-27 14:50:09', '91179ed7-7029-4785-9c06-6919324c25b1'),
 ('235', '2', '2', 'Deep_-Movement_2__Lament_.json', NULL, NULL, NULL, '45485', '2013-08-27 14:50:23', '2013-08-27 14:50:23', '2013-08-27 14:50:23', '621cfa2b-d842-4271-a430-17aa23f13cfb'),
 ('237', '1', '1', 'Deep_-Movement_3__Agony_.ogg', 'video', NULL, NULL, '7175196', '2013-08-27 14:54:23', '2013-08-27 14:54:23', '2013-08-27 14:54:23', 'ed9b0982-c03e-456d-bdab-da5f661b559e'),
 ('238', '1', '1', 'Deep_-Movement_3__Agony_.mp3', 'audio', NULL, NULL, '8039499', '2013-08-27 14:54:23', '2013-08-27 14:54:24', '2013-08-27 14:54:24', '047d20fa-e316-4029-ab66-a82fcd5c505d'),
 ('239', '2', '2', 'Deep_-Movement_3__Agony_.json', NULL, NULL, NULL, '23924', '2013-08-27 14:54:35', '2013-08-27 14:54:35', '2013-08-27 14:54:35', '51b184f2-b59a-4a0c-a9a5-eec2bcf1b51a'),
 ('243', '1', '1', 'Fleeting_Glimpse.ogg', 'video', NULL, NULL, '16441125', '2013-08-27 15:05:56', '2013-08-27 15:05:56', '2013-08-27 15:05:56', 'be48627e-c2f4-41c1-93fb-d06951c4eae6'),
 ('244', '1', '1', 'Fleeting_Glimpse.mp3', 'audio', NULL, NULL, '19711294', '2013-08-27 15:05:57', '2013-08-27 15:05:57', '2013-08-27 15:05:57', '222d01c6-b7af-4121-91ff-2bf387a7cfa1'),
 ('245', '2', '2', 'Fleeting_Glimpse.json', NULL, NULL, NULL, '60316', '2013-08-27 15:07:00', '2013-08-27 15:07:00', '2013-08-27 15:07:00', 'd1ca9f7c-188c-40c7-b7f1-4967db69237a'),
 ('247', '1', '1', 'Foreseeing.ogg', 'video', NULL, NULL, '24272406', '2013-08-27 15:13:02', '2013-08-27 15:13:02', '2013-08-27 15:13:02', '2e59235f-522a-4107-aff5-93946e671b22'),
 ('248', '1', '1', 'Foreseeing.mp3', 'audio', NULL, NULL, '27443924', '2013-08-27 15:13:03', '2013-08-27 15:13:04', '2013-08-27 15:13:04', 'a113b8b0-bb3c-41f0-a122-f937d37a2579'),
 ('249', '2', '2', 'Foreseeing.json', NULL, NULL, NULL, '92678', '2013-08-27 15:13:51', '2013-08-27 15:13:51', '2013-08-27 15:13:51', 'fff54efb-3c02-4509-94d8-56e172eddc4f'),
 ('251', '1', '1', 'Image__Mirage.ogg', 'video', NULL, NULL, '9811020', '2013-08-27 15:18:04', '2013-08-27 15:18:05', '2013-08-27 15:18:05', 'f52744b3-4c91-42a8-8c0d-b0a597f2b4da'),
 ('252', '1', '1', 'Image__Mirage.mp3', 'audio', NULL, NULL, '13516827', '2013-08-27 15:18:05', '2013-08-27 15:18:05', '2013-08-27 15:18:05', '97d3a297-896b-4b58-a1bd-36d874d32a03'),
 ('253', '2', '2', 'Image__Mirage.json', NULL, NULL, NULL, '38257', '2013-08-27 15:18:21', '2013-08-27 15:18:21', '2013-08-27 15:18:21', '4070bb40-8ef7-45fb-b3fe-9810ff58a677'),
 ('255', '1', '1', 'Image__Mirage__with_soundtrack_.mp3', 'audio', NULL, NULL, '4607379', '2013-08-27 15:22:59', '2013-08-27 15:23:00', '2013-08-27 15:23:00', 'f6acf323-ad39-4f50-b982-43b08a1e4268'),
 ('256', '1', '1', 'Image__Mirage__with_soundtrack_.ogg', 'video', NULL, NULL, '10025855', '2013-08-27 15:23:00', '2013-08-27 15:23:00', '2013-08-27 15:23:00', '87842cd9-7465-4043-8e9a-d2c944e3aff6'),
 ('257', '2', '2', 'Image__Mirage__with_soundtrack_.json', NULL, NULL, NULL, '56317', '2013-08-27 15:24:16', '2013-08-27 15:24:16', '2013-08-27 15:24:16', 'a0c36527-15bd-4cf0-a11f-69e3fb19aef7'),
 ('259', '1', '1', 'Lost_Time.mp3', 'audio', NULL, NULL, '2925636', '2013-08-27 15:30:26', '2013-08-27 15:30:26', '2013-08-27 15:30:26', 'abb148bd-973c-4334-a9be-b0e1b46dc940'),
 ('260', '1', '1', 'Lost_Time.ogg', 'video', NULL, NULL, '7022887', '2013-08-27 15:30:26', '2013-08-27 15:30:27', '2013-08-27 15:30:27', 'ac982bd5-2a49-4559-9ecb-42e9a9e37e11'),
 ('261', '2', '2', 'Lost_Time.json', NULL, NULL, NULL, '35204', '2013-08-27 15:30:42', '2013-08-27 15:30:42', '2013-08-27 15:30:42', '4d7de0cd-b952-4e98-922d-f65af16eba8e'),
 ('263', '1', '1', 'Resounding_Silence.mp3', 'audio', NULL, NULL, '5283413', '2013-08-27 15:34:33', '2013-08-27 15:34:34', '2013-08-27 15:34:34', '438e127d-1735-49c5-a259-a73b0e77e9e2'),
 ('264', '1', '1', 'Resounding_Silence.ogg', 'video', NULL, NULL, '12484707', '2013-08-27 15:34:34', '2013-08-27 15:34:34', '2013-08-27 15:34:34', '6d071871-312d-430f-9f6d-8528acf32576'),
 ('266', '2', '2', 'Resounding_Silence.json', NULL, NULL, NULL, '63738', '2013-08-27 15:35:34', '2013-08-27 15:35:34', '2013-08-27 15:35:34', 'b78bbc5a-ce23-43b4-92b2-06deda37d538'),
 ('267', '1', '1', 'Renascence.mp3', 'audio', NULL, NULL, '13173647', '2013-08-27 15:41:51', '2013-08-27 15:41:51', '2013-08-27 15:41:51', 'a4a5f5da-12ef-484d-b8d8-5b0cf415e923'),
 ('268', '1', '1', 'Renascence.ogg', 'video', NULL, NULL, '20147948', '2013-08-27 15:41:52', '2013-08-27 15:41:53', '2013-08-27 15:41:53', 'e5c509a0-c526-476d-9e32-8eb00e4d192d'),
 ('269', '2', '2', 'Renascence.json', NULL, NULL, NULL, '81651', '2013-08-27 15:44:33', '2013-08-27 15:44:33', '2013-08-27 15:44:33', 'd1c3af44-e42f-458c-bc7a-651bbea58af6'),
 ('271', '1', '1', 'Fisherman_s_Song.ogg', 'video', NULL, NULL, '19151150', '2013-08-27 15:47:36', '2013-08-27 15:47:37', '2013-08-27 15:47:37', '54f865d0-3b9e-4f7c-be1b-09ffb9542ca9'),
 ('272', '1', '1', 'Fisherman_s_Song.mp3', 'audio', NULL, NULL, '25903837', '2013-08-27 15:47:38', '2013-08-27 15:47:38', '2013-08-27 15:47:38', 'c80a9e4d-b7b4-44c1-bfa9-83529cf3df1b'),
 ('273', '2', '2', 'Fisherman_s_Song.json', NULL, NULL, NULL, '91373', '2013-08-27 15:50:20', '2013-08-27 15:50:20', '2013-08-27 15:50:20', '45e91387-7f17-4597-815e-89b0830b1523'),
 ('275', '1', '1', 'Novel_Sphere.mp3', 'audio', NULL, NULL, '4369398', '2013-08-27 15:54:14', '2013-08-27 15:54:15', '2013-08-27 15:54:15', 'cd270be9-f85c-400d-a19a-b1bea0c0d100'),
 ('276', '1', '1', 'Novel_Sphere.ogg', 'video', NULL, NULL, '6983978', '2013-08-27 15:54:15', '2013-08-27 15:54:15', '2013-08-27 15:54:15', '2a0e0f19-8ead-48ee-9fc0-e9574d3be9d4'),
 ('277', '2', '2', 'Novel_Sphere.json', NULL, NULL, NULL, '30473', '2013-08-27 15:54:27', '2013-08-27 15:54:27', '2013-08-27 15:54:27', '1753d220-dc32-45b9-9d05-2d84f8d0cec5'),
 ('279', '1', '1', 'Rainforest.ogg', 'video', NULL, NULL, '7133873', '2013-08-27 15:56:47', '2013-08-27 15:56:47', '2013-08-27 15:56:47', '36ab07c2-6b99-4015-bec5-6ee327a13839'),
 ('280', '1', '1', 'Rainforest.mp3', 'audio', NULL, NULL, '10664255', '2013-08-27 15:56:48', '2013-08-27 15:56:48', '2013-08-27 15:56:48', 'a921a588-cbd6-438e-ad83-e6421bc007c0'),
 ('281', '2', '2', 'Rainforest.json', NULL, NULL, NULL, '39948', '2013-08-27 15:57:41', '2013-08-27 15:57:41', '2013-08-27 15:57:41', 'ed4caefd-c33c-41b4-89b2-2274ae4b628d'),
 ('283', '1', '1', 'Family.ogg', 'video', NULL, NULL, '6060132', '2013-08-27 16:00:44', '2013-08-27 16:00:44', '2013-08-27 16:00:44', 'd95f4f1f-63c8-4a4f-b51c-58f0ba097356'),
 ('284', '1', '1', 'Family.mp3', 'audio', NULL, NULL, '6753381', '2013-08-27 16:00:45', '2013-08-27 16:00:45', '2013-08-27 16:00:45', '108a7e4d-7a32-4e2c-8ceb-fa480061b248'),
 ('285', '2', '2', 'Family.json', NULL, NULL, NULL, '20923', '2013-08-27 16:01:27', '2013-08-27 16:01:27', '2013-08-27 16:01:27', 'f1e3dbf8-8622-4ced-abc0-2c5bf23c44c3'),
 ('287', '1', '1', 'Heartbreak.ogg', 'video', NULL, NULL, '2025253', '2013-08-27 16:03:06', '2013-08-27 16:03:06', '2013-08-27 16:03:06', 'b982e595-d698-4e20-9612-3cf6aa36ca12'),
 ('288', '1', '1', 'Heartbreak.mp3', 'audio', NULL, NULL, '2333463', '2013-08-27 16:03:06', '2013-08-27 16:03:06', '2013-08-27 16:03:06', '93111010-16e3-4abc-bb55-6da409e4958c'),
 ('289', '2', '2', 'Heartbreak.json', NULL, NULL, NULL, '6922', '2013-08-27 16:03:19', '2013-08-27 16:03:19', '2013-08-27 16:03:19', '11ddaa54-4692-4fe0-963c-deb0908ba318'),
 ('291', '1', '1', 'Little_Village.ogg', 'video', NULL, NULL, '2802268', '2013-08-27 16:04:50', '2013-08-27 16:04:50', '2013-08-27 16:04:50', '22341666-5731-4f7e-b7af-efc1db4973fd'),
 ('292', '1', '1', 'Little_Village.mp3', 'audio', NULL, NULL, '3057573', '2013-08-27 16:04:51', '2013-08-27 16:04:51', '2013-08-27 16:04:51', '82c553a4-c058-415f-a1d9-a679197f9a1e'),
 ('293', '2', '2', 'Little_Village.json', NULL, NULL, NULL, '9476', '2013-08-27 16:05:05', '2013-08-27 16:05:05', '2013-08-27 16:05:05', '2031390a-87de-4df0-b365-138a639d1aff'),
 ('295', '1', '1', 'Nostalgia.ogg', 'video', NULL, NULL, '5144113', '2013-08-27 16:06:51', '2013-08-27 16:06:51', '2013-08-27 16:06:51', 'd036a4b7-2cdc-430e-b34c-66fa7a7f8c1f'),
 ('296', '1', '1', 'Nostalgia.mp3', 'audio', NULL, NULL, '5717887', '2013-08-27 16:06:52', '2013-08-27 16:06:52', '2013-08-27 16:06:52', 'd9159b39-58a8-4c56-a2f2-8a72e1beb1e3'),
 ('297', '2', '2', 'Nostalgia.json', NULL, NULL, NULL, '18035', '2013-08-27 16:07:29', '2013-08-27 16:07:29', '2013-08-27 16:07:29', '88120db2-1c75-4f3b-a26a-25f27d50ae30'),
 ('299', '1', '1', 'On_the_Road.mp3', 'audio', NULL, NULL, '4257118', '2013-08-27 16:09:05', '2013-08-27 16:09:05', '2013-08-27 16:09:05', '749ac43f-0b91-4121-b9c9-b0f7d060ce67'),
 ('300', '1', '1', 'On_the_Road.ogg', 'video', NULL, NULL, '3570590', '2013-08-27 16:09:06', '2013-08-27 16:09:06', '2013-08-27 16:09:06', '99e517d3-9682-41cb-b79b-6f5aa078ad30'),
 ('301', '2', '2', 'On_the_Road.json', NULL, NULL, NULL, '12446', '2013-08-27 16:09:29', '2013-08-27 16:09:29', '2013-08-27 16:09:29', 'fc06b19c-df12-4b48-ad1b-54a0d643825f');
COMMIT;


--
-- Schema for table `craft_assetfolders`
--

DROP TABLE IF EXISTS `craft_assetfolders`;

CREATE TABLE `craft_assetfolders` (
  `id` int(11) NOT NULL AUTO_INCREMENT,
  `parentId` int(11) DEFAULT NULL,
  `sourceId` int(11) NOT NULL,
  `name` varchar(255) COLLATE utf8_unicode_ci NOT NULL,
  `fullPath` varchar(255) COLLATE utf8_unicode_ci DEFAULT NULL,
  `dateCreated` datetime NOT NULL,
  `dateUpdated` datetime NOT NULL,
  `uid` char(36) COLLATE utf8_unicode_ci NOT NULL DEFAULT '0',
  PRIMARY KEY (`id`),
  UNIQUE KEY `craft_assetfolders_name_parentId_sourceId_unq_idx` (`name`,`parentId`,`sourceId`),
  KEY `craft_assetfolders_parentId_fk` (`parentId`),
  KEY `craft_assetfolders_sourceId_fk` (`sourceId`)
) ENGINE=InnoDB AUTO_INCREMENT=7 DEFAULT CHARSET=utf8 COLLATE=utf8_unicode_ci;

--
-- Data for table `craft_assetfolders`
--

BEGIN;
INSERT INTO `craft_assetfolders` (`id`, `parentId`, `sourceId`, `name`, `fullPath`, `dateCreated`, `dateUpdated`, `uid`) VALUES
 ('1', NULL, '1', 'song', '', '2013-06-13 18:06:23', '2013-06-13 18:10:24', '7f96a7ae-591b-4c9c-90b1-4fca3f15bfea'),
 ('2', NULL, '2', 'song-data', '', '2013-06-13 18:08:27', '2013-06-13 18:08:27', '9787265a-427b-4582-af32-0e4cff80e6b3'),
 ('3', NULL, '3', 'song-artwork', '', '2013-06-13 18:09:49', '2013-06-17 01:46:47', '24e9233c-4010-4382-9a7d-e7455e5b5e22'),
 ('4', NULL, '4', 'album-cover', '', '2013-06-17 02:11:02', '2013-06-17 02:11:02', 'f4b23838-1178-48d9-819a-d23af7d99c13'),
 ('5', NULL, '5', 'downloads', '', '2013-07-21 18:49:11', '2013-07-21 18:49:11', '72ba77cf-54b0-43ba-bd2d-688995e0051d'),
 ('6', NULL, '6', 'miscellaneous', '', '2013-07-21 19:28:10', '2013-07-21 19:28:28', '09717837-6785-40c3-b165-96cdbb17bf93');
COMMIT;


--
-- Schema for table `craft_assetindexdata`
--

DROP TABLE IF EXISTS `craft_assetindexdata`;

CREATE TABLE `craft_assetindexdata` (
  `id` int(11) NOT NULL AUTO_INCREMENT,
  `sessionId` varchar(36) COLLATE utf8_unicode_ci NOT NULL DEFAULT '',
  `sourceId` int(10) NOT NULL,
  `offset` int(10) NOT NULL,
  `uri` varchar(255) COLLATE utf8_unicode_ci DEFAULT NULL,
  `size` int(10) DEFAULT NULL,
  `recordId` int(10) DEFAULT NULL,
  `dateCreated` datetime NOT NULL,
  `dateUpdated` datetime NOT NULL,
  `uid` char(36) COLLATE utf8_unicode_ci NOT NULL DEFAULT '0',
  PRIMARY KEY (`id`),
  UNIQUE KEY `craft_assetindexdata_sessionId_sourceId_offset_unq_idx` (`sessionId`,`sourceId`,`offset`),
  KEY `craft_assetindexdata_sourceId_fk` (`sourceId`)
) ENGINE=InnoDB DEFAULT CHARSET=utf8 COLLATE=utf8_unicode_ci;

--
-- Schema for table `craft_assetsources`
--

DROP TABLE IF EXISTS `craft_assetsources`;

CREATE TABLE `craft_assetsources` (
  `id` int(11) NOT NULL AUTO_INCREMENT,
  `name` varchar(100) COLLATE utf8_unicode_ci NOT NULL,
  `type` char(150) COLLATE utf8_unicode_ci NOT NULL,
  `settings` text COLLATE utf8_unicode_ci,
  `sortOrder` tinyint(4) DEFAULT NULL,
  `dateCreated` datetime NOT NULL,
  `dateUpdated` datetime NOT NULL,
  `uid` char(36) COLLATE utf8_unicode_ci NOT NULL DEFAULT '0',
  PRIMARY KEY (`id`),
  UNIQUE KEY `craft_assetsources_name_unq_idx` (`name`)
) ENGINE=InnoDB AUTO_INCREMENT=7 DEFAULT CHARSET=utf8 COLLATE=utf8_unicode_ci;

--
-- Data for table `craft_assetsources`
--

BEGIN;
INSERT INTO `craft_assetsources` (`id`, `name`, `type`, `settings`, `sortOrder`, `dateCreated`, `dateUpdated`, `uid`) VALUES
 ('1', 'song', 'Local', '{\"path\":\"assets\\/upload\\/song\\/\",\"url\":\"assets\\/upload\\/song\\/\"}', '1', '2013-06-13 18:06:23', '2013-06-14 04:57:16', '099cda60-ad41-4312-a9fa-3c9101cf9589'),
 ('2', 'song-data', 'Local', '{\"path\":\"assets\\/upload\\/song-data\\/\",\"url\":\"assets\\/upload\\/song-data\\/\"}', '2', '2013-06-13 18:08:27', '2013-06-14 04:59:13', '62dc4e40-49d7-47c2-8273-e9994db9fe8f'),
 ('3', 'song-artwork', 'Local', '{\"path\":\"assets\\/upload\\/song-artwork\\/\",\"url\":\"assets\\/upload\\/song-artwork\\/\"}', '3', '2013-06-13 18:09:49', '2013-06-17 01:46:47', '6af5563a-b2f8-4613-86fc-a4c1a38ea930'),
 ('4', 'album-cover', 'Local', '{\"path\":\"assets\\/upload\\/album-cover\\/\",\"url\":\"assets\\/upload\\/album-cover\\/\"}', '4', '2013-06-17 02:11:02', '2013-06-17 02:11:18', '1498e777-9b81-4149-b509-372c4d4b7c19'),
 ('5', 'downloads', 'Local', '{\"path\":\"assets\\/upload\\/downloads\\/\",\"url\":\"assets\\/upload\\/downloads\\/\"}', '5', '2013-07-21 18:49:11', '2013-07-21 18:49:25', '51cef05b-76fc-412f-8937-e772063e2e6d'),
 ('6', 'miscellaneous', 'Local', '{\"path\":\"assets\\/upload\\/miscellaneous\\/\",\"url\":\"assets\\/upload\\/miscellaneous\\/\"}', '6', '2013-07-21 19:28:10', '2013-07-21 19:28:28', '8c9ab8a1-0d91-4a67-9fda-d28c6c18885a');
COMMIT;


--
-- Schema for table `craft_assettransformindex`
--

DROP TABLE IF EXISTS `craft_assettransformindex`;

CREATE TABLE `craft_assettransformindex` (
  `id` int(11) NOT NULL AUTO_INCREMENT,
  `fileId` int(11) NOT NULL,
  `location` varchar(255) COLLATE utf8_unicode_ci NOT NULL,
  `sourceId` int(11) NOT NULL,
  `fileExists` tinyint(1) DEFAULT NULL,
  `inProgress` tinyint(1) DEFAULT NULL,
  `dateIndexed` datetime DEFAULT NULL,
  `dateCreated` datetime NOT NULL,
  `dateUpdated` datetime NOT NULL,
  `uid` char(36) COLLATE utf8_unicode_ci NOT NULL DEFAULT '0',
  PRIMARY KEY (`id`),
  KEY `craft_assettransformindex_sourceId_fileId_location_idx` (`sourceId`,`fileId`,`location`)
) ENGINE=InnoDB AUTO_INCREMENT=17 DEFAULT CHARSET=utf8 COLLATE=utf8_unicode_ci;

--
-- Data for table `craft_assettransformindex`
--

BEGIN;
INSERT INTO `craft_assettransformindex` (`id`, `fileId`, `location`, `sourceId`, `fileExists`, `inProgress`, `dateIndexed`, `dateCreated`, `dateUpdated`, `uid`) VALUES
 ('1', '13', '_100x100_crop_center-center', '3', '1', '0', '2013-06-14 05:10:34', '2013-06-14 05:10:35', '2013-06-14 05:10:36', '9ac19399-34af-493a-9afd-82ebb5c8f801'),
 ('2', '13', '_200x200_crop_center-center', '3', '1', '0', '2013-06-14 05:10:35', '2013-06-14 05:10:35', '2013-06-14 05:10:36', '683d8995-6d37-427b-a1bf-a1378d4ffad3'),
 ('3', '24', '_100x100_crop_center-center', '3', '1', '0', '2013-06-20 20:28:50', '2013-06-20 20:28:50', '2013-06-20 20:28:51', '07e76c39-df19-4f8d-99c7-9740624f891c'),
 ('4', '24', '_200x200_crop_center-center', '3', '1', '0', '2013-06-20 20:28:50', '2013-06-20 20:28:50', '2013-06-20 20:28:52', '7e8f6593-710a-4a38-b64b-98560ef3adf0'),
 ('5', '23', '_100x100_crop_center-center', '3', '1', '0', '2013-06-20 20:28:50', '2013-06-20 20:28:50', '2013-06-20 20:28:51', 'dccc8ea8-b384-4147-855a-70a11fcb49b6'),
 ('6', '23', '_200x200_crop_center-center', '3', '1', '0', '2013-06-20 20:28:50', '2013-06-20 20:28:50', '2013-06-20 20:28:52', 'f57e758a-5c95-4352-b7ae-f2c8f5561a5f'),
 ('7', '16', '_100x100_crop_center-center', '3', '1', '0', '2013-06-20 20:28:50', '2013-06-20 20:28:50', '2013-06-20 20:28:52', '7f5a44ee-29f9-4b33-a523-4265f322fc98'),
 ('8', '16', '_200x200_crop_center-center', '3', '1', '0', '2013-06-20 20:28:50', '2013-06-20 20:28:50', '2013-06-20 20:28:52', '5e4c214b-b20c-43fc-940b-b46b9379b0ba'),
 ('9', '21', '_100x100_crop_center-center', '3', '1', '0', '2013-06-20 20:28:50', '2013-06-20 20:28:50', '2013-06-20 20:28:52', 'c5b42bcf-7194-4432-967d-b55af638bc17'),
 ('10', '21', '_200x200_crop_center-center', '3', '1', '0', '2013-06-20 20:28:50', '2013-06-20 20:28:50', '2013-06-20 20:28:53', '032be2a1-a66f-4284-9e3e-56c358dd4f6b'),
 ('13', '29', '_100x100_crop_center-center', '4', '1', '0', '2013-06-29 22:14:13', '2013-06-29 22:14:13', '2013-06-29 22:14:14', 'abf7c794-d270-4575-90f5-86ad4da12007'),
 ('14', '29', '_200x200_crop_center-center', '4', '1', '0', '2013-06-29 22:14:13', '2013-06-29 22:14:13', '2013-06-29 22:14:14', 'fa292500-58c3-475a-bf1b-ee5df89aa20a'),
 ('15', '30', '_100x100_crop_center-center', '4', '1', '0', '2013-06-29 22:21:23', '2013-06-29 22:21:23', '2013-06-29 22:21:24', '88148545-cd9d-4ccf-812c-eb0c578c2831'),
 ('16', '30', '_200x200_crop_center-center', '4', '1', '0', '2013-06-29 22:21:23', '2013-06-29 22:21:23', '2013-06-29 22:21:23', '971076cc-944c-4c73-a592-bd3ba7092e8b');
COMMIT;


--
-- Schema for table `craft_assettransforms`
--

DROP TABLE IF EXISTS `craft_assettransforms`;

CREATE TABLE `craft_assettransforms` (
  `id` int(11) NOT NULL AUTO_INCREMENT,
  `name` varchar(255) COLLATE utf8_unicode_ci NOT NULL,
  `handle` varchar(255) COLLATE utf8_unicode_ci NOT NULL,
  `mode` enum('stretch','fit','crop') COLLATE utf8_unicode_ci NOT NULL DEFAULT 'crop',
  `position` enum('top-left','top-center','top-right','center-left','center-center','center-right','bottom-left','bottom-center','bottom-right') COLLATE utf8_unicode_ci NOT NULL DEFAULT 'center-center',
  `height` int(10) DEFAULT NULL,
  `width` int(10) DEFAULT NULL,
  `dimensionChangeTime` datetime DEFAULT NULL,
  `dateCreated` datetime NOT NULL,
  `dateUpdated` datetime NOT NULL,
  `uid` char(36) COLLATE utf8_unicode_ci NOT NULL DEFAULT '0',
  PRIMARY KEY (`id`),
  UNIQUE KEY `craft_assettransforms_name_unq_idx` (`name`),
  UNIQUE KEY `craft_assettransforms_handle_unq_idx` (`handle`)
) ENGINE=InnoDB DEFAULT CHARSET=utf8 COLLATE=utf8_unicode_ci;

--
-- Schema for table `craft_content`
--

DROP TABLE IF EXISTS `craft_content`;

CREATE TABLE `craft_content` (
  `id` int(11) NOT NULL AUTO_INCREMENT,
  `elementId` int(11) NOT NULL,
  `locale` char(12) COLLATE utf8_unicode_ci NOT NULL,
  `title` varchar(255) COLLATE utf8_unicode_ci DEFAULT NULL,
  `heading` varchar(255) COLLATE utf8_unicode_ci DEFAULT NULL,
  `body` text COLLATE utf8_unicode_ci,
  `description` text COLLATE utf8_unicode_ci,
  `instruments` text COLLATE utf8_unicode_ci,
  `duration` text COLLATE utf8_unicode_ci,
  `performers` text COLLATE utf8_unicode_ci,
  `video` varchar(255) COLLATE utf8_unicode_ci DEFAULT NULL,
  `mediaFormat` varchar(255) COLLATE utf8_unicode_ci DEFAULT NULL,
  `year` smallint(4) unsigned DEFAULT NULL,
  `emailHeading` varchar(255) COLLATE utf8_unicode_ci DEFAULT NULL,
  `emailAddress` varchar(255) COLLATE utf8_unicode_ci DEFAULT NULL,
  `socialHeading` varchar(255) COLLATE utf8_unicode_ci DEFAULT NULL,
  `facebookUrl` varchar(255) COLLATE utf8_unicode_ci DEFAULT NULL,
  `twitterUrl` varchar(255) COLLATE utf8_unicode_ci DEFAULT NULL,
  `googlePlusUrl` varchar(255) COLLATE utf8_unicode_ci DEFAULT NULL,
  `fromName` varchar(255) COLLATE utf8_unicode_ci DEFAULT NULL,
  `fromEmail` varchar(255) COLLATE utf8_unicode_ci DEFAULT NULL,
  `message` varchar(255) COLLATE utf8_unicode_ci DEFAULT NULL,
  `messageFormHeading` varchar(255) COLLATE utf8_unicode_ci DEFAULT NULL,
  `awardList` text COLLATE utf8_unicode_ci,
  `subHeading` varchar(255) COLLATE utf8_unicode_ci DEFAULT NULL,
  `authorName` varchar(255) COLLATE utf8_unicode_ci DEFAULT NULL,
  `authorUrl` varchar(255) COLLATE utf8_unicode_ci DEFAULT NULL,
  `workTitle` varchar(255) COLLATE utf8_unicode_ci DEFAULT NULL,
  `workUrl` varchar(255) COLLATE utf8_unicode_ci DEFAULT NULL,
  `brief` text COLLATE utf8_unicode_ci,
  `career` text COLLATE utf8_unicode_ci,
  `press` text COLLATE utf8_unicode_ci,
  `subject` varchar(255) COLLATE utf8_unicode_ci DEFAULT NULL,
  `allowDownload` varchar(255) COLLATE utf8_unicode_ci DEFAULT NULL,
  `linkedinUrl` varchar(255) COLLATE utf8_unicode_ci DEFAULT NULL,
  `youtubeUrl` varchar(255) COLLATE utf8_unicode_ci DEFAULT NULL,
  `vimeoUrl` varchar(255) COLLATE utf8_unicode_ci DEFAULT NULL,
  `metaKeywords` varchar(255) COLLATE utf8_unicode_ci DEFAULT NULL,
  `metaDescription` varchar(255) COLLATE utf8_unicode_ci DEFAULT NULL,
  `token` varchar(255) COLLATE utf8_unicode_ci DEFAULT NULL,
  `emailOwner` varchar(255) COLLATE utf8_unicode_ci DEFAULT NULL,
  `dateCreated` datetime NOT NULL,
  `dateUpdated` datetime NOT NULL,
  `uid` char(36) COLLATE utf8_unicode_ci NOT NULL DEFAULT '0',
  PRIMARY KEY (`id`),
  UNIQUE KEY `craft_content_elementId_locale_unq_idx` (`elementId`,`locale`),
  KEY `craft_content_locale_fk` (`locale`),
  KEY `craft_content_title_idx` (`title`)
) ENGINE=InnoDB AUTO_INCREMENT=302 DEFAULT CHARSET=utf8 COLLATE=utf8_unicode_ci;

--
-- Data for table `craft_content`
--

BEGIN;
INSERT INTO `craft_content` (`id`, `elementId`, `locale`, `title`, `heading`, `body`, `description`, `instruments`, `duration`, `performers`, `video`, `mediaFormat`, `year`, `emailHeading`, `emailAddress`, `socialHeading`, `facebookUrl`, `twitterUrl`, `googlePlusUrl`, `fromName`, `fromEmail`, `message`, `messageFormHeading`, `awardList`, `subHeading`, `authorName`, `authorUrl`, `workTitle`, `workUrl`, `brief`, `career`, `press`, `subject`, `allowDownload`, `linkedinUrl`, `youtubeUrl`, `vimeoUrl`, `metaKeywords`, `metaDescription`, `token`, `emailOwner`, `dateCreated`, `dateUpdated`, `uid`) VALUES
 ('3', '4', 'en_us', 'the school of artist', NULL, NULL, '<p>\r\n	        This is the song description.\r\n</p>', '[{\"col1\":\"\"}]', '0000-00-00 00:00:00', '', '', 'audio', '1999', NULL, NULL, NULL, NULL, NULL, NULL, NULL, NULL, NULL, NULL, NULL, NULL, NULL, NULL, NULL, NULL, NULL, NULL, NULL, NULL, 'n', NULL, NULL, NULL, NULL, NULL, NULL, NULL, '2013-06-13 20:42:35', '2013-08-01 01:32:24', '7e559572-c549-472f-8bc1-8cfed1cc048c'),
 ('5', '6', 'en_us', NULL, NULL, NULL, NULL, NULL, NULL, NULL, NULL, NULL, NULL, NULL, NULL, NULL, NULL, NULL, NULL, NULL, NULL, NULL, NULL, NULL, NULL, NULL, NULL, NULL, NULL, 'Lorem ipsum dolor sit amet, consectetur adipiscing elit. Morbi commodo arcu at lorem fermentum imperdiet. Vivamus vel porttitor enim, sed viverra turpis. Aliquam vestibulum elementum volutpat. Curabitur varius pretium magna sit amet molestie. Nunc lobortis adipiscing arcu, sed fermentum velit elementum nec. Ut condimentum vulputate varius. Donec mattis, enim a ullamcorper tincidunt, neque nunc ultrices erat, vel sagittis ligula nibh eget mauris.', 'Vivamus augue mauris, dignissim id ultrices nec, consectetur ut nisi. Fusce iaculis, erat eget pellentesque rutrum, sem enim pretium nisl, quis consectetur ante nulla lobortis eros. Suspendisse hendrerit consectetur lacinia. Phasellus luctus massa eget pulvinar vestibulum. Ut et lectus et nibh sagittis ornare eu vel urna. Aenean ullamcorper dui id elementum luctus. Mauris porta ante dolor, a rhoncus diam vestibulum et. Sed volutpat quam id vulputate ultrices. Phasellus nec eleifend lorem. Nunc vestibulum sodales leo. Pellentesque eleifend felis massa. Pellentesque auctor vestibulum quam, quis malesuada eros vestibulum id. Praesent convallis rhoncus pulvinar. Sed bibendum nec orci sed posuere. Aliquam eu suscipit nisi. Proin tristique nibh vitae lobortis tincidunt.', 'The other premiere (played by all four musicians) was contemporary composer Chen Hsin-Leis By the Light of Nature, a musical realization of the concept of nothingness or blankness, described in the notes as one of the spiritual cores of Chinese art. To give you a partial idea of that concept, imagine something that is hidden from you, like a village that you cant see because theres a mountain in front of it. This most impressive work included some apparently pre-recorded digital sounds.', NULL, NULL, NULL, NULL, NULL, NULL, NULL, 'biography', NULL, '2013-06-13 20:56:34', '2013-07-22 01:29:11', '45085120-a97d-4346-9d2d-d633d94a6822'),
 ('6', '8', 'en_us', NULL, NULL, NULL, NULL, NULL, NULL, NULL, NULL, NULL, NULL, NULL, NULL, NULL, NULL, NULL, NULL, NULL, NULL, NULL, NULL, '[{\"col1\":\"Creative Industry Project Award\",\"col4\":\"Council doe Cultural\",\"col2\":\"2010\",\"col3\":\"\"},{\"col1\":\"College-Conservatory of Music\",\"col4\":\"University of Cincinnati Orchestral Work Competition\",\"col2\":\"2007\",\"col3\":\"\"},{\"col1\":\"Next Master Work Award\",\"col4\":\"ERM Media\",\"col2\":\"2006\",\"col3\":\"\"},{\"col1\":\"Third Place and Audience Special Award\",\"col4\":\"Formosa Composition Competition\",\"col2\":\"2004\",\"col3\":\"\"}]', NULL, NULL, NULL, NULL, NULL, NULL, NULL, NULL, NULL, NULL, NULL, NULL, NULL, NULL, NULL, 'awards', NULL, '2013-06-13 21:10:30', '2013-08-01 02:24:16', 'e3eae87a-00a1-4510-a68a-451d28d0ff2b'),
 ('7', '10', 'en_us', NULL, 'Hsin-Lei Chen', NULL, NULL, NULL, NULL, NULL, NULL, NULL, NULL, NULL, NULL, NULL, NULL, NULL, NULL, NULL, NULL, NULL, NULL, NULL, 'composer', NULL, NULL, NULL, NULL, NULL, NULL, NULL, NULL, NULL, NULL, NULL, NULL, NULL, NULL, 'home', NULL, '2013-06-13 21:22:42', '2013-07-22 01:29:22', 'e3811593-9e59-4ede-9729-c347d08ce2df'),
 ('8', '13', 'en_us', 'album-background-example-1', NULL, NULL, NULL, NULL, NULL, NULL, NULL, NULL, NULL, NULL, NULL, NULL, NULL, NULL, NULL, NULL, NULL, NULL, NULL, NULL, NULL, 'Unknown Author', 'http://www.google.com', 'Unknown Work Title', 'http://www.sina.com.cn', NULL, NULL, NULL, NULL, NULL, NULL, NULL, NULL, NULL, NULL, NULL, NULL, '2013-06-14 05:10:13', '2013-08-01 01:32:25', '1d5abe66-9d62-4634-8386-1a01b18320aa'),
 ('10', '7', 'en_us', NULL, NULL, NULL, NULL, NULL, NULL, NULL, NULL, NULL, NULL, 'e-mail', 'joe@joeonmars.com', 'social network', 'http://www.facebook.com/', 'http://www.twitter.com/', 'http://www.google.com/plus/', 'Your name', 'Your email', 'Please write down your message', 'leave your message', NULL, NULL, NULL, NULL, NULL, NULL, NULL, NULL, NULL, 'Subject', NULL, 'http://www.linkedin.com/', 'http://www.youtube.com/', 'http://www.vimeo.com/', NULL, NULL, 'contact', 'Hsin-Lei Chen', '2013-06-15 16:17:26', '2013-07-29 01:01:00', '9600636e-dc6c-43a7-9663-05ad5c26610f'),
 ('11', '17', 'en_us', 'the spinning song', NULL, NULL, '<p>\r\n	 Lorem ipsum dolor sit amet, consectetur adipiscing elit. Nullam id purus mauris. Morbi dapibus augue sapien, eget ultricies diam consequat vitae. Praesent lacus ante, ornare at libero a, volutpat volutpat erat. Etiam non convallis diam. Duis sed magna tincidunt velit dignissim mattis. Proin placerat sagittis purus, sed aliquam nunc rutrum vel. Maecenas sit amet luctus felis. Sed scelerisque vitae magna a malesuada. Nullam id aliquet neque, eget pulvinar sem. Aliquam mattis urna et semper porta. Pellentesque sed lacus ullamcorper, faucibus velit venenatis, vestibulum ipsum. Aliquam ante dui, fermentum quis mi et, laoreet faucibus lacus. Vestibulum sit amet nunc vitae felis ornare malesuada sed vel ante. Proin ante sapien, tristique quis turpis nec, commodo luctus tortor. Donec vel risus ligula. Suspendisse diam sem, pulvinar sed velit non, ullamcorper viverra erat.\r\n</p>\r\n<p>\r\n	 Phasellus at orci vitae ipsum suscipit dignissim semper sed sapien. Vestibulum ante ipsum primis in faucibus orci luctus et ultrices posuere cubilia Curae; Phasellus augue justo, pellentesque nec mi quis, posuere tempus mi. Suspendisse sit amet scelerisque urna. Sed mollis odio non velit dignissim luctus. Ut tortor velit, tristique et porttitor quis, sagittis non purus. Phasellus at nisi varius, mollis tortor eget, eleifend ipsum. Interdum et malesuada fames ac ante ipsum primis in faucibus. Lorem ipsum dolor sit amet, consectetur adipiscing elit.\r\n</p>', '[{\"col1\":\"piano\"},{\"col1\":\"guitar\"}]', '0000-00-00 00:00:00', 'Calvin Cui', '', 'audio', '1980', NULL, NULL, NULL, NULL, NULL, NULL, NULL, NULL, NULL, NULL, NULL, NULL, NULL, NULL, NULL, NULL, NULL, NULL, NULL, NULL, 'y', NULL, NULL, NULL, NULL, NULL, NULL, NULL, '2013-06-17 06:48:19', '2013-08-01 01:32:24', '13ec685d-d0d5-4157-ba57-0cdf852a9488'),
 ('12', '26', 'en_us', 'In the Darkest Night, We Sing......', NULL, NULL, '', '[{\"col1\":\"Marimba\"},{\"col1\":\"Harp\"}]', '8:14', '[{\"col1\":\"Marimba\",\"col2\":\"Brian Graiser\"},{\"col1\":\"Harp\",\"col2\":\"Liya Huang\"}]', '', 'audio', '2012', NULL, NULL, NULL, NULL, NULL, NULL, NULL, NULL, NULL, NULL, NULL, NULL, NULL, NULL, NULL, NULL, NULL, NULL, NULL, NULL, 'n', NULL, NULL, NULL, NULL, NULL, NULL, NULL, '2013-06-20 03:50:08', '2013-08-26 21:55:11', 'e8c09e95-5db8-49e5-a9f8-6a1b2bd105fe'),
 ('13', '33', 'en_us', 'Norcturne Op.37', NULL, NULL, '<p>\r\n	    Lorem ipsum dolor sit amet, consectetur adipiscing elit. Morbi posuere ligula justo, in condimentum tortor venenatis a. Vestibulum ante ipsum primis in faucibus orci luctus et ultrices posuere cubilia Curae; Nullam tellus urna, eleifend vel nulla sit amet, ullamcorper ultricies neque. Aliquam cursus elementum leo quis eleifend. Nulla feugiat ultrices consequat. Mauris a ligula gravida, laoreet orci pulvinar, imperdiet dolor. Donec vehicula sagittis sapien. Aenean lorem nisi, auctor vel vehicula semper, imperdiet at erat. Pellentesque suscipit, lorem non fermentum luctus, magna leo facilisis mi, viverra convallis purus elit nec est. Vivamus varius, leo at viverra lobortis, nunc urna malesuada urna, in commodo tortor libero egestas mauris. Vestibulum vel tellus sed erat lobortis sollicitudin vel id tellus. Sed at dolor eu nunc feugiat fringilla. Proin nec lorem consequat, auctor libero eget, euismod libero. Quisque ornare pellentesque felis, sed interdum nisi pulvinar non. Fusce vitae quam eget massa sodales tristique. Etiam euismod odio diam, vitae rutrum arcu lobortis sit amet.\r\n</p>', '[{\"col1\":\"Piano\"}]', '0000-00-00 00:00:00', 'Yixiong Zhou', '', 'audio', '2010', NULL, NULL, NULL, NULL, NULL, NULL, NULL, NULL, NULL, NULL, NULL, NULL, NULL, NULL, NULL, NULL, NULL, NULL, NULL, NULL, 'y', NULL, NULL, NULL, NULL, NULL, NULL, NULL, '2013-07-17 02:17:42', '2013-08-01 01:32:24', 'a56a1e43-9fac-47eb-b7a7-db44a34a1a87'),
 ('14', '44', 'en_us', NULL, NULL, NULL, NULL, NULL, NULL, NULL, NULL, NULL, NULL, NULL, NULL, NULL, NULL, NULL, NULL, NULL, NULL, NULL, NULL, NULL, NULL, NULL, NULL, NULL, NULL, NULL, NULL, NULL, NULL, NULL, NULL, NULL, NULL, NULL, NULL, NULL, NULL, '2013-07-21 18:52:57', '2013-07-21 18:52:57', '977a7e2d-9843-4e2c-a143-9e0b3644db97'),
 ('15', '45', 'en_us', NULL, NULL, NULL, NULL, NULL, NULL, NULL, NULL, NULL, NULL, NULL, NULL, NULL, NULL, NULL, NULL, NULL, NULL, NULL, NULL, NULL, NULL, NULL, NULL, NULL, NULL, NULL, NULL, NULL, NULL, NULL, NULL, NULL, NULL, 'Hsin-Lei Chen composer indie music', 'Musical composer Hsin-Lei Chen\'s portfolio website.', NULL, NULL, '2013-07-21 19:22:11', '2013-07-21 19:22:11', '7c80debf-6bdb-40ed-ba7c-97b7fa4acf12'),
 ('22', '29', 'en_us', 'album-2-cover', NULL, NULL, NULL, NULL, NULL, NULL, NULL, NULL, NULL, NULL, NULL, NULL, NULL, NULL, NULL, NULL, NULL, NULL, NULL, NULL, NULL, NULL, NULL, NULL, NULL, NULL, NULL, NULL, NULL, NULL, NULL, NULL, NULL, NULL, NULL, NULL, NULL, '2013-08-01 01:32:25', '2013-08-01 01:32:25', '7160dc74-e6d7-4688-bee7-5cd5e2f84429'),
 ('24', '30', 'en_us', 'album-cover', NULL, NULL, NULL, NULL, NULL, NULL, NULL, NULL, NULL, NULL, NULL, NULL, NULL, NULL, NULL, NULL, NULL, NULL, NULL, NULL, NULL, NULL, NULL, NULL, NULL, NULL, NULL, NULL, NULL, NULL, NULL, NULL, NULL, NULL, NULL, NULL, NULL, '2013-08-01 01:32:25', '2013-08-01 01:32:25', '91068940-665a-450c-b2c6-ee94375bbcd2'),
 ('25', '37', 'en_us', 'Arthur Rubinstein - Chopin Nocturne Op. 37  No. 2 in G', NULL, NULL, NULL, NULL, NULL, NULL, NULL, NULL, NULL, NULL, NULL, NULL, NULL, NULL, NULL, NULL, NULL, NULL, NULL, NULL, NULL, NULL, NULL, NULL, NULL, NULL, NULL, NULL, NULL, NULL, NULL, NULL, NULL, NULL, NULL, NULL, NULL, '2013-08-01 01:32:25', '2013-08-01 01:32:25', '5f276122-e2b3-4b5e-8424-bc08bd51166c'),
 ('26', '31', 'en_us', 'Arthur Rubinstein - Chopin Nocturne Op. 37  No. 2 in G', NULL, NULL, NULL, NULL, NULL, NULL, NULL, NULL, NULL, NULL, NULL, NULL, NULL, NULL, NULL, NULL, NULL, NULL, NULL, NULL, NULL, NULL, NULL, NULL, NULL, NULL, NULL, NULL, NULL, NULL, NULL, NULL, NULL, NULL, NULL, NULL, NULL, '2013-08-01 01:32:25', '2013-08-01 01:32:25', 'e571cdeb-8d38-48d7-b502-afb9a5af14f8'),
 ('27', '32', 'en_us', 'Arthur Rubinstein - Chopin Nocturne Op. 37  No. 2 in G', NULL, NULL, NULL, NULL, NULL, NULL, NULL, NULL, NULL, NULL, NULL, NULL, NULL, NULL, NULL, NULL, NULL, NULL, NULL, NULL, NULL, NULL, NULL, NULL, NULL, NULL, NULL, NULL, NULL, NULL, NULL, NULL, NULL, NULL, NULL, NULL, NULL, '2013-08-01 01:32:25', '2013-08-01 01:32:25', 'ff84ac26-ab93-4188-a0a2-c06840ee6f6f'),
 ('28', '38', 'en_us', 'Bach  English Suite No. 2 in A minor  BWV 807  Prelude - Andras Schiff', NULL, NULL, NULL, NULL, NULL, NULL, NULL, NULL, NULL, NULL, NULL, NULL, NULL, NULL, NULL, NULL, NULL, NULL, NULL, NULL, NULL, NULL, NULL, NULL, NULL, NULL, NULL, NULL, NULL, NULL, NULL, NULL, NULL, NULL, NULL, NULL, NULL, '2013-08-01 01:32:25', '2013-08-01 01:32:25', 'b7dd1fae-15e1-4d77-bf5c-d963f1c82715'),
 ('29', '22', 'en_us', 'Bach  English Suite No. 2 in A minor  BWV 807  Prelude - Andras Schiff', NULL, NULL, NULL, NULL, NULL, NULL, NULL, NULL, NULL, NULL, NULL, NULL, NULL, NULL, NULL, NULL, NULL, NULL, NULL, NULL, NULL, NULL, NULL, NULL, NULL, NULL, NULL, NULL, NULL, NULL, NULL, NULL, NULL, NULL, NULL, NULL, NULL, '2013-08-01 01:32:25', '2013-08-01 01:32:25', 'a7fe18ac-e28d-4e58-86bd-b2b68291cada'),
 ('30', '25', 'en_us', 'Bach  English Suite No. 2 in A minor  BWV 807  Prelude - Andras Schiff', NULL, NULL, NULL, NULL, NULL, NULL, NULL, NULL, NULL, NULL, NULL, NULL, NULL, NULL, NULL, NULL, NULL, NULL, NULL, NULL, NULL, NULL, NULL, NULL, NULL, NULL, NULL, NULL, NULL, NULL, NULL, NULL, NULL, NULL, NULL, NULL, NULL, '2013-08-01 01:32:25', '2013-08-01 01:32:25', '12f819d1-10f6-421f-919d-2ed8f586f33c'),
 ('31', '24', 'en_us', 'Black and white mountain landscape', NULL, NULL, NULL, NULL, NULL, NULL, NULL, NULL, NULL, NULL, NULL, NULL, NULL, NULL, NULL, NULL, NULL, NULL, NULL, NULL, NULL, NULL, NULL, NULL, NULL, NULL, NULL, NULL, NULL, NULL, NULL, NULL, NULL, NULL, NULL, NULL, NULL, '2013-08-01 01:32:25', '2013-08-01 01:32:25', '506d863b-d360-49e5-ae30-abc2c036baad'),
 ('32', '23', 'en_us', 'black-white-piano-organ', NULL, NULL, NULL, NULL, NULL, NULL, NULL, NULL, NULL, NULL, NULL, NULL, NULL, NULL, NULL, NULL, NULL, NULL, NULL, NULL, NULL, NULL, NULL, NULL, NULL, NULL, NULL, NULL, NULL, NULL, NULL, NULL, NULL, NULL, NULL, NULL, NULL, '2013-08-01 01:32:25', '2013-08-01 01:32:25', 'e710413b-4e34-47fe-9910-ee4045c5a1bd'),
 ('33', '36', 'en_us', 'edward-steichen-web', NULL, NULL, NULL, NULL, NULL, NULL, NULL, NULL, NULL, NULL, NULL, NULL, NULL, NULL, NULL, NULL, NULL, NULL, NULL, NULL, NULL, NULL, NULL, NULL, NULL, NULL, NULL, NULL, NULL, NULL, NULL, NULL, NULL, NULL, NULL, NULL, NULL, '2013-08-01 01:32:25', '2013-08-01 01:32:25', 'e5782660-9c47-4655-970b-bb30e7d09767'),
 ('34', '39', 'en_us', 'in-the-darkest-night-we -sing', NULL, NULL, NULL, NULL, NULL, NULL, NULL, NULL, NULL, NULL, NULL, NULL, NULL, NULL, NULL, NULL, NULL, NULL, NULL, NULL, NULL, NULL, NULL, NULL, NULL, NULL, NULL, NULL, NULL, NULL, NULL, NULL, NULL, NULL, NULL, NULL, NULL, '2013-08-01 01:32:25', '2013-08-01 01:32:25', '805cf2bd-064f-4a8e-9a62-0e02f5079c09'),
 ('35', '28', 'en_us', 'in-the-darkest-night-we -sing', NULL, NULL, NULL, NULL, NULL, NULL, NULL, NULL, NULL, NULL, NULL, NULL, NULL, NULL, NULL, NULL, NULL, NULL, NULL, NULL, NULL, NULL, NULL, NULL, NULL, NULL, NULL, NULL, NULL, NULL, NULL, NULL, NULL, NULL, NULL, NULL, NULL, '2013-08-01 01:32:25', '2013-08-01 01:32:25', 'b8090c0c-64d2-4560-955e-9f9d68d80486'),
 ('36', '27', 'en_us', 'in-the-darkest-night-we -sing', NULL, NULL, NULL, NULL, NULL, NULL, NULL, NULL, NULL, NULL, NULL, NULL, NULL, NULL, NULL, NULL, NULL, NULL, NULL, NULL, NULL, NULL, NULL, NULL, NULL, NULL, NULL, NULL, NULL, NULL, NULL, NULL, NULL, NULL, NULL, NULL, NULL, '2013-08-01 01:32:25', '2013-08-01 01:32:25', '2e688c08-c1d3-486c-8b08-a771fb577f20'),
 ('37', '34', 'en_us', 'nocturne', NULL, NULL, NULL, NULL, NULL, NULL, NULL, NULL, NULL, NULL, NULL, NULL, NULL, NULL, NULL, NULL, NULL, NULL, NULL, NULL, NULL, NULL, NULL, NULL, NULL, NULL, NULL, NULL, NULL, NULL, NULL, NULL, NULL, NULL, NULL, NULL, NULL, '2013-08-01 01:32:25', '2013-08-01 01:32:25', '7426e7ab-402e-4097-a4fd-93db5b6bafad'),
 ('38', '16', 'en_us', 'north-pole-1', NULL, NULL, NULL, NULL, NULL, NULL, NULL, NULL, NULL, NULL, NULL, NULL, NULL, NULL, NULL, NULL, NULL, NULL, NULL, NULL, NULL, NULL, NULL, NULL, NULL, NULL, NULL, NULL, NULL, NULL, NULL, NULL, NULL, NULL, NULL, NULL, NULL, '2013-08-01 01:32:25', '2013-08-01 01:32:25', 'a343ab52-2165-4689-a611-f60aad6baa0f'),
 ('39', '21', 'en_us', 'north-pole-2', NULL, NULL, NULL, NULL, NULL, NULL, NULL, NULL, NULL, NULL, NULL, NULL, NULL, NULL, NULL, NULL, NULL, NULL, NULL, NULL, NULL, NULL, NULL, NULL, NULL, NULL, NULL, NULL, NULL, NULL, NULL, NULL, NULL, NULL, NULL, NULL, NULL, '2013-08-01 01:32:25', '2013-08-01 01:32:25', '38f7f781-92e9-4dcd-ae96-74deed210435'),
 ('40', '41', 'en_us', 'Resume2013-chinese', NULL, NULL, NULL, NULL, NULL, NULL, NULL, NULL, NULL, NULL, NULL, NULL, NULL, NULL, NULL, NULL, NULL, NULL, NULL, NULL, NULL, NULL, NULL, NULL, NULL, NULL, NULL, NULL, NULL, NULL, NULL, NULL, NULL, NULL, NULL, NULL, NULL, '2013-08-01 01:32:25', '2013-08-01 01:32:25', 'e15c853d-5fac-4af4-8b79-8d0d46df969f'),
 ('41', '42', 'en_us', 'Resume2013-chinese', NULL, NULL, NULL, NULL, NULL, NULL, NULL, NULL, NULL, NULL, NULL, NULL, NULL, NULL, NULL, NULL, NULL, NULL, NULL, NULL, NULL, NULL, NULL, NULL, NULL, NULL, NULL, NULL, NULL, NULL, NULL, NULL, NULL, NULL, NULL, NULL, NULL, '2013-08-01 01:32:25', '2013-08-01 01:32:25', 'b0edcdf4-3f4b-4e8c-8ffd-08f6177323bf'),
 ('42', '43', 'en_us', 'Resume2013english', NULL, NULL, NULL, NULL, NULL, NULL, NULL, NULL, NULL, NULL, NULL, NULL, NULL, NULL, NULL, NULL, NULL, NULL, NULL, NULL, NULL, NULL, NULL, NULL, NULL, NULL, NULL, NULL, NULL, NULL, NULL, NULL, NULL, NULL, NULL, NULL, NULL, '2013-08-01 01:32:25', '2013-08-01 01:32:25', 'b1371db9-a60a-4c4f-8834-2dcb271e6f83'),
 ('43', '40', 'en_us', 'the-spinning-song', NULL, NULL, NULL, NULL, NULL, NULL, NULL, NULL, NULL, NULL, NULL, NULL, NULL, NULL, NULL, NULL, NULL, NULL, NULL, NULL, NULL, NULL, NULL, NULL, NULL, NULL, NULL, NULL, NULL, NULL, NULL, NULL, NULL, NULL, NULL, NULL, NULL, '2013-08-01 01:32:25', '2013-08-01 01:32:25', '3b9bec64-af0f-4926-a4c2-54e9ea94e970'),
 ('44', '19', 'en_us', 'the-spinning-song', NULL, NULL, NULL, NULL, NULL, NULL, NULL, NULL, NULL, NULL, NULL, NULL, NULL, NULL, NULL, NULL, NULL, NULL, NULL, NULL, NULL, NULL, NULL, NULL, NULL, NULL, NULL, NULL, NULL, NULL, NULL, NULL, NULL, NULL, NULL, NULL, NULL, '2013-08-01 01:32:25', '2013-08-01 01:32:25', '6c6554d1-ba0d-4a6a-843d-a0c48216a0ee'),
 ('45', '20', 'en_us', 'the-spinning-song', NULL, NULL, NULL, NULL, NULL, NULL, NULL, NULL, NULL, NULL, NULL, NULL, NULL, NULL, NULL, NULL, NULL, NULL, NULL, NULL, NULL, NULL, NULL, NULL, NULL, NULL, NULL, NULL, NULL, NULL, NULL, NULL, NULL, NULL, NULL, NULL, NULL, '2013-08-01 01:32:25', '2013-08-01 01:32:25', 'f690d98f-085f-4e32-91d0-9cb6de47c6b1'),
 ('46', '47', 'en_us', 'J.S. Bach- Suite No.2 in B minor  BWV 1067- Badinerie mvt. 77', NULL, NULL, NULL, NULL, NULL, NULL, NULL, NULL, NULL, NULL, NULL, NULL, NULL, NULL, NULL, NULL, NULL, NULL, NULL, NULL, NULL, NULL, NULL, NULL, NULL, NULL, NULL, NULL, NULL, NULL, NULL, NULL, NULL, NULL, NULL, NULL, NULL, '2013-08-02 05:38:01', '2013-08-02 05:38:01', 'd00219f5-0b0f-4ea0-9946-2fd10a2d250e'),
 ('47', '48', 'en_us', 'J.S. Bach- Suite No.2 in B minor  BWV 1067- Badinerie mvt. 77', NULL, NULL, NULL, NULL, NULL, NULL, NULL, NULL, NULL, NULL, NULL, NULL, NULL, NULL, NULL, NULL, NULL, NULL, NULL, NULL, NULL, NULL, NULL, NULL, NULL, NULL, NULL, NULL, NULL, NULL, NULL, NULL, NULL, NULL, NULL, NULL, NULL, '2013-08-02 05:38:02', '2013-08-02 05:38:02', '6e1c33a7-dfef-4425-a475-fb01a599850f'),
 ('48', '49', 'en_us', 'J.S. Bach- Suite No.2 in B minor  BWV 1067- Badinerie mvt. 77', NULL, NULL, NULL, NULL, NULL, NULL, NULL, NULL, NULL, NULL, NULL, NULL, NULL, NULL, NULL, NULL, NULL, NULL, NULL, NULL, NULL, NULL, NULL, NULL, NULL, NULL, NULL, NULL, NULL, NULL, NULL, NULL, NULL, NULL, NULL, NULL, NULL, '2013-08-02 05:40:00', '2013-08-02 05:40:00', 'b54b55f6-332b-425a-9f18-80e77a0f5f1f'),
 ('50', '51', 'en_us', 'Suite No.2 in B minor', NULL, NULL, '<p>\r\n	   The four orchestral suites (called ouvertures by their author), BWV 10661069 are four suites by Johann Sebastian Bach. The name ouverture refers only in part to the opening movement in the style of the French overture, in which a majestic opening section in relatively slow dotted-note rhythm in duple meter is followed by a fast fugal section in triple meter, then rounded off with a short recapitulation of the opening music. More broadly, the term was used in Baroque Germany for a suite of dance-pieces in French Baroque style preceded by such an ouverture. This genre was extremely popular in Germany during Bach\'s day, and he showed far less interest in it than was usual: Robin Stowell writes that \"Telemann\'s 135 surviving examples [represent] only a fraction of those he is known to have written\";[1] Christoph Graupner left 85 (listed in his Wikipedia entry); and Johann Friedrich Fasch left almost 100 (listed in his Wikipedia entry). Bach did write several other ouverture (suites) for solo instruments, notably the Cello Suite no. 5, BWV 1011, which also exists in the autograph Lute Suite in G minor, BWV 995, the Keyboard Partita no. 4 in D, BWV 828, and the Overture in the French style, BWV 831 for keyboard. The two keyboard works are among the few Bach published, and he prepared the lute suite for a \"Monsieur Schouster,\" presumably for a fee, so all three may attest to the form\'s popularity,\r\n</p>\r\n<p>\r\n	   Scholars believe that Bach did not conceive of the four Orchestral Suites as a set (in the way he conceived of the Brandenburg Concertos), since the sources are various, as detailed below.\r\n</p>', '[{\"col1\":\"Flute\"},{\"col1\":\"Viola\"}]', '0000-00-00 00:00:00', 'Bach', '', 'audio', '1980', NULL, NULL, NULL, NULL, NULL, NULL, NULL, NULL, NULL, NULL, NULL, NULL, NULL, NULL, NULL, NULL, NULL, NULL, NULL, NULL, 'y', NULL, NULL, NULL, NULL, NULL, NULL, NULL, '2013-08-02 05:45:12', '2013-08-02 05:50:55', '726ad34f-f47f-4fac-be94-ee6baf80b6da'),
 ('51', '52', 'en_us', 'castle', NULL, NULL, NULL, NULL, NULL, NULL, NULL, NULL, NULL, NULL, NULL, NULL, NULL, NULL, NULL, NULL, NULL, NULL, NULL, NULL, NULL, NULL, NULL, NULL, NULL, NULL, NULL, NULL, NULL, NULL, NULL, NULL, NULL, NULL, NULL, NULL, NULL, '2013-08-02 05:50:48', '2013-08-02 05:50:48', '75dca5b7-1555-4bf3-901a-c6846fae2c68'),
 ('52', '53', 'en_us', 'album-castle-cover', NULL, NULL, NULL, NULL, NULL, NULL, NULL, NULL, NULL, NULL, NULL, NULL, NULL, NULL, NULL, NULL, NULL, NULL, NULL, NULL, NULL, NULL, NULL, NULL, NULL, NULL, NULL, NULL, NULL, NULL, NULL, NULL, NULL, NULL, NULL, NULL, NULL, '2013-08-02 05:53:03', '2013-08-02 05:53:03', '415e84ad-c345-444e-8664-94e27436c952'),
 ('53', '54', 'en_us', 'Solo', NULL, NULL, NULL, NULL, NULL, NULL, NULL, NULL, NULL, NULL, NULL, NULL, NULL, NULL, NULL, NULL, NULL, NULL, NULL, NULL, NULL, NULL, NULL, NULL, NULL, NULL, NULL, NULL, NULL, NULL, NULL, NULL, NULL, NULL, NULL, NULL, NULL, '2013-08-26 14:46:20', '2013-08-26 20:04:17', '7cd51276-e834-48ef-bfcc-a0f687c8f3ec'),
 ('54', '55', 'en_us', 'Chamber', NULL, NULL, NULL, NULL, NULL, NULL, NULL, NULL, NULL, NULL, NULL, NULL, NULL, NULL, NULL, NULL, NULL, NULL, NULL, NULL, NULL, NULL, NULL, NULL, NULL, NULL, NULL, NULL, NULL, NULL, NULL, NULL, NULL, NULL, NULL, NULL, NULL, '2013-08-26 14:46:45', '2013-08-27 14:04:38', 'af7b3a27-32fd-4f1d-b617-c8178b18d357'),
 ('55', '56', 'en_us', 'Orchestra', NULL, NULL, NULL, NULL, NULL, NULL, NULL, NULL, NULL, NULL, NULL, NULL, NULL, NULL, NULL, NULL, NULL, NULL, NULL, NULL, NULL, NULL, NULL, NULL, NULL, NULL, NULL, NULL, NULL, NULL, NULL, NULL, NULL, NULL, NULL, NULL, NULL, '2013-08-26 14:47:00', '2013-08-27 14:54:53', '47261d71-0d79-4a02-ac6d-5f8db5bf4718'),
 ('56', '57', 'en_us', 'Large Ensemble', NULL, NULL, NULL, NULL, NULL, NULL, NULL, NULL, NULL, NULL, NULL, NULL, NULL, NULL, NULL, NULL, NULL, NULL, NULL, NULL, NULL, NULL, NULL, NULL, NULL, NULL, NULL, NULL, NULL, NULL, NULL, NULL, NULL, NULL, NULL, NULL, NULL, '2013-08-26 14:47:29', '2013-08-27 15:44:52', '7e4e4109-0505-4e1b-bcc1-24e2f4bf0c8a'),
 ('57', '58', 'en_us', 'Choir', NULL, NULL, NULL, NULL, NULL, NULL, NULL, NULL, NULL, NULL, NULL, NULL, NULL, NULL, NULL, NULL, NULL, NULL, NULL, NULL, NULL, NULL, NULL, NULL, NULL, NULL, NULL, NULL, NULL, NULL, NULL, NULL, NULL, NULL, NULL, NULL, NULL, '2013-08-26 14:47:50', '2013-08-27 15:57:59', '96c018ac-6099-4240-84c0-1c8a7c8845db'),
 ('58', '59', 'en_us', 'Movie', NULL, NULL, NULL, NULL, NULL, NULL, NULL, NULL, NULL, NULL, NULL, NULL, NULL, NULL, NULL, NULL, NULL, NULL, NULL, NULL, NULL, NULL, NULL, NULL, NULL, NULL, NULL, NULL, NULL, NULL, NULL, NULL, NULL, NULL, NULL, NULL, NULL, '2013-08-26 14:48:01', '2013-08-27 16:09:46', 'b61231b1-db3c-4e18-8815-6efc1c89d8e8'),
 ('60', '61', 'en_us', 'Tibet', NULL, NULL, '<p>\r\n	    With wind, tibetan singing bowls\' sound flows by. Marimba is like the heartbeats of the earth and the dance of spirits on the great plateau.\r\n</p>', '[{\"col1\":\"cow bells\"},{\"col1\":\"bass drum\"},{\"col1\":\"marimba\"}]', '11:35', '[{\"col1\":\"Percussion\",\"col2\":\"Wei-chen Lin\"}]', '', 'audio', '2013', NULL, NULL, NULL, NULL, NULL, NULL, NULL, NULL, NULL, NULL, NULL, NULL, NULL, NULL, NULL, NULL, NULL, NULL, NULL, NULL, 'n', NULL, NULL, NULL, NULL, NULL, NULL, NULL, '2013-08-26 14:56:27', '2013-08-26 15:21:12', 'a099ff89-dc9b-44b3-82b3-7c46a73bee8d'),
 ('61', '62', 'en_us', 'Tibet', NULL, NULL, NULL, NULL, NULL, NULL, NULL, NULL, NULL, NULL, NULL, NULL, NULL, NULL, NULL, NULL, NULL, NULL, NULL, NULL, NULL, NULL, NULL, NULL, NULL, NULL, NULL, NULL, NULL, NULL, NULL, NULL, NULL, NULL, NULL, NULL, NULL, '2013-08-26 15:18:59', '2013-08-26 15:18:59', '40ceb3b9-796d-4e3c-9f4f-a9f9a73e076f'),
 ('62', '63', 'en_us', 'Tibet', NULL, NULL, NULL, NULL, NULL, NULL, NULL, NULL, NULL, NULL, NULL, NULL, NULL, NULL, NULL, NULL, NULL, NULL, NULL, NULL, NULL, NULL, NULL, NULL, NULL, NULL, NULL, NULL, NULL, NULL, NULL, NULL, NULL, NULL, NULL, NULL, NULL, '2013-08-26 15:19:11', '2013-08-26 15:19:11', 'a7b5d75f-0ae7-4e29-8ad3-5d3507f31647'),
 ('63', '64', 'en_us', 'Tibet', NULL, NULL, NULL, NULL, NULL, NULL, NULL, NULL, NULL, NULL, NULL, NULL, NULL, NULL, NULL, NULL, NULL, NULL, NULL, NULL, NULL, NULL, NULL, NULL, NULL, NULL, NULL, NULL, NULL, NULL, NULL, NULL, NULL, NULL, NULL, NULL, NULL, '2013-08-26 15:21:03', '2013-08-26 15:21:03', 'ff7c915c-70a7-4c0f-868b-29c942d9ce30'),
 ('64', '65', 'en_us', 'Fugue', NULL, NULL, '', '[{\"col1\":\"2 trumpets\"},{\"col1\":\"horn\"},{\"col1\":\"2 trombones\"}]', '3:18', '[{\"col1\":\"\",\"col2\":\"\"}]', '', 'audio', '2001', NULL, NULL, NULL, NULL, NULL, NULL, NULL, NULL, NULL, NULL, NULL, NULL, NULL, NULL, NULL, NULL, NULL, NULL, NULL, NULL, 'n', NULL, NULL, NULL, NULL, NULL, NULL, NULL, '2013-08-26 15:24:39', '2013-08-26 17:43:50', 'd5febd55-b289-42e8-af29-097c50ad77a5'),
 ('65', '66', 'en_us', 'Fugue', NULL, NULL, NULL, NULL, NULL, NULL, NULL, NULL, NULL, NULL, NULL, NULL, NULL, NULL, NULL, NULL, NULL, NULL, NULL, NULL, NULL, NULL, NULL, NULL, NULL, NULL, NULL, NULL, NULL, NULL, NULL, NULL, NULL, NULL, NULL, NULL, NULL, '2013-08-26 15:28:13', '2013-08-26 15:28:13', 'fccc61d3-5ab6-4a44-8459-778f98e7b888'),
 ('66', '67', 'en_us', 'Fugue', NULL, NULL, NULL, NULL, NULL, NULL, NULL, NULL, NULL, NULL, NULL, NULL, NULL, NULL, NULL, NULL, NULL, NULL, NULL, NULL, NULL, NULL, NULL, NULL, NULL, NULL, NULL, NULL, NULL, NULL, NULL, NULL, NULL, NULL, NULL, NULL, NULL, '2013-08-26 15:28:22', '2013-08-26 15:28:22', '28f41d6b-a299-4465-94f7-11a1f7f3bf74'),
 ('67', '68', 'en_us', 'Fugue', NULL, NULL, NULL, NULL, NULL, NULL, NULL, NULL, NULL, NULL, NULL, NULL, NULL, NULL, NULL, NULL, NULL, NULL, NULL, NULL, NULL, NULL, NULL, NULL, NULL, NULL, NULL, NULL, NULL, NULL, NULL, NULL, NULL, NULL, NULL, NULL, NULL, '2013-08-26 15:28:29', '2013-08-26 15:28:29', '67fc81be-0d10-4c10-b462-2c356b6baff8'),
 ('68', '69', 'en_us', 'Clarinet Concerto', NULL, NULL, NULL, NULL, NULL, NULL, NULL, NULL, NULL, NULL, NULL, NULL, NULL, NULL, NULL, NULL, NULL, NULL, NULL, NULL, NULL, NULL, NULL, NULL, NULL, NULL, NULL, NULL, NULL, NULL, NULL, NULL, NULL, NULL, NULL, NULL, NULL, '2013-08-26 16:49:56', '2013-08-26 16:49:56', '227b2d74-7344-4436-9962-a775b09f930b'),
 ('69', '70', 'en_us', 'Clarinet Concerto', NULL, NULL, NULL, NULL, NULL, NULL, NULL, NULL, NULL, NULL, NULL, NULL, NULL, NULL, NULL, NULL, NULL, NULL, NULL, NULL, NULL, NULL, NULL, NULL, NULL, NULL, NULL, NULL, NULL, NULL, NULL, NULL, NULL, NULL, NULL, NULL, NULL, '2013-08-26 16:50:07', '2013-08-26 16:50:07', '0e0a011c-efff-471d-845d-c6d853133bc4'),
 ('70', '71', 'en_us', 'Clarinet Concerto', NULL, NULL, '', '[{\"col1\":\"clarinet\"},{\"col1\":\"string orchestra\"},{\"col1\":\"piano\"}]', '10:14', '[{\"col1\":\"clarinet\",\"col2\":\"Yi-jun Chen\"}]', '', 'audio', '2008', NULL, NULL, NULL, NULL, NULL, NULL, NULL, NULL, NULL, NULL, NULL, NULL, NULL, NULL, NULL, NULL, NULL, NULL, NULL, NULL, 'n', NULL, NULL, NULL, NULL, NULL, NULL, NULL, '2013-08-26 16:50:15', '2013-08-26 17:43:41', '9ddf05e3-de7d-48d5-9f8e-ea183a5822d1'),
 ('71', '72', 'en_us', 'Clarinet Concerto', NULL, NULL, NULL, NULL, NULL, NULL, NULL, NULL, NULL, NULL, NULL, NULL, NULL, NULL, NULL, NULL, NULL, NULL, NULL, NULL, NULL, NULL, NULL, NULL, NULL, NULL, NULL, NULL, NULL, NULL, NULL, NULL, NULL, NULL, NULL, NULL, NULL, '2013-08-26 16:50:29', '2013-08-26 16:50:29', '369cedd9-93c6-4ef0-94df-268a722f6979'),
 ('72', '73', 'en_us', 'By the Light of Nature', NULL, NULL, '<p>\r\n	  The perception of achieving the concept of leaving blank for imagination to run without having the standard traditional Chinese music\'s hetrophony is the main topic of this work.\r\n</p>\r\n<p>\r\n	 Performance Review\r\n</p>\r\n<p>\r\n	 The other premiere (played by all four musicians) was contemporary composer Chen Hsin-Leis By the Light of Nature, a musical realization of the concept of nothingness or blankness, described in the notes as one of the spiritual cores of Chinese art. To give you a partial idea of that concept, imagine something that is hidden from you, like a village that you cant see because theres a mountain in front of it. This most impressive work included some apparently pre-recorded digital sounds, thus it interrupt performers\' sense of coordination to count together. Performers can grad a hint or find their own clue of tempo from the tape part. Instruments are the color. Linearly, each instrument has limited freedom of it\'s own pulse. Their unique timbre gives diversity of texture. However, there are points they meet up together to create tension and resolve. Each single one of them has its sound world, yet, together, they are one work in harmony, a pleasing state of agreement or orderly combination of elements in a whole.\r\n</p>', '[{\"col1\":\"dizi\"},{\"col1\":\"sheng\"},{\"col1\":\"huqing\"},{\"col1\":\"pipa\"},{\"col1\":\"computer music\"}]', '6:59', '[{\"col1\":\"conductor\",\"col2\":\"Aikhai Peng\"}]', '', 'audio', '2012', NULL, NULL, NULL, NULL, NULL, NULL, NULL, NULL, NULL, NULL, NULL, NULL, NULL, NULL, NULL, NULL, NULL, NULL, NULL, NULL, 'n', NULL, NULL, NULL, NULL, NULL, NULL, NULL, '2013-08-26 16:54:46', '2013-08-26 17:43:32', '25ebaa43-7cd3-4efd-a5b4-12d1bca26a37'),
 ('73', '74', 'en_us', 'By The Light of Nature', NULL, NULL, NULL, NULL, NULL, NULL, NULL, NULL, NULL, NULL, NULL, NULL, NULL, NULL, NULL, NULL, NULL, NULL, NULL, NULL, NULL, NULL, NULL, NULL, NULL, NULL, NULL, NULL, NULL, NULL, NULL, NULL, NULL, NULL, NULL, NULL, NULL, '2013-08-26 16:56:02', '2013-08-26 16:56:02', 'da616e2a-ed54-42e8-88aa-22932b7dd82e'),
 ('74', '75', 'en_us', 'By The Light of Nature', NULL, NULL, NULL, NULL, NULL, NULL, NULL, NULL, NULL, NULL, NULL, NULL, NULL, NULL, NULL, NULL, NULL, NULL, NULL, NULL, NULL, NULL, NULL, NULL, NULL, NULL, NULL, NULL, NULL, NULL, NULL, NULL, NULL, NULL, NULL, NULL, NULL, '2013-08-26 16:56:10', '2013-08-26 16:56:10', '77fd9eea-dd49-4199-b321-6c5e506f0d3e'),
 ('75', '76', 'en_us', 'By The Light of Nature', NULL, NULL, NULL, NULL, NULL, NULL, NULL, NULL, NULL, NULL, NULL, NULL, NULL, NULL, NULL, NULL, NULL, NULL, NULL, NULL, NULL, NULL, NULL, NULL, NULL, NULL, NULL, NULL, NULL, NULL, NULL, NULL, NULL, NULL, NULL, NULL, NULL, '2013-08-26 16:56:19', '2013-08-26 16:56:19', '2b48aeaa-b116-4387-8b0d-8273bf0ca09d'),
 ('76', '77', 'en_us', 'Calling', NULL, NULL, NULL, NULL, NULL, NULL, NULL, NULL, NULL, NULL, NULL, NULL, NULL, NULL, NULL, NULL, NULL, NULL, NULL, NULL, NULL, NULL, NULL, NULL, NULL, NULL, NULL, NULL, NULL, NULL, NULL, NULL, NULL, NULL, NULL, NULL, NULL, '2013-08-26 16:59:41', '2013-08-26 16:59:41', 'f1de4d18-31dd-4dda-9a66-8e94bac6ff1e'),
 ('77', '78', 'en_us', 'Calling', NULL, NULL, NULL, NULL, NULL, NULL, NULL, NULL, NULL, NULL, NULL, NULL, NULL, NULL, NULL, NULL, NULL, NULL, NULL, NULL, NULL, NULL, NULL, NULL, NULL, NULL, NULL, NULL, NULL, NULL, NULL, NULL, NULL, NULL, NULL, NULL, NULL, '2013-08-26 16:59:49', '2013-08-26 16:59:49', '9a1a8c06-968c-4312-9f9b-041440056291'),
 ('78', '79', 'en_us', 'Calling', NULL, NULL, NULL, NULL, NULL, NULL, NULL, NULL, NULL, NULL, NULL, NULL, NULL, NULL, NULL, NULL, NULL, NULL, NULL, NULL, NULL, NULL, NULL, NULL, NULL, NULL, NULL, NULL, NULL, NULL, NULL, NULL, NULL, NULL, NULL, NULL, NULL, '2013-08-26 16:59:58', '2013-08-26 16:59:58', '97a6aa7b-a7e8-4bda-83aa-ae99ce002419'),
 ('79', '80', 'en_us', 'Calling', NULL, NULL, '<p>\r\n	 Movie\'s trailer.\r\n</p>', '[{\"col1\":\"\"}]', '3:18', '[{\"col1\":\"director\",\"col2\":\"Si He Fan\"}]', '', 'audio', '2011', NULL, NULL, NULL, NULL, NULL, NULL, NULL, NULL, NULL, NULL, NULL, NULL, NULL, NULL, NULL, NULL, NULL, NULL, NULL, NULL, 'n', NULL, NULL, NULL, NULL, NULL, NULL, NULL, '2013-08-26 17:00:02', '2013-08-26 17:43:24', '0dd68f86-5e2e-416f-a5b2-80873c1fdbc3'),
 ('80', '81', 'en_us', 'Bach Buddha', NULL, NULL, NULL, NULL, NULL, NULL, NULL, NULL, NULL, NULL, NULL, NULL, NULL, NULL, NULL, NULL, NULL, NULL, NULL, NULL, NULL, NULL, NULL, NULL, NULL, NULL, NULL, NULL, NULL, NULL, NULL, NULL, NULL, NULL, NULL, NULL, NULL, '2013-08-26 17:04:40', '2013-08-26 17:04:40', '5245231c-cb61-4cb7-98b0-8d3e12cddcf0'),
 ('81', '82', 'en_us', 'Bach Buddha', NULL, NULL, NULL, NULL, NULL, NULL, NULL, NULL, NULL, NULL, NULL, NULL, NULL, NULL, NULL, NULL, NULL, NULL, NULL, NULL, NULL, NULL, NULL, NULL, NULL, NULL, NULL, NULL, NULL, NULL, NULL, NULL, NULL, NULL, NULL, NULL, NULL, '2013-08-26 17:04:48', '2013-08-26 17:04:48', '76d23efd-1239-4dd0-a182-581271052de4'),
 ('82', '83', 'en_us', 'Bach Buddha', NULL, NULL, NULL, NULL, NULL, NULL, NULL, NULL, NULL, NULL, NULL, NULL, NULL, NULL, NULL, NULL, NULL, NULL, NULL, NULL, NULL, NULL, NULL, NULL, NULL, NULL, NULL, NULL, NULL, NULL, NULL, NULL, NULL, NULL, NULL, NULL, NULL, '2013-08-26 17:05:09', '2013-08-26 17:05:09', '9183fe04-a743-4b5f-9148-82ced3c2d4d3'),
 ('83', '84', 'en_us', 'Bach Buddha', NULL, NULL, '', '[{\"col1\":\"mixed choir\"},{\"col1\":\"computer music\"}]', '7:27', '[{\"col1\":\"composer\",\"col2\":\"Hsin-Lei Chen\"},{\"col1\":\"conductor\",\"col2\":\"Yu-Chong Johnny Ku\"},{\"col1\":\"choir\",\"col2\":\"Taipei Philharmonics Chamber Choir\"}]', '', 'audio', '2012', NULL, NULL, NULL, NULL, NULL, NULL, NULL, NULL, NULL, NULL, NULL, NULL, NULL, NULL, NULL, NULL, NULL, NULL, NULL, NULL, 'n', NULL, NULL, NULL, NULL, NULL, NULL, NULL, '2013-08-26 17:05:13', '2013-08-26 17:43:16', 'fa76d98f-0745-4628-8a19-84e449f7b4ee'),
 ('84', '85', 'en_us', 'Soliloquy', NULL, NULL, NULL, NULL, NULL, NULL, NULL, NULL, NULL, NULL, NULL, NULL, NULL, NULL, NULL, NULL, NULL, NULL, NULL, NULL, NULL, NULL, NULL, NULL, NULL, NULL, NULL, NULL, NULL, NULL, NULL, NULL, NULL, NULL, NULL, NULL, NULL, '2013-08-26 18:58:57', '2013-08-26 18:58:57', '9dad8738-5b56-4c51-803a-5a3bf861b604'),
 ('85', '86', 'en_us', 'Soliloquy', NULL, NULL, NULL, NULL, NULL, NULL, NULL, NULL, NULL, NULL, NULL, NULL, NULL, NULL, NULL, NULL, NULL, NULL, NULL, NULL, NULL, NULL, NULL, NULL, NULL, NULL, NULL, NULL, NULL, NULL, NULL, NULL, NULL, NULL, NULL, NULL, NULL, '2013-08-26 18:58:57', '2013-08-26 18:58:57', '65ee8bce-ae3c-47ec-a8e5-c7e3a1dfd9dd'),
 ('86', '87', 'en_us', 'Soliloquy', NULL, NULL, NULL, NULL, NULL, NULL, NULL, NULL, NULL, NULL, NULL, NULL, NULL, NULL, NULL, NULL, NULL, NULL, NULL, NULL, NULL, NULL, NULL, NULL, NULL, NULL, NULL, NULL, NULL, NULL, NULL, NULL, NULL, NULL, NULL, NULL, NULL, '2013-08-26 18:59:46', '2013-08-26 18:59:46', 'dd62121e-ad21-4e9c-825b-926523180144'),
 ('87', '88', 'en_us', 'Soliloquy', NULL, NULL, '', '[{\"col1\":\"piano\"}]', '2:42', '[{\"col1\":\"composer\",\"col2\":\"Hsin-Lei Chen\"},{\"col1\":\"piano\",\"col2\":\"Ye-ren Lo\"}]', '', 'audio', '2012', NULL, NULL, NULL, NULL, NULL, NULL, NULL, NULL, NULL, NULL, NULL, NULL, NULL, NULL, NULL, NULL, NULL, NULL, NULL, NULL, 'n', NULL, NULL, NULL, NULL, NULL, NULL, NULL, '2013-08-26 18:59:50', '2013-08-26 18:59:50', '0afcf241-d62f-4935-b1e3-6c43313ec469'),
 ('88', '89', 'en_us', 'Five Pieces for Piano I', NULL, NULL, '<p>\r\n	  Every piece has unique atmosphere.\r\n</p>\r\n<p>\r\n	  I\r\n</p>\r\n<p>\r\n	  Sounds of steps spreading in hospital\'s air, with the medical machines\' beeping, something is hidden.\r\n</p>\r\n<p>\r\n	  II\r\n</p>\r\n<p>\r\n	  Carousel music box plays some neurotic song.\r\n</p>\r\n<p>\r\n	  III\r\n</p>\r\n<p>\r\n	  Low moan releases the concealed pain and anger of a lost soul.\r\n</p>\r\n<p>\r\n	  IV\r\n</p>\r\n<p>\r\n	  The transparent and magical blue bird is unpredictable and uncatchable.\r\n</p>\r\n<p>\r\n	  V\r\n</p>\r\n<p>\r\n	  Repeat the mechanized motion once again and again.\r\n</p>', '[{\"col1\":\"piano\"}]', '2:10', '[{\"col1\":\"composer\",\"col2\":\"Hsin-Lei Chen\"},{\"col1\":\"piano\",\"col2\":\"Ye-ren Lo\"}]', '', 'audio', '2002', NULL, NULL, NULL, NULL, NULL, NULL, NULL, NULL, NULL, NULL, NULL, NULL, NULL, NULL, NULL, NULL, NULL, NULL, NULL, NULL, 'n', NULL, NULL, NULL, NULL, NULL, NULL, NULL, '2013-08-26 19:04:16', '2013-08-26 19:20:55', '04a07954-c8bd-419e-8bb5-6a7249bb044a'),
 ('89', '90', 'en_us', 'Five Pieces for Piano II', NULL, NULL, '<p>\r\n	 Every piece has unique atmosphere.\r\n</p>\r\n<p>\r\n	 I\r\n</p>\r\n<p>\r\n	 Sounds of steps spreading in hospital\'s air, with the medical machines\' beeping, something is hidden.\r\n</p>\r\n<p>\r\n	 II\r\n</p>\r\n<p>\r\n	 Carousel music box plays some neurotic song.\r\n</p>\r\n<p>\r\n	 III\r\n</p>\r\n<p>\r\n	 Low moan releases the concealed pain and anger of a lost soul.\r\n</p>\r\n<p>\r\n	 IV\r\n</p>\r\n<p>\r\n	 The transparent and magical blue bird is unpredictable and uncatchable.\r\n</p>\r\n<p>\r\n	 V\r\n</p>\r\n<p>\r\n	 Repeat the mechanized motion once again and again.\r\n</p>', '[{\"col1\":\"piano\"}]', '0:57', '[{\"col1\":\"composer\",\"col2\":\"Hsin-Lei Chen\"},{\"col1\":\"piano\",\"col2\":\"Ye-ren Lo\"}]', '', 'audio', '2002', NULL, NULL, NULL, NULL, NULL, NULL, NULL, NULL, NULL, NULL, NULL, NULL, NULL, NULL, NULL, NULL, NULL, NULL, NULL, NULL, 'n', NULL, NULL, NULL, NULL, NULL, NULL, NULL, '2013-08-26 19:04:48', '2013-08-26 19:20:38', 'c4b633c4-b411-428d-a9b2-0782cc3bf992'),
 ('90', '91', 'en_us', 'Five Pieces for Piano III', NULL, NULL, '<p>\r\n	 Every piece has unique atmosphere.\r\n</p>\r\n<p>\r\n	 I\r\n</p>\r\n<p>\r\n	 Sounds of steps spreading in hospital\'s air, with the medical machines\' beeping, something is hidden.\r\n</p>\r\n<p>\r\n	 II\r\n</p>\r\n<p>\r\n	 Carousel music box plays some neurotic song.\r\n</p>\r\n<p>\r\n	 III\r\n</p>\r\n<p>\r\n	 Low moan releases the concealed pain and anger of a lost soul.\r\n</p>\r\n<p>\r\n	 IV\r\n</p>\r\n<p>\r\n	 The transparent and magical blue bird is unpredictable and uncatchable.\r\n</p>\r\n<p>\r\n	 V\r\n</p>\r\n<p>\r\n	 Repeat the mechanized motion once again and again.\r\n</p>', '[{\"col1\":\"piano\"}]', '1:03', '[{\"col1\":\"composer\",\"col2\":\"Hsin-Lei Chen\"},{\"col1\":\"piano\",\"col2\":\"Ye-ren Lo\"}]', '', 'audio', '2002', NULL, NULL, NULL, NULL, NULL, NULL, NULL, NULL, NULL, NULL, NULL, NULL, NULL, NULL, NULL, NULL, NULL, NULL, NULL, NULL, 'n', NULL, NULL, NULL, NULL, NULL, NULL, NULL, '2013-08-26 19:05:24', '2013-08-26 19:36:50', '6972be69-3e5e-42d9-be22-713a2fdea4c2'),
 ('91', '92', 'en_us', 'Five Pieces for Piano IV', NULL, NULL, '<p>\r\n	 Every piece has unique atmosphere.\r\n</p>\r\n<p>\r\n	 I\r\n</p>\r\n<p>\r\n	 Sounds of steps spreading in hospital\'s air, with the medical machines\' beeping, something is hidden.\r\n</p>\r\n<p>\r\n	 II\r\n</p>\r\n<p>\r\n	 Carousel music box plays some neurotic song.\r\n</p>\r\n<p>\r\n	 III\r\n</p>\r\n<p>\r\n	 Low moan releases the concealed pain and anger of a lost soul.\r\n</p>\r\n<p>\r\n	 IV\r\n</p>\r\n<p>\r\n	 The transparent and magical blue bird is unpredictable and uncatchable.\r\n</p>\r\n<p>\r\n	 V\r\n</p>\r\n<p>\r\n	 Repeat the mechanized motion once again and again.\r\n</p>', '[{\"col1\":\"piano\"}]', '1:03', '[{\"col1\":\"composer\",\"col2\":\"Hsin-Lei Chen\"},{\"col1\":\"piano\",\"col2\":\"Ye-ren Lo\"}]', '', 'audio', '2002', NULL, NULL, NULL, NULL, NULL, NULL, NULL, NULL, NULL, NULL, NULL, NULL, NULL, NULL, NULL, NULL, NULL, NULL, NULL, NULL, 'n', NULL, NULL, NULL, NULL, NULL, NULL, NULL, '2013-08-26 19:07:41', '2013-08-26 19:37:30', '5287c963-71ba-4b9f-947d-cda235283c69'),
 ('92', '93', 'en_us', 'Five Pieces for Piano V', NULL, NULL, '<p>\r\n	 Every piece has unique atmosphere.\r\n</p>\r\n<p>\r\n	 I\r\n</p>\r\n<p>\r\n	 Sounds of steps spreading in hospital\'s air, with the medical machines\' beeping, something is hidden.\r\n</p>\r\n<p>\r\n	 II\r\n</p>\r\n<p>\r\n	 Carousel music box plays some neurotic song.\r\n</p>\r\n<p>\r\n	 III\r\n</p>\r\n<p>\r\n	 Low moan releases the concealed pain and anger of a lost soul.\r\n</p>\r\n<p>\r\n	 IV\r\n</p>\r\n<p>\r\n	 The transparent and magical blue bird is unpredictable and uncatchable.\r\n</p>\r\n<p>\r\n	 V\r\n</p>\r\n<p>\r\n	 Repeat the mechanized motion once again and again.\r\n</p>', '[{\"col1\":\"piano\"}]', '0:38', '[{\"col1\":\"composer\",\"col2\":\"Hsin-Lei Chen\"},{\"col1\":\"piano\",\"col2\":\"Ye-ren Lo\"}]', '', 'audio', '2002', NULL, NULL, NULL, NULL, NULL, NULL, NULL, NULL, NULL, NULL, NULL, NULL, NULL, NULL, NULL, NULL, NULL, NULL, NULL, NULL, 'n', NULL, NULL, NULL, NULL, NULL, NULL, NULL, '2013-08-26 19:08:08', '2013-08-26 19:38:20', 'f9992c5d-8695-4706-9a58-6f3829accd28'),
 ('93', '94', 'en_us', 'Five Pieces for Piano-2', NULL, NULL, NULL, NULL, NULL, NULL, NULL, NULL, NULL, NULL, NULL, NULL, NULL, NULL, NULL, NULL, NULL, NULL, NULL, NULL, NULL, NULL, NULL, NULL, NULL, NULL, NULL, NULL, NULL, NULL, NULL, NULL, NULL, NULL, NULL, NULL, NULL, '2013-08-26 19:13:00', '2013-08-26 19:13:00', 'de18cba8-09b6-4b9e-bd6d-2d4ff1a5f68e'),
 ('94', '95', 'en_us', 'Five Pieces for Piano-1', NULL, NULL, NULL, NULL, NULL, NULL, NULL, NULL, NULL, NULL, NULL, NULL, NULL, NULL, NULL, NULL, NULL, NULL, NULL, NULL, NULL, NULL, NULL, NULL, NULL, NULL, NULL, NULL, NULL, NULL, NULL, NULL, NULL, NULL, NULL, NULL, NULL, '2013-08-26 19:13:00', '2013-08-26 19:13:00', 'ba5719c1-a80a-404a-8c23-ab3ad3bc0f92'),
 ('95', '96', 'en_us', 'Five Pieces for Piano-1', NULL, NULL, NULL, NULL, NULL, NULL, NULL, NULL, NULL, NULL, NULL, NULL, NULL, NULL, NULL, NULL, NULL, NULL, NULL, NULL, NULL, NULL, NULL, NULL, NULL, NULL, NULL, NULL, NULL, NULL, NULL, NULL, NULL, NULL, NULL, NULL, NULL, '2013-08-26 19:13:01', '2013-08-26 19:13:01', '3457ff0f-cd43-44f8-a4dc-fa6d2bca6fa7'),
 ('96', '97', 'en_us', 'Five Pieces for Piano-2', NULL, NULL, NULL, NULL, NULL, NULL, NULL, NULL, NULL, NULL, NULL, NULL, NULL, NULL, NULL, NULL, NULL, NULL, NULL, NULL, NULL, NULL, NULL, NULL, NULL, NULL, NULL, NULL, NULL, NULL, NULL, NULL, NULL, NULL, NULL, NULL, NULL, '2013-08-26 19:13:02', '2013-08-26 19:13:02', 'd860a71b-8bc2-4b27-8a25-41ea87d0239b'),
 ('97', '98', 'en_us', 'Five Pieces for Piano-2', NULL, NULL, NULL, NULL, NULL, NULL, NULL, NULL, NULL, NULL, NULL, NULL, NULL, NULL, NULL, NULL, NULL, NULL, NULL, NULL, NULL, NULL, NULL, NULL, NULL, NULL, NULL, NULL, NULL, NULL, NULL, NULL, NULL, NULL, NULL, NULL, NULL, '2013-08-26 19:13:02', '2013-08-26 19:13:02', '40243e89-f5af-47cb-9348-54652e6f74c7'),
 ('98', '99', 'en_us', 'Five Pieces for Piano-3', NULL, NULL, NULL, NULL, NULL, NULL, NULL, NULL, NULL, NULL, NULL, NULL, NULL, NULL, NULL, NULL, NULL, NULL, NULL, NULL, NULL, NULL, NULL, NULL, NULL, NULL, NULL, NULL, NULL, NULL, NULL, NULL, NULL, NULL, NULL, NULL, NULL, '2013-08-26 19:13:03', '2013-08-26 19:13:03', 'd8756957-af55-4841-b138-f95e337a46bc'),
 ('99', '100', 'en_us', 'Five Pieces for Piano-3', NULL, NULL, NULL, NULL, NULL, NULL, NULL, NULL, NULL, NULL, NULL, NULL, NULL, NULL, NULL, NULL, NULL, NULL, NULL, NULL, NULL, NULL, NULL, NULL, NULL, NULL, NULL, NULL, NULL, NULL, NULL, NULL, NULL, NULL, NULL, NULL, NULL, '2013-08-26 19:13:03', '2013-08-26 19:13:03', '80daf70c-014e-4491-98fb-248b84ba799d'),
 ('100', '101', 'en_us', 'Five Pieces for Piano-3', NULL, NULL, NULL, NULL, NULL, NULL, NULL, NULL, NULL, NULL, NULL, NULL, NULL, NULL, NULL, NULL, NULL, NULL, NULL, NULL, NULL, NULL, NULL, NULL, NULL, NULL, NULL, NULL, NULL, NULL, NULL, NULL, NULL, NULL, NULL, NULL, NULL, '2013-08-26 19:13:04', '2013-08-26 19:13:04', '836ef533-8d21-4efc-8b91-343845592d28'),
 ('101', '102', 'en_us', 'Five Pieces for Piano-4', NULL, NULL, NULL, NULL, NULL, NULL, NULL, NULL, NULL, NULL, NULL, NULL, NULL, NULL, NULL, NULL, NULL, NULL, NULL, NULL, NULL, NULL, NULL, NULL, NULL, NULL, NULL, NULL, NULL, NULL, NULL, NULL, NULL, NULL, NULL, NULL, NULL, '2013-08-26 19:13:04', '2013-08-26 19:13:04', '2bb6f51f-9c80-461f-97ac-e39716b5abf5'),
 ('102', '103', 'en_us', 'Five Pieces for Piano-4', NULL, NULL, NULL, NULL, NULL, NULL, NULL, NULL, NULL, NULL, NULL, NULL, NULL, NULL, NULL, NULL, NULL, NULL, NULL, NULL, NULL, NULL, NULL, NULL, NULL, NULL, NULL, NULL, NULL, NULL, NULL, NULL, NULL, NULL, NULL, NULL, NULL, '2013-08-26 19:13:05', '2013-08-26 19:13:05', 'aa086d66-4322-49e5-9371-f2706ed8f83d'),
 ('103', '104', 'en_us', 'Five Pieces for Piano-4', NULL, NULL, NULL, NULL, NULL, NULL, NULL, NULL, NULL, NULL, NULL, NULL, NULL, NULL, NULL, NULL, NULL, NULL, NULL, NULL, NULL, NULL, NULL, NULL, NULL, NULL, NULL, NULL, NULL, NULL, NULL, NULL, NULL, NULL, NULL, NULL, NULL, '2013-08-26 19:13:06', '2013-08-26 19:13:06', '22cd2152-ac38-4847-b8db-3d28d915470e'),
 ('104', '105', 'en_us', 'Five Pieces for Piano-5', NULL, NULL, NULL, NULL, NULL, NULL, NULL, NULL, NULL, NULL, NULL, NULL, NULL, NULL, NULL, NULL, NULL, NULL, NULL, NULL, NULL, NULL, NULL, NULL, NULL, NULL, NULL, NULL, NULL, NULL, NULL, NULL, NULL, NULL, NULL, NULL, NULL, '2013-08-26 19:13:06', '2013-08-26 19:13:06', '35624c91-a68f-4660-b549-7d4167e23053'),
 ('105', '106', 'en_us', 'Five Pieces for Piano-5', NULL, NULL, NULL, NULL, NULL, NULL, NULL, NULL, NULL, NULL, NULL, NULL, NULL, NULL, NULL, NULL, NULL, NULL, NULL, NULL, NULL, NULL, NULL, NULL, NULL, NULL, NULL, NULL, NULL, NULL, NULL, NULL, NULL, NULL, NULL, NULL, NULL, '2013-08-26 19:13:07', '2013-08-26 19:13:07', 'ff63f667-5ece-45fc-b2e3-0b04a1cfffb9'),
 ('106', '107', 'en_us', 'Five Pieces for Piano-5', NULL, NULL, NULL, NULL, NULL, NULL, NULL, NULL, NULL, NULL, NULL, NULL, NULL, NULL, NULL, NULL, NULL, NULL, NULL, NULL, NULL, NULL, NULL, NULL, NULL, NULL, NULL, NULL, NULL, NULL, NULL, NULL, NULL, NULL, NULL, NULL, NULL, '2013-08-26 19:13:07', '2013-08-26 19:13:07', 'f908cb09-b7fe-4add-a554-f5f88471d0a4'),
 ('107', '108', 'en_us', 'Five Pieces for Piano-1', NULL, NULL, NULL, NULL, NULL, NULL, NULL, NULL, NULL, NULL, NULL, NULL, NULL, NULL, NULL, NULL, NULL, NULL, NULL, NULL, NULL, NULL, NULL, NULL, NULL, NULL, NULL, NULL, NULL, NULL, NULL, NULL, NULL, NULL, NULL, NULL, NULL, '2013-08-26 19:19:24', '2013-08-26 19:19:24', '43ff572a-be76-4634-9557-545975cf99e0'),
 ('108', '109', 'en_us', 'Five Pieces for Piano-2', NULL, NULL, NULL, NULL, NULL, NULL, NULL, NULL, NULL, NULL, NULL, NULL, NULL, NULL, NULL, NULL, NULL, NULL, NULL, NULL, NULL, NULL, NULL, NULL, NULL, NULL, NULL, NULL, NULL, NULL, NULL, NULL, NULL, NULL, NULL, NULL, NULL, '2013-08-26 19:19:25', '2013-08-26 19:19:25', '39a56e52-92ff-4074-90fa-88f84fa0ff5a'),
 ('109', '110', 'en_us', 'Five Pieces for Piano-3', NULL, NULL, NULL, NULL, NULL, NULL, NULL, NULL, NULL, NULL, NULL, NULL, NULL, NULL, NULL, NULL, NULL, NULL, NULL, NULL, NULL, NULL, NULL, NULL, NULL, NULL, NULL, NULL, NULL, NULL, NULL, NULL, NULL, NULL, NULL, NULL, NULL, '2013-08-26 19:19:25', '2013-08-26 19:19:25', '7192b62e-dd70-4c53-b00d-bbc596346bf3'),
 ('110', '111', 'en_us', 'Five Pieces for Piano-4', NULL, NULL, NULL, NULL, NULL, NULL, NULL, NULL, NULL, NULL, NULL, NULL, NULL, NULL, NULL, NULL, NULL, NULL, NULL, NULL, NULL, NULL, NULL, NULL, NULL, NULL, NULL, NULL, NULL, NULL, NULL, NULL, NULL, NULL, NULL, NULL, NULL, '2013-08-26 19:19:26', '2013-08-26 19:19:26', 'c2e6227b-b904-4f18-83e7-784bc705d14f'),
 ('111', '112', 'en_us', 'Five Pieces for Piano-5', NULL, NULL, NULL, NULL, NULL, NULL, NULL, NULL, NULL, NULL, NULL, NULL, NULL, NULL, NULL, NULL, NULL, NULL, NULL, NULL, NULL, NULL, NULL, NULL, NULL, NULL, NULL, NULL, NULL, NULL, NULL, NULL, NULL, NULL, NULL, NULL, NULL, '2013-08-26 19:19:26', '2013-08-26 19:19:26', 'a59fb496-bad0-4b9b-94c1-32ce6b2126eb'),
 ('112', '113', 'en_us', 'Willow Catkins', NULL, NULL, NULL, NULL, NULL, NULL, NULL, NULL, NULL, NULL, NULL, NULL, NULL, NULL, NULL, NULL, NULL, NULL, NULL, NULL, NULL, NULL, NULL, NULL, NULL, NULL, NULL, NULL, NULL, NULL, NULL, NULL, NULL, NULL, NULL, NULL, NULL, '2013-08-26 19:45:25', '2013-08-26 19:45:25', '48bb0230-1a51-47e4-8a31-a361d3639673'),
 ('113', '114', 'en_us', 'Willow Catkins', NULL, NULL, NULL, NULL, NULL, NULL, NULL, NULL, NULL, NULL, NULL, NULL, NULL, NULL, NULL, NULL, NULL, NULL, NULL, NULL, NULL, NULL, NULL, NULL, NULL, NULL, NULL, NULL, NULL, NULL, NULL, NULL, NULL, NULL, NULL, NULL, NULL, '2013-08-26 19:45:26', '2013-08-26 19:45:26', 'cbca555d-0ba6-4d8b-a643-08ddb618df84'),
 ('114', '115', 'en_us', 'Willow Catkins', NULL, NULL, NULL, NULL, NULL, NULL, NULL, NULL, NULL, NULL, NULL, NULL, NULL, NULL, NULL, NULL, NULL, NULL, NULL, NULL, NULL, NULL, NULL, NULL, NULL, NULL, NULL, NULL, NULL, NULL, NULL, NULL, NULL, NULL, NULL, NULL, NULL, '2013-08-26 19:45:41', '2013-08-26 19:45:41', 'b042cd00-49a6-4c43-8e75-1de21ba74291'),
 ('115', '116', 'en_us', 'Willow Catkins', NULL, NULL, '<p>\r\n	Willow catkins fly in the wind like snow dancing under sunshine. Everything is like a dream. Everything freezes at that moment. Time does not move. Forever, perhaps exists in somewhere we see and do not see.\r\n</p>', '[{\"col1\":\"violin\"},{\"col1\":\"computer music\"}]', '7:17', '[{\"col1\":\"composer\",\"col2\":\"Hsin-Lei Chen\"},{\"col1\":\"violin\",\"col2\":\"Hsiang-chun Chien\"}]', '', 'audio', '1999', NULL, NULL, NULL, NULL, NULL, NULL, NULL, NULL, NULL, NULL, NULL, NULL, NULL, NULL, NULL, NULL, NULL, NULL, NULL, NULL, 'n', NULL, NULL, NULL, NULL, NULL, NULL, NULL, '2013-08-26 19:45:46', '2013-08-26 19:45:46', 'ad9c1e6a-7dfb-4acd-a58a-e0f1631af46c'),
 ('116', '117', 'en_us', 'Pomes Fantastiques Mvt.I', NULL, NULL, '<p>\r\n	  Mvt. 1\r\n</p>\r\n<p>\r\n	  Thirds and minor seconds establish the theme. The composer tries to express tough but still flexible, full of life force. Use pizz. to imitate heartbeats, like pulsation.\r\n</p>\r\n<p>\r\n	  Mvt. 2\r\n</p>\r\n<p>\r\n	  The overtone imitates the sound of peaceful whistle. Strength flows out of the inner heart, calmly, and steadily.\r\n</p>\r\n<p>\r\n	  Mvt. 3\r\n</p>\r\n<p>\r\n	  Under the tense atmosphere, tempt to find a way out. Step by step, become frantic and crazy. At last, escape from the cage, breath in the air from the sky.\r\n</p>', '[{\"col1\":\"violin solo\"}]', '5:30', '[{\"col1\":\"composer\",\"col2\":\"Hsin-Lei Chen\"},{\"col1\":\"violin\",\"col2\":\"Chia-lun Chang\"}]', '', 'audio', '2000', NULL, NULL, NULL, NULL, NULL, NULL, NULL, NULL, NULL, NULL, NULL, NULL, NULL, NULL, NULL, NULL, NULL, NULL, NULL, NULL, 'n', NULL, NULL, NULL, NULL, NULL, NULL, NULL, '2013-08-26 19:48:52', '2013-08-26 20:02:25', 'ca82530e-63d7-4d12-a2cb-dc00306a0ede'),
 ('117', '118', 'en_us', 'Pomes Fantastiques Mvt.II', NULL, NULL, '<p>\r\n	 Mvt. 1\r\n</p>\r\n<p>\r\n	 Thirds and minor seconds establish the theme. The composer tries to express tough but still flexible, full of life force. Use pizz. to imitate heartbeats, like pulsation.\r\n</p>\r\n<p>\r\n	 Mvt. 2\r\n</p>\r\n<p>\r\n	 The overtone imitates the sound of peaceful whistle. Strength flows out of the inner heart, calmly, and steadily.\r\n</p>\r\n<p>\r\n	 Mvt. 3\r\n</p>\r\n<p>\r\n	 Under the tense atmosphere, tempt to find a way out. Step by step, become frantic and crazy. At last, escape from the cage, breath in the air from the sky.\r\n</p>', '[{\"col1\":\"violin solo\"}]', '5:22', '[{\"col1\":\"composer\",\"col2\":\"Hsin-Lei Chen\"},{\"col1\":\"violin\",\"col2\":\"Chia-lun Chang\"}]', '', 'audio', '2000', NULL, NULL, NULL, NULL, NULL, NULL, NULL, NULL, NULL, NULL, NULL, NULL, NULL, NULL, NULL, NULL, NULL, NULL, NULL, NULL, 'n', NULL, NULL, NULL, NULL, NULL, NULL, NULL, '2013-08-26 19:50:15', '2013-08-26 20:03:03', '399fe68b-bcbe-4b9e-9381-42427a1e57d5'),
 ('118', '119', 'en_us', 'Pomes Fantastiques Mvt.III', NULL, NULL, '<p>\r\n	 Mvt. 1\r\n</p>\r\n<p>\r\n	 Thirds and minor seconds establish the theme. The composer tries to express tough but still flexible, full of life force. Use pizz. to imitate heartbeats, like pulsation.\r\n</p>\r\n<p>\r\n	 Mvt. 2\r\n</p>\r\n<p>\r\n	 The overtone imitates the sound of peaceful whistle. Strength flows out of the inner heart, calmly, and steadily.\r\n</p>\r\n<p>\r\n	 Mvt. 3\r\n</p>\r\n<p>\r\n	 Under the tense atmosphere, tempt to find a way out. Step by step, become frantic and crazy. At last, escape from the cage, breath in the air from the sky.\r\n</p>', '[{\"col1\":\"violin solo\"}]', '7:20', '[{\"col1\":\"composer\",\"col2\":\"Hsin-Lei Chen\"},{\"col1\":\"violin\",\"col2\":\"Chia-lun Chang\"}]', '', 'audio', '2000', NULL, NULL, NULL, NULL, NULL, NULL, NULL, NULL, NULL, NULL, NULL, NULL, NULL, NULL, NULL, NULL, NULL, NULL, NULL, NULL, 'n', NULL, NULL, NULL, NULL, NULL, NULL, NULL, '2013-08-26 19:51:37', '2013-08-26 20:03:45', '75a38834-dad6-41f1-aa9d-6e6ad571fff8'),
 ('119', '120', 'en_us', 'Mvt. 1', NULL, NULL, NULL, NULL, NULL, NULL, NULL, NULL, NULL, NULL, NULL, NULL, NULL, NULL, NULL, NULL, NULL, NULL, NULL, NULL, NULL, NULL, NULL, NULL, NULL, NULL, NULL, NULL, NULL, NULL, NULL, NULL, NULL, NULL, NULL, NULL, NULL, '2013-08-26 20:01:47', '2013-08-26 20:01:47', '8ee96483-faad-4a6d-afaf-29bf84f35d69'),
 ('120', '121', 'en_us', 'Mvt. 2', NULL, NULL, NULL, NULL, NULL, NULL, NULL, NULL, NULL, NULL, NULL, NULL, NULL, NULL, NULL, NULL, NULL, NULL, NULL, NULL, NULL, NULL, NULL, NULL, NULL, NULL, NULL, NULL, NULL, NULL, NULL, NULL, NULL, NULL, NULL, NULL, NULL, '2013-08-26 20:01:48', '2013-08-26 20:01:48', '7ce48f14-0921-410d-b9b1-e0352ad45617'),
 ('121', '122', 'en_us', 'Mvt. 1', NULL, NULL, NULL, NULL, NULL, NULL, NULL, NULL, NULL, NULL, NULL, NULL, NULL, NULL, NULL, NULL, NULL, NULL, NULL, NULL, NULL, NULL, NULL, NULL, NULL, NULL, NULL, NULL, NULL, NULL, NULL, NULL, NULL, NULL, NULL, NULL, NULL, '2013-08-26 20:01:49', '2013-08-26 20:01:49', 'def2154a-9f1f-4b6b-b868-fb7817ba9a2b'),
 ('122', '123', 'en_us', 'Mvt. 2', NULL, NULL, NULL, NULL, NULL, NULL, NULL, NULL, NULL, NULL, NULL, NULL, NULL, NULL, NULL, NULL, NULL, NULL, NULL, NULL, NULL, NULL, NULL, NULL, NULL, NULL, NULL, NULL, NULL, NULL, NULL, NULL, NULL, NULL, NULL, NULL, NULL, '2013-08-26 20:01:50', '2013-08-26 20:01:50', '57da97df-b53f-4990-a41e-9dc2b6ebe560'),
 ('123', '124', 'en_us', 'Mvt. 3', NULL, NULL, NULL, NULL, NULL, NULL, NULL, NULL, NULL, NULL, NULL, NULL, NULL, NULL, NULL, NULL, NULL, NULL, NULL, NULL, NULL, NULL, NULL, NULL, NULL, NULL, NULL, NULL, NULL, NULL, NULL, NULL, NULL, NULL, NULL, NULL, NULL, '2013-08-26 20:01:51', '2013-08-26 20:01:51', 'f363de13-064a-4bde-ae25-c51a78f2c2ae'),
 ('124', '125', 'en_us', 'Mvt. 3', NULL, NULL, NULL, NULL, NULL, NULL, NULL, NULL, NULL, NULL, NULL, NULL, NULL, NULL, NULL, NULL, NULL, NULL, NULL, NULL, NULL, NULL, NULL, NULL, NULL, NULL, NULL, NULL, NULL, NULL, NULL, NULL, NULL, NULL, NULL, NULL, NULL, '2013-08-26 20:01:52', '2013-08-26 20:01:52', 'fef19275-50c3-4c08-87d1-a99cdafda667'),
 ('125', '126', 'en_us', 'Mvt. 1', NULL, NULL, NULL, NULL, NULL, NULL, NULL, NULL, NULL, NULL, NULL, NULL, NULL, NULL, NULL, NULL, NULL, NULL, NULL, NULL, NULL, NULL, NULL, NULL, NULL, NULL, NULL, NULL, NULL, NULL, NULL, NULL, NULL, NULL, NULL, NULL, NULL, '2013-08-26 20:02:08', '2013-08-26 20:02:08', '799b7600-34d4-44ad-9136-e318e8443b5b'),
 ('126', '127', 'en_us', 'Mvt. 2', NULL, NULL, NULL, NULL, NULL, NULL, NULL, NULL, NULL, NULL, NULL, NULL, NULL, NULL, NULL, NULL, NULL, NULL, NULL, NULL, NULL, NULL, NULL, NULL, NULL, NULL, NULL, NULL, NULL, NULL, NULL, NULL, NULL, NULL, NULL, NULL, NULL, '2013-08-26 20:02:52', '2013-08-26 20:02:52', 'd0e93d5e-7478-48b3-95dc-37b0303afcba'),
 ('127', '128', 'en_us', 'Mvt. 3', NULL, NULL, NULL, NULL, NULL, NULL, NULL, NULL, NULL, NULL, NULL, NULL, NULL, NULL, NULL, NULL, NULL, NULL, NULL, NULL, NULL, NULL, NULL, NULL, NULL, NULL, NULL, NULL, NULL, NULL, NULL, NULL, NULL, NULL, NULL, NULL, NULL, '2013-08-26 20:03:35', '2013-08-26 20:03:35', '25838316-10b6-4a48-a7dd-3b17b59a24df'),
 ('128', '129', 'en_us', 'Colors of Clouds-A Beacon of Fire', NULL, NULL, NULL, NULL, NULL, NULL, NULL, NULL, NULL, NULL, NULL, NULL, NULL, NULL, NULL, NULL, NULL, NULL, NULL, NULL, NULL, NULL, NULL, NULL, NULL, NULL, NULL, NULL, NULL, NULL, NULL, NULL, NULL, NULL, NULL, NULL, NULL, '2013-08-26 20:43:40', '2013-08-26 20:43:40', '8bf2a5ba-e5ab-4d40-b476-25b4796cdb59'),
 ('129', '130', 'en_us', 'Colors of Clouds-A Beacon of Fire', NULL, NULL, NULL, NULL, NULL, NULL, NULL, NULL, NULL, NULL, NULL, NULL, NULL, NULL, NULL, NULL, NULL, NULL, NULL, NULL, NULL, NULL, NULL, NULL, NULL, NULL, NULL, NULL, NULL, NULL, NULL, NULL, NULL, NULL, NULL, NULL, NULL, '2013-08-26 20:43:41', '2013-08-26 20:43:41', 'ac139aa4-6972-4d87-835e-8b2517b12081'),
 ('130', '131', 'en_us', 'Colors of Clouds-A Beacon of Fire', NULL, NULL, NULL, NULL, NULL, NULL, NULL, NULL, NULL, NULL, NULL, NULL, NULL, NULL, NULL, NULL, NULL, NULL, NULL, NULL, NULL, NULL, NULL, NULL, NULL, NULL, NULL, NULL, NULL, NULL, NULL, NULL, NULL, NULL, NULL, NULL, NULL, '2013-08-26 20:44:19', '2013-08-26 20:44:19', 'c669945b-88fa-4677-a19f-6688e33fdfcc'),
 ('131', '132', 'en_us', 'Colors of Clouds-A Beacon of Fire', NULL, NULL, '<p>\r\n	 \"Cloud Colors\" contains 12 small piece. Each single pieces represents different atmosphere, the diversity of the colors of clouds, like open 12 doors of 12 moments.\r\n</p>', '[{\"col1\":\"bassoon\"},{\"col1\":\"2 violins\"},{\"col1\":\"viola\"},{\"col1\":\"cello\"},{\"col1\":\"contrabass\"}]', '0:20', '[{\"col1\":\"composer\",\"col2\":\"Hsin-Lei Chen\"},{\"col1\":\"bassoon\",\"col2\":\"Christopher Sales\"},{\"col1\":\"violin\",\"col2\":\"Gao Can and Kaun Chang Tu\"},{\"col1\":\"viola\",\"col2\":\"Miks Silis\"},{\"col1\":\"cello\",\"col2\":\"Sunghan Seung\"},{\"col1\":\"contrabass\",\"col2\":\"Maurice Todd\"}]', '', 'audio', '2000', NULL, NULL, NULL, NULL, NULL, NULL, NULL, NULL, NULL, NULL, NULL, NULL, NULL, NULL, NULL, NULL, NULL, NULL, NULL, NULL, 'n', NULL, NULL, NULL, NULL, NULL, NULL, NULL, '2013-08-26 20:44:24', '2013-08-26 21:35:24', '07ae3ad7-6daa-4c59-8d36-65ae6bab7268'),
 ('132', '133', 'en_us', 'Colors of Clouds-A Concubine s Room', NULL, NULL, NULL, NULL, NULL, NULL, NULL, NULL, NULL, NULL, NULL, NULL, NULL, NULL, NULL, NULL, NULL, NULL, NULL, NULL, NULL, NULL, NULL, NULL, NULL, NULL, NULL, NULL, NULL, NULL, NULL, NULL, NULL, NULL, NULL, NULL, NULL, '2013-08-26 20:53:55', '2013-08-26 20:53:55', '70d2a320-cc52-4f58-9d19-f695220851f9'),
 ('133', '134', 'en_us', 'Colors of Clouds-A Concubine s Room', NULL, NULL, NULL, NULL, NULL, NULL, NULL, NULL, NULL, NULL, NULL, NULL, NULL, NULL, NULL, NULL, NULL, NULL, NULL, NULL, NULL, NULL, NULL, NULL, NULL, NULL, NULL, NULL, NULL, NULL, NULL, NULL, NULL, NULL, NULL, NULL, NULL, '2013-08-26 20:53:55', '2013-08-26 20:53:55', '69c551cc-5722-490d-80b9-b7b2ee3816a0'),
 ('134', '135', 'en_us', 'Colors of Clouds-A Concubine s Room', NULL, NULL, NULL, NULL, NULL, NULL, NULL, NULL, NULL, NULL, NULL, NULL, NULL, NULL, NULL, NULL, NULL, NULL, NULL, NULL, NULL, NULL, NULL, NULL, NULL, NULL, NULL, NULL, NULL, NULL, NULL, NULL, NULL, NULL, NULL, NULL, NULL, '2013-08-26 20:54:05', '2013-08-26 20:54:05', 'a51531f0-27c3-48a2-9c04-358ffb11336c'),
 ('135', '136', 'en_us', 'Colors of Clouds-A Concubine\'s Room', NULL, NULL, '<p>\r\n	 \"Cloud Colors\" contains 12 small piece. Each single pieces represents different atmosphere, the diversity of the colors of clouds, like open 12 doors of 12 moments.\r\n</p>', '[{\"col1\":\"bassoon\"},{\"col1\":\"2 violins\"},{\"col1\":\"viola\"},{\"col1\":\"cello\"},{\"col1\":\"contrabass\"}]', '0:51', '[{\"col1\":\"composer\",\"col2\":\"Hsin-Lei Chen\"},{\"col1\":\"bassoon\",\"col2\":\"Christopher Sales\"},{\"col1\":\"violin\",\"col2\":\"Gao Can and Kaun Chang Tu\"},{\"col1\":\"viola\",\"col2\":\"Miks Silis\"},{\"col1\":\"cello\",\"col2\":\"Sunghan Seung\"},{\"col1\":\"contrabass\",\"col2\":\"Maurice Todd\"}]', '', 'audio', '2000', NULL, NULL, NULL, NULL, NULL, NULL, NULL, NULL, NULL, NULL, NULL, NULL, NULL, NULL, NULL, NULL, NULL, NULL, NULL, NULL, 'n', NULL, NULL, NULL, NULL, NULL, NULL, NULL, '2013-08-26 20:54:12', '2013-08-26 21:35:39', '595c8c7f-3f27-42f1-875f-4bb8ffcd60cb'),
 ('136', '137', 'en_us', 'Colors of Clouds-A Dark Valley', NULL, NULL, NULL, NULL, NULL, NULL, NULL, NULL, NULL, NULL, NULL, NULL, NULL, NULL, NULL, NULL, NULL, NULL, NULL, NULL, NULL, NULL, NULL, NULL, NULL, NULL, NULL, NULL, NULL, NULL, NULL, NULL, NULL, NULL, NULL, NULL, NULL, '2013-08-26 20:57:32', '2013-08-26 20:57:32', 'dcaceda4-17fc-47a9-afd4-cef45ad194a7'),
 ('137', '138', 'en_us', 'Colors of Clouds-A Dark Valley', NULL, NULL, NULL, NULL, NULL, NULL, NULL, NULL, NULL, NULL, NULL, NULL, NULL, NULL, NULL, NULL, NULL, NULL, NULL, NULL, NULL, NULL, NULL, NULL, NULL, NULL, NULL, NULL, NULL, NULL, NULL, NULL, NULL, NULL, NULL, NULL, NULL, '2013-08-26 20:57:32', '2013-08-26 20:57:32', '9e8084b5-f18b-4d99-837d-c0429307b38e'),
 ('138', '139', 'en_us', 'Colors of Clouds-A Dark Valley', NULL, NULL, NULL, NULL, NULL, NULL, NULL, NULL, NULL, NULL, NULL, NULL, NULL, NULL, NULL, NULL, NULL, NULL, NULL, NULL, NULL, NULL, NULL, NULL, NULL, NULL, NULL, NULL, NULL, NULL, NULL, NULL, NULL, NULL, NULL, NULL, NULL, '2013-08-26 20:57:46', '2013-08-26 20:57:46', '9ef8f529-5033-4e65-959a-b1cd7dc40f40'),
 ('139', '140', 'en_us', 'Colors of Clouds-A Dark Valley', NULL, NULL, '<p>\r\n	 \"Cloud Colors\" contains 12 small piece. Each single pieces represents different atmosphere, the diversity of the colors of clouds, like open 12 doors of 12 moments.\r\n</p>', '[{\"col1\":\"bassoon\"},{\"col1\":\"2 violins\"},{\"col1\":\"viola\"},{\"col1\":\"cello\"},{\"col1\":\"contrabass\"}]', '1:02', '[{\"col1\":\"composer\",\"col2\":\"Hsin-Lei Chen\"},{\"col1\":\"bassoon\",\"col2\":\"Christopher Sales\"},{\"col1\":\"violin\",\"col2\":\"Gao Can and Kaun Chang Tu\"},{\"col1\":\"viola\",\"col2\":\"Miks Silis\"},{\"col1\":\"cello\",\"col2\":\"Sunghan Seung\"},{\"col1\":\"contrabass\",\"col2\":\"Maurice Todd\"}]', '', 'audio', '2000', NULL, NULL, NULL, NULL, NULL, NULL, NULL, NULL, NULL, NULL, NULL, NULL, NULL, NULL, NULL, NULL, NULL, NULL, NULL, NULL, 'n', NULL, NULL, NULL, NULL, NULL, NULL, NULL, '2013-08-26 20:57:51', '2013-08-26 21:35:53', 'c9f019c8-d34d-426b-9946-8b7f56c947de'),
 ('140', '141', 'en_us', 'Colors of Clouds-An Old General s Soliloquy', NULL, NULL, NULL, NULL, NULL, NULL, NULL, NULL, NULL, NULL, NULL, NULL, NULL, NULL, NULL, NULL, NULL, NULL, NULL, NULL, NULL, NULL, NULL, NULL, NULL, NULL, NULL, NULL, NULL, NULL, NULL, NULL, NULL, NULL, NULL, NULL, NULL, '2013-08-26 21:02:39', '2013-08-26 21:02:39', '154a7012-6669-4189-99d8-cbf1dc7c6f3f'),
 ('141', '142', 'en_us', 'Colors of Clouds-An Old General s Soliloquy', NULL, NULL, NULL, NULL, NULL, NULL, NULL, NULL, NULL, NULL, NULL, NULL, NULL, NULL, NULL, NULL, NULL, NULL, NULL, NULL, NULL, NULL, NULL, NULL, NULL, NULL, NULL, NULL, NULL, NULL, NULL, NULL, NULL, NULL, NULL, NULL, NULL, '2013-08-26 21:02:39', '2013-08-26 21:02:39', '1e448cfd-0540-42ac-8153-8d82bd322b83'),
 ('142', '143', 'en_us', 'Colors of Clouds-An Old General s Soliloquy', NULL, NULL, NULL, NULL, NULL, NULL, NULL, NULL, NULL, NULL, NULL, NULL, NULL, NULL, NULL, NULL, NULL, NULL, NULL, NULL, NULL, NULL, NULL, NULL, NULL, NULL, NULL, NULL, NULL, NULL, NULL, NULL, NULL, NULL, NULL, NULL, NULL, '2013-08-26 21:02:53', '2013-08-26 21:02:53', '5758fd6d-18d2-4b42-b460-b3f52fc4d612'),
 ('143', '144', 'en_us', 'Colors of Clouds-An Old General\'s Soliloquy', NULL, NULL, '<p>\r\n	 \"Cloud Colors\" contains 12 small piece. Each single pieces represents different atmosphere, the diversity of the colors of clouds, like open 12 doors of 12 moments.\r\n</p>', '[{\"col1\":\"bassoon\"},{\"col1\":\"2 violins\"},{\"col1\":\"viola\"},{\"col1\":\"cello\"},{\"col1\":\"contrabass\"}]', '1:42', '[{\"col1\":\"composer\",\"col2\":\"Hsin-Lei Chen\"},{\"col1\":\"bassoon\",\"col2\":\"Christopher Sales\"},{\"col1\":\"violin\",\"col2\":\"Gao Can and Kaun Chang Tu\"},{\"col1\":\"viola\",\"col2\":\"Miks Silis\"},{\"col1\":\"cello\",\"col2\":\"Sunghan Seung\"},{\"col1\":\"contrabass\",\"col2\":\"Maurice Todd\"}]', '', 'audio', '2000', NULL, NULL, NULL, NULL, NULL, NULL, NULL, NULL, NULL, NULL, NULL, NULL, NULL, NULL, NULL, NULL, NULL, NULL, NULL, NULL, 'n', NULL, NULL, NULL, NULL, NULL, NULL, NULL, '2013-08-26 21:03:00', '2013-08-26 21:36:07', '1537899a-3fe3-48cc-a311-883831233730'),
 ('144', '145', 'en_us', 'Colors of Clouds-Butterfly', NULL, NULL, NULL, NULL, NULL, NULL, NULL, NULL, NULL, NULL, NULL, NULL, NULL, NULL, NULL, NULL, NULL, NULL, NULL, NULL, NULL, NULL, NULL, NULL, NULL, NULL, NULL, NULL, NULL, NULL, NULL, NULL, NULL, NULL, NULL, NULL, NULL, '2013-08-26 21:07:11', '2013-08-26 21:07:11', 'd26a7dc9-8b2d-4392-adb1-026b20cdcece'),
 ('145', '146', 'en_us', 'Colors of Clouds-Butterfly', NULL, NULL, NULL, NULL, NULL, NULL, NULL, NULL, NULL, NULL, NULL, NULL, NULL, NULL, NULL, NULL, NULL, NULL, NULL, NULL, NULL, NULL, NULL, NULL, NULL, NULL, NULL, NULL, NULL, NULL, NULL, NULL, NULL, NULL, NULL, NULL, NULL, '2013-08-26 21:07:12', '2013-08-26 21:07:12', 'ce5d33b7-d904-45e0-a141-55722b7d8cc8'),
 ('146', '147', 'en_us', 'Colors of Clouds-Butterfly', NULL, NULL, NULL, NULL, NULL, NULL, NULL, NULL, NULL, NULL, NULL, NULL, NULL, NULL, NULL, NULL, NULL, NULL, NULL, NULL, NULL, NULL, NULL, NULL, NULL, NULL, NULL, NULL, NULL, NULL, NULL, NULL, NULL, NULL, NULL, NULL, NULL, '2013-08-26 21:07:24', '2013-08-26 21:07:24', '7710e990-9f13-4c80-b230-33000f6a248d'),
 ('147', '148', 'en_us', 'Colors of Clouds-Butterfly', NULL, NULL, '<p>\r\n	 \"Cloud Colors\" contains 12 small piece. Each single pieces represents different atmosphere, the diversity of the colors of clouds, like open 12 doors of 12 moments.\r\n</p>', '[{\"col1\":\"bassoon\"},{\"col1\":\"2 violins\"},{\"col1\":\"viola\"},{\"col1\":\"cello\"},{\"col1\":\"contrabass\"}]', '0:33', '[{\"col1\":\"composer\",\"col2\":\"Hsin-Lei Chen\"},{\"col1\":\"bassoon\",\"col2\":\"Christopher Sales\"},{\"col1\":\"violin\",\"col2\":\"Gao Can and Kaun Chang Tu\"},{\"col1\":\"viola\",\"col2\":\"Miks Silis\"},{\"col1\":\"cello\",\"col2\":\"Sunghan Seung\"},{\"col1\":\"contrabass\",\"col2\":\"Maurice Todd\"}]', '', 'audio', '2000', NULL, NULL, NULL, NULL, NULL, NULL, NULL, NULL, NULL, NULL, NULL, NULL, NULL, NULL, NULL, NULL, NULL, NULL, NULL, NULL, 'n', NULL, NULL, NULL, NULL, NULL, NULL, NULL, '2013-08-26 21:07:28', '2013-08-26 21:36:20', 'e4d11220-75e3-422f-94a1-e3b363d65c8f'),
 ('148', '149', 'en_us', 'Colors of Clouds-Empty Temple', NULL, NULL, NULL, NULL, NULL, NULL, NULL, NULL, NULL, NULL, NULL, NULL, NULL, NULL, NULL, NULL, NULL, NULL, NULL, NULL, NULL, NULL, NULL, NULL, NULL, NULL, NULL, NULL, NULL, NULL, NULL, NULL, NULL, NULL, NULL, NULL, NULL, '2013-08-26 21:11:54', '2013-08-26 21:11:54', '39074d2d-dd34-4a61-943e-de6295e55fac'),
 ('149', '150', 'en_us', 'Colors of Clouds-Empty Temple', NULL, NULL, NULL, NULL, NULL, NULL, NULL, NULL, NULL, NULL, NULL, NULL, NULL, NULL, NULL, NULL, NULL, NULL, NULL, NULL, NULL, NULL, NULL, NULL, NULL, NULL, NULL, NULL, NULL, NULL, NULL, NULL, NULL, NULL, NULL, NULL, NULL, '2013-08-26 21:11:54', '2013-08-26 21:11:54', '473b8aff-86dd-4957-9923-f383f87f328b'),
 ('150', '151', 'en_us', 'Colors of Clouds-Empty Temple', NULL, NULL, NULL, NULL, NULL, NULL, NULL, NULL, NULL, NULL, NULL, NULL, NULL, NULL, NULL, NULL, NULL, NULL, NULL, NULL, NULL, NULL, NULL, NULL, NULL, NULL, NULL, NULL, NULL, NULL, NULL, NULL, NULL, NULL, NULL, NULL, NULL, '2013-08-26 21:12:04', '2013-08-26 21:12:04', '5ae5b5dc-af32-48fb-940e-8f1bffda938e'),
 ('151', '152', 'en_us', 'Colors of Clouds-Empty Temple', NULL, NULL, '<p>\r\n	 \"Cloud Colors\" contains 12 small piece. Each single pieces represents different atmosphere, the diversity of the colors of clouds, like open 12 doors of 12 moments.\r\n</p>', '[{\"col1\":\"bassoon\"},{\"col1\":\"2 violins\"},{\"col1\":\"viola\"},{\"col1\":\"cello\"},{\"col1\":\"contrabass\"}]', '0:47', '[{\"col1\":\"composer\",\"col2\":\"Hsin-Lei Chen\"},{\"col1\":\"bassoon\",\"col2\":\"Christopher Sales\"},{\"col1\":\"violin\",\"col2\":\"Gao Can and Kaun Chang Tu\"},{\"col1\":\"viola\",\"col2\":\"Miks Silis\"},{\"col1\":\"cello\",\"col2\":\"Sunghan Seung\"},{\"col1\":\"contrabass\",\"col2\":\"Maurice Todd\"}]', '', 'audio', '2000', NULL, NULL, NULL, NULL, NULL, NULL, NULL, NULL, NULL, NULL, NULL, NULL, NULL, NULL, NULL, NULL, NULL, NULL, NULL, NULL, 'n', NULL, NULL, NULL, NULL, NULL, NULL, NULL, '2013-08-26 21:12:10', '2013-08-26 21:36:33', 'aa55b4ad-eeb9-4bed-9a48-699e97718963'),
 ('152', '153', 'en_us', 'Colors of Clouds-Floating Air', NULL, NULL, NULL, NULL, NULL, NULL, NULL, NULL, NULL, NULL, NULL, NULL, NULL, NULL, NULL, NULL, NULL, NULL, NULL, NULL, NULL, NULL, NULL, NULL, NULL, NULL, NULL, NULL, NULL, NULL, NULL, NULL, NULL, NULL, NULL, NULL, NULL, '2013-08-26 21:15:52', '2013-08-26 21:15:52', 'c8be61ff-e029-445b-b97e-8b87cd194f50'),
 ('153', '154', 'en_us', 'Colors of Clouds-Floating Air', NULL, NULL, NULL, NULL, NULL, NULL, NULL, NULL, NULL, NULL, NULL, NULL, NULL, NULL, NULL, NULL, NULL, NULL, NULL, NULL, NULL, NULL, NULL, NULL, NULL, NULL, NULL, NULL, NULL, NULL, NULL, NULL, NULL, NULL, NULL, NULL, NULL, '2013-08-26 21:15:52', '2013-08-26 21:15:52', '27a3b63a-f43d-4f5a-8786-e986b908f8a8'),
 ('154', '155', 'en_us', 'Colors of Clouds-Floating Air', NULL, NULL, NULL, NULL, NULL, NULL, NULL, NULL, NULL, NULL, NULL, NULL, NULL, NULL, NULL, NULL, NULL, NULL, NULL, NULL, NULL, NULL, NULL, NULL, NULL, NULL, NULL, NULL, NULL, NULL, NULL, NULL, NULL, NULL, NULL, NULL, NULL, '2013-08-26 21:16:03', '2013-08-26 21:16:03', 'dcc81448-6737-49df-bc8d-e56770083fd6'),
 ('155', '156', 'en_us', 'Colors of Clouds-Floating Air', NULL, NULL, '<p>\r\n	 \"Cloud Colors\" contains 12 small piece. Each single pieces represents different atmosphere, the diversity of the colors of clouds, like open 12 doors of 12 moments.\r\n</p>', '[{\"col1\":\"bassoon\"},{\"col1\":\"2 violins\"},{\"col1\":\"viola\"},{\"col1\":\"cello\"},{\"col1\":\"contrabass\"}]', '0:29', '[{\"col1\":\"composer\",\"col2\":\"Hsin-Lei Chen\"},{\"col1\":\"bassoon\",\"col2\":\"Christopher Sales\"},{\"col1\":\"violin\",\"col2\":\"Gao Can and Kaun Chang Tu\"},{\"col1\":\"viola\",\"col2\":\"Miks Silis\"},{\"col1\":\"cello\",\"col2\":\"Sunghan Seung\"},{\"col1\":\"contrabass\",\"col2\":\"Maurice Todd\"}]', '', 'audio', '2000', NULL, NULL, NULL, NULL, NULL, NULL, NULL, NULL, NULL, NULL, NULL, NULL, NULL, NULL, NULL, NULL, NULL, NULL, NULL, NULL, 'n', NULL, NULL, NULL, NULL, NULL, NULL, NULL, '2013-08-26 21:16:13', '2013-08-26 21:36:46', '6e9878b9-38a7-4660-8cb8-a4294f012db2'),
 ('156', '157', 'en_us', 'Colors of Clouds-Old Palace', NULL, NULL, NULL, NULL, NULL, NULL, NULL, NULL, NULL, NULL, NULL, NULL, NULL, NULL, NULL, NULL, NULL, NULL, NULL, NULL, NULL, NULL, NULL, NULL, NULL, NULL, NULL, NULL, NULL, NULL, NULL, NULL, NULL, NULL, NULL, NULL, NULL, '2013-08-26 21:18:51', '2013-08-26 21:18:51', '76a1facd-0e0c-43d4-9466-c49b429ee6bb'),
 ('157', '158', 'en_us', 'Colors of Clouds-Old Palace', NULL, NULL, NULL, NULL, NULL, NULL, NULL, NULL, NULL, NULL, NULL, NULL, NULL, NULL, NULL, NULL, NULL, NULL, NULL, NULL, NULL, NULL, NULL, NULL, NULL, NULL, NULL, NULL, NULL, NULL, NULL, NULL, NULL, NULL, NULL, NULL, NULL, '2013-08-26 21:18:51', '2013-08-26 21:18:51', 'e5863182-817c-4aa9-a2c3-874e6fce999e'),
 ('158', '159', 'en_us', 'Colors of Clouds-Old Palace', NULL, NULL, NULL, NULL, NULL, NULL, NULL, NULL, NULL, NULL, NULL, NULL, NULL, NULL, NULL, NULL, NULL, NULL, NULL, NULL, NULL, NULL, NULL, NULL, NULL, NULL, NULL, NULL, NULL, NULL, NULL, NULL, NULL, NULL, NULL, NULL, NULL, '2013-08-26 21:19:02', '2013-08-26 21:19:02', '6a26c75b-42cc-4351-b815-5511d5263d5d'),
 ('159', '160', 'en_us', 'Colors of Clouds-Old Palace', NULL, NULL, '<p>\r\n	 \"Cloud Colors\" contains 12 small piece. Each single pieces represents different atmosphere, the diversity of the colors of clouds, like open 12 doors of 12 moments.\r\n</p>', '[{\"col1\":\"bassoon\"},{\"col1\":\"2 violins\"},{\"col1\":\"viola\"},{\"col1\":\"cello\"},{\"col1\":\"contrabass\"}]', '0:54', '[{\"col1\":\"composer\",\"col2\":\"Hsin-Lei Chen\"}]', '', 'audio', '2000', NULL, NULL, NULL, NULL, NULL, NULL, NULL, NULL, NULL, NULL, NULL, NULL, NULL, NULL, NULL, NULL, NULL, NULL, NULL, NULL, 'n', NULL, NULL, NULL, NULL, NULL, NULL, NULL, '2013-08-26 21:19:07', '2013-08-26 21:34:56', 'd7369923-4f23-4269-8da3-8304284c928e'),
 ('160', '161', 'en_us', 'Colors of Clouds-Silent Rage', NULL, NULL, NULL, NULL, NULL, NULL, NULL, NULL, NULL, NULL, NULL, NULL, NULL, NULL, NULL, NULL, NULL, NULL, NULL, NULL, NULL, NULL, NULL, NULL, NULL, NULL, NULL, NULL, NULL, NULL, NULL, NULL, NULL, NULL, NULL, NULL, NULL, '2013-08-26 21:21:55', '2013-08-26 21:21:55', '63be0b1c-ef16-49bc-b881-a40c1f881ac0'),
 ('161', '162', 'en_us', 'Colors of Clouds-Silent Rage', NULL, NULL, NULL, NULL, NULL, NULL, NULL, NULL, NULL, NULL, NULL, NULL, NULL, NULL, NULL, NULL, NULL, NULL, NULL, NULL, NULL, NULL, NULL, NULL, NULL, NULL, NULL, NULL, NULL, NULL, NULL, NULL, NULL, NULL, NULL, NULL, NULL, '2013-08-26 21:21:56', '2013-08-26 21:21:56', '5dde01dc-bed0-4bb3-a9b9-925628429236'),
 ('162', '163', 'en_us', 'Colors of Clouds-Silent Rage', NULL, NULL, NULL, NULL, NULL, NULL, NULL, NULL, NULL, NULL, NULL, NULL, NULL, NULL, NULL, NULL, NULL, NULL, NULL, NULL, NULL, NULL, NULL, NULL, NULL, NULL, NULL, NULL, NULL, NULL, NULL, NULL, NULL, NULL, NULL, NULL, NULL, '2013-08-26 21:22:05', '2013-08-26 21:22:05', '9cd1db15-f680-401c-a6f8-0c8fec5c10e1'),
 ('163', '164', 'en_us', 'Colors of Clouds-Silent Rage', NULL, NULL, '<p>\r\n	 \"Cloud Colors\" contains 12 small piece. Each single pieces represents different atmosphere, the diversity of the colors of clouds, like open 12 doors of 12 moments.\r\n</p>', '[{\"col1\":\"bassoon\"},{\"col1\":\"2 violins\"},{\"col1\":\"viola\"},{\"col1\":\"cello\"},{\"col1\":\"contrabass\"}]', '0:20', '[{\"col1\":\"composer\",\"col2\":\"Hsin-Lei Chen\"},{\"col1\":\"bassoon\",\"col2\":\"Christopher Sales\"},{\"col1\":\"violin\",\"col2\":\"Gao Can and Kaun Chang Tu\"},{\"col1\":\"viola\",\"col2\":\"Miks Silis\"},{\"col1\":\"cello\",\"col2\":\"Sunghan Seung\"},{\"col1\":\"contrabass\",\"col2\":\"Maurice Todd\"}]', '', 'audio', '2000', NULL, NULL, NULL, NULL, NULL, NULL, NULL, NULL, NULL, NULL, NULL, NULL, NULL, NULL, NULL, NULL, NULL, NULL, NULL, NULL, 'n', NULL, NULL, NULL, NULL, NULL, NULL, NULL, '2013-08-26 21:22:10', '2013-08-26 21:34:43', 'e7363d34-5240-4b07-8a9d-d774601a42fd'),
 ('164', '165', 'en_us', 'Colors of Clouds-Swimming in between Streams of Light', NULL, NULL, NULL, NULL, NULL, NULL, NULL, NULL, NULL, NULL, NULL, NULL, NULL, NULL, NULL, NULL, NULL, NULL, NULL, NULL, NULL, NULL, NULL, NULL, NULL, NULL, NULL, NULL, NULL, NULL, NULL, NULL, NULL, NULL, NULL, NULL, NULL, '2013-08-26 21:24:59', '2013-08-26 21:24:59', '323e7b93-9bc2-48c3-aeee-cd152ad1b6aa'),
 ('165', '166', 'en_us', 'Colors of Clouds-Swimming in between Streams of Light', NULL, NULL, NULL, NULL, NULL, NULL, NULL, NULL, NULL, NULL, NULL, NULL, NULL, NULL, NULL, NULL, NULL, NULL, NULL, NULL, NULL, NULL, NULL, NULL, NULL, NULL, NULL, NULL, NULL, NULL, NULL, NULL, NULL, NULL, NULL, NULL, NULL, '2013-08-26 21:25:00', '2013-08-26 21:25:00', 'dd83ed7d-0b29-4285-9a86-3eda2b078841'),
 ('166', '167', 'en_us', 'Colors of Clouds-Swimming in between Streams of Light', NULL, NULL, NULL, NULL, NULL, NULL, NULL, NULL, NULL, NULL, NULL, NULL, NULL, NULL, NULL, NULL, NULL, NULL, NULL, NULL, NULL, NULL, NULL, NULL, NULL, NULL, NULL, NULL, NULL, NULL, NULL, NULL, NULL, NULL, NULL, NULL, NULL, '2013-08-26 21:25:13', '2013-08-26 21:25:13', 'af9060b0-1847-46b4-9481-709ddae212ac'),
 ('167', '168', 'en_us', 'Colors of Clouds-Swimming in between Streams of Light', NULL, NULL, '<p>\r\n	 \"Cloud Colors\" contains 12 small piece. Each single pieces represents different atmosphere, the diversity of the colors of clouds, like open 12 doors of 12 moments.\r\n</p>', '[{\"col1\":\"bassoon\"},{\"col1\":\"2 violins\"},{\"col1\":\"viola\"},{\"col1\":\"cello\"},{\"col1\":\"contrabass\"}]', '0:48', '[{\"col1\":\"composer\",\"col2\":\"Hsin-Lei Chen\"},{\"col1\":\"bassoon\",\"col2\":\"Christopher Sales\"},{\"col1\":\"violin\",\"col2\":\"Gao Can and Kaun Chang Tu\"},{\"col1\":\"viola\",\"col2\":\"Miks Silis\"},{\"col1\":\"cello\",\"col2\":\"Sunghan Seung\"},{\"col1\":\"contrabass\",\"col2\":\"Maurice Todd\"}]', '', 'audio', '2000', NULL, NULL, NULL, NULL, NULL, NULL, NULL, NULL, NULL, NULL, NULL, NULL, NULL, NULL, NULL, NULL, NULL, NULL, NULL, NULL, 'n', NULL, NULL, NULL, NULL, NULL, NULL, NULL, '2013-08-26 21:25:18', '2013-08-26 21:34:29', '3efeb43e-c37a-458d-84bf-5f6bf4bc358f'),
 ('168', '169', 'en_us', 'Colors of Clouds-Tinkly Jewels', NULL, NULL, NULL, NULL, NULL, NULL, NULL, NULL, NULL, NULL, NULL, NULL, NULL, NULL, NULL, NULL, NULL, NULL, NULL, NULL, NULL, NULL, NULL, NULL, NULL, NULL, NULL, NULL, NULL, NULL, NULL, NULL, NULL, NULL, NULL, NULL, NULL, '2013-08-26 21:27:33', '2013-08-26 21:27:33', '0b7aa7a3-9cca-49f8-bdc6-f70d42613e02'),
 ('169', '170', 'en_us', 'Colors of Clouds-Tinkly Jewels', NULL, NULL, NULL, NULL, NULL, NULL, NULL, NULL, NULL, NULL, NULL, NULL, NULL, NULL, NULL, NULL, NULL, NULL, NULL, NULL, NULL, NULL, NULL, NULL, NULL, NULL, NULL, NULL, NULL, NULL, NULL, NULL, NULL, NULL, NULL, NULL, NULL, '2013-08-26 21:27:33', '2013-08-26 21:27:33', 'cc5f74ad-ede6-4ff9-8435-668cc9825fc8'),
 ('170', '171', 'en_us', 'Colors of Clouds-Tinkly Jewels', NULL, NULL, NULL, NULL, NULL, NULL, NULL, NULL, NULL, NULL, NULL, NULL, NULL, NULL, NULL, NULL, NULL, NULL, NULL, NULL, NULL, NULL, NULL, NULL, NULL, NULL, NULL, NULL, NULL, NULL, NULL, NULL, NULL, NULL, NULL, NULL, NULL, '2013-08-26 21:27:52', '2013-08-26 21:27:52', 'af755fb8-0f11-413d-be94-1321ef89a38b'),
 ('171', '172', 'en_us', 'Colors of Clouds-Tinkly Jewels', NULL, NULL, '<p>\r\n	 \"Cloud Colors\" contains 12 small piece. Each single pieces represents different atmosphere, the diversity of the colors of clouds, like open 12 doors of 12 moments.\r\n</p>', '[{\"col1\":\"bassoon\"},{\"col1\":\"2 violins\"},{\"col1\":\"viola\"},{\"col1\":\"cello\"},{\"col1\":\"contrabass\"}]', '0:31', '[{\"col1\":\"composer\",\"col2\":\"Hsin-Lei Chen\"},{\"col1\":\"bassoon\",\"col2\":\"Christopher Sales\"},{\"col1\":\"violin\",\"col2\":\"Gao Can and Kaun Chang Tu\"},{\"col1\":\"viola\",\"col2\":\"Miks Silis\"},{\"col1\":\"cello\",\"col2\":\"Sunghan Seung\"},{\"col1\":\"contrabass\",\"col2\":\"Maurice Todd\"}]', '', 'audio', '2000', NULL, NULL, NULL, NULL, NULL, NULL, NULL, NULL, NULL, NULL, NULL, NULL, NULL, NULL, NULL, NULL, NULL, NULL, NULL, NULL, 'n', NULL, NULL, NULL, NULL, NULL, NULL, NULL, '2013-08-26 21:27:56', '2013-08-26 21:34:12', '6ab7cb28-ba3c-49b5-a5f6-6f1303e6854d'),
 ('172', '173', 'en_us', 'Colors of Clouds-To the Sky Line', NULL, NULL, NULL, NULL, NULL, NULL, NULL, NULL, NULL, NULL, NULL, NULL, NULL, NULL, NULL, NULL, NULL, NULL, NULL, NULL, NULL, NULL, NULL, NULL, NULL, NULL, NULL, NULL, NULL, NULL, NULL, NULL, NULL, NULL, NULL, NULL, NULL, '2013-08-26 21:30:22', '2013-08-26 21:30:22', '2ddc799b-1e20-46a4-88fb-a947e8553aaf'),
 ('173', '174', 'en_us', 'Colors of Clouds-To the Sky Line', NULL, NULL, NULL, NULL, NULL, NULL, NULL, NULL, NULL, NULL, NULL, NULL, NULL, NULL, NULL, NULL, NULL, NULL, NULL, NULL, NULL, NULL, NULL, NULL, NULL, NULL, NULL, NULL, NULL, NULL, NULL, NULL, NULL, NULL, NULL, NULL, NULL, '2013-08-26 21:30:32', '2013-08-26 21:30:32', '2b4b79ba-c487-493c-bd9b-f72a4ffbb96e'),
 ('174', '175', 'en_us', 'Colors of Clouds-To the Sky Line', NULL, NULL, NULL, NULL, NULL, NULL, NULL, NULL, NULL, NULL, NULL, NULL, NULL, NULL, NULL, NULL, NULL, NULL, NULL, NULL, NULL, NULL, NULL, NULL, NULL, NULL, NULL, NULL, NULL, NULL, NULL, NULL, NULL, NULL, NULL, NULL, NULL, '2013-08-26 21:30:32', '2013-08-26 21:30:32', 'b8af0424-a6bf-4166-8c24-7aa242a52239'),
 ('175', '176', 'en_us', 'Colors of Clouds-To the Sky Line', NULL, NULL, '<p>\r\n	 \"Cloud Colors\" contains 12 small piece. Each single pieces represents different atmosphere, the diversity of the colors of clouds, like open 12 doors of 12 moments.\r\n</p>', '[{\"col1\":\"bassoon\"},{\"col1\":\"2 violins\"},{\"col1\":\"viola\"},{\"col1\":\"cello\"},{\"col1\":\"contrabass\"}]', '0:30', '[{\"col1\":\"composer\",\"col2\":\"Hsin-Lei Chen\"},{\"col1\":\"bassoon\",\"col2\":\"Christopher Sales\"},{\"col1\":\"violin\",\"col2\":\"Gao Can and Kaun Chang Tu\"},{\"col1\":\"viola\",\"col2\":\"Miks Silis\"},{\"col1\":\"cello\",\"col2\":\"Sunghan Seung\"},{\"col1\":\"contrabass\",\"col2\":\"Maurice Todd\"}]', '', 'audio', '2000', NULL, NULL, NULL, NULL, NULL, NULL, NULL, NULL, NULL, NULL, NULL, NULL, NULL, NULL, NULL, NULL, NULL, NULL, NULL, NULL, 'n', NULL, NULL, NULL, NULL, NULL, NULL, NULL, '2013-08-26 21:30:40', '2013-08-26 21:33:36', 'cd9d3109-328a-475c-bb1b-ab417f755be2'),
 ('176', '177', 'en_us', 'Rustling Leaves', NULL, NULL, NULL, NULL, NULL, NULL, NULL, NULL, NULL, NULL, NULL, NULL, NULL, NULL, NULL, NULL, NULL, NULL, NULL, NULL, NULL, NULL, NULL, NULL, NULL, NULL, NULL, NULL, NULL, NULL, NULL, NULL, NULL, NULL, NULL, NULL, NULL, '2013-08-26 21:50:40', '2013-08-26 21:50:40', '65ec287e-0cbb-4e8b-914e-ed4d007f0d86'),
 ('177', '178', 'en_us', 'Rustling Leaves', NULL, NULL, NULL, NULL, NULL, NULL, NULL, NULL, NULL, NULL, NULL, NULL, NULL, NULL, NULL, NULL, NULL, NULL, NULL, NULL, NULL, NULL, NULL, NULL, NULL, NULL, NULL, NULL, NULL, NULL, NULL, NULL, NULL, NULL, NULL, NULL, NULL, '2013-08-26 21:50:42', '2013-08-26 21:50:42', 'c9e44980-1a31-4aa5-af39-a5cd9f1fd17b'),
 ('178', '179', 'en_us', 'Rustling Leaves', NULL, NULL, NULL, NULL, NULL, NULL, NULL, NULL, NULL, NULL, NULL, NULL, NULL, NULL, NULL, NULL, NULL, NULL, NULL, NULL, NULL, NULL, NULL, NULL, NULL, NULL, NULL, NULL, NULL, NULL, NULL, NULL, NULL, NULL, NULL, NULL, NULL, '2013-08-26 21:53:50', '2013-08-26 21:53:50', '81bcae30-ba29-4757-9030-c1c57f6cf35a'),
 ('179', '180', 'en_us', 'Rustling Leaves', NULL, NULL, '<p>\r\n	In Rustling Leaves I am trying to depict the sound of leaves. The music is about the special experience of the great nature.  These is a mandarin term that I could not understand, which is . It means mountain waves. Until one day, I went to a park. I was surrounded by trees. While wind was blowing, the sound of leaves was almost like oceans waves. For a moment, I thought that I am by the beach. The only difference was that the waves actually go thought my body. I felt like that I am floating in the air with the ebb and flow. Up and down, up and down\r\n</p>', '[{\"col1\":\"violin\"},{\"col1\":\"viola\"}]', '9:42', '[{\"col1\":\"composer\",\"col2\":\"Hsin-Lei Chen\"},{\"col1\":\"violin\",\"col2\":\"Nick Naegele\"},{\"col1\":\"viola\",\"col2\":\"Momchil Monchev\"}]', '', 'audio', '1998', NULL, NULL, NULL, NULL, NULL, NULL, NULL, NULL, NULL, NULL, NULL, NULL, NULL, NULL, NULL, NULL, NULL, NULL, NULL, NULL, 'n', NULL, NULL, NULL, NULL, NULL, NULL, NULL, '2013-08-26 21:53:54', '2013-08-26 21:53:54', '9cd3cd12-a2d9-4673-a84b-85f577d3269d'),
 ('180', '181', 'en_us', 'In THE Love', NULL, NULL, NULL, NULL, NULL, NULL, NULL, NULL, NULL, NULL, NULL, NULL, NULL, NULL, NULL, NULL, NULL, NULL, NULL, NULL, NULL, NULL, NULL, NULL, NULL, NULL, NULL, NULL, NULL, NULL, NULL, NULL, NULL, NULL, NULL, NULL, NULL, '2013-08-26 22:01:46', '2013-08-26 22:01:46', '2f70f10d-fa31-4dce-9420-eb6a35cc54c7'),
 ('181', '182', 'en_us', 'In THE Love', NULL, NULL, NULL, NULL, NULL, NULL, NULL, NULL, NULL, NULL, NULL, NULL, NULL, NULL, NULL, NULL, NULL, NULL, NULL, NULL, NULL, NULL, NULL, NULL, NULL, NULL, NULL, NULL, NULL, NULL, NULL, NULL, NULL, NULL, NULL, NULL, NULL, '2013-08-26 22:01:47', '2013-08-26 22:01:47', '381fb483-cb5c-48ba-8108-ea5c27dc78ad'),
 ('182', '183', 'en_us', 'In THE Love', NULL, NULL, NULL, NULL, NULL, NULL, NULL, NULL, NULL, NULL, NULL, NULL, NULL, NULL, NULL, NULL, NULL, NULL, NULL, NULL, NULL, NULL, NULL, NULL, NULL, NULL, NULL, NULL, NULL, NULL, NULL, NULL, NULL, NULL, NULL, NULL, NULL, '2013-08-26 22:02:47', '2013-08-26 22:02:47', '8b481e66-960a-45c1-993e-f49bbba78414'),
 ('183', '184', 'en_us', 'In THE Love', NULL, NULL, '<p>\r\n	Love is not to die for, not to possess, but to let it be. No matter in love or losing one, you should set the other free.\r\n</p>', '[{\"col1\":\"violin\"},{\"col1\":\"cello\"},{\"col1\":\"piano\"}]', '6:44', '[{\"col1\":\"composer\",\"col2\":\"Hsin-Lei Chen\"},{\"col1\":\"violin\",\"col2\":\"Jingye Zhang\"},{\"col1\":\"cello\",\"col2\":\"Song Zhao\"},{\"col1\":\"piano\",\"col2\":\"Jia Lin Zhang\"}]', '', 'audio', '2011', NULL, NULL, NULL, NULL, NULL, NULL, NULL, NULL, NULL, NULL, NULL, NULL, NULL, NULL, NULL, NULL, NULL, NULL, NULL, NULL, 'n', NULL, NULL, NULL, NULL, NULL, NULL, NULL, '2013-08-26 22:02:55', '2013-08-26 22:02:55', 'e1175d1a-7a7c-4916-8753-bb6bfb9e2b0d'),
 ('184', '185', 'en_us', 'The Glance', NULL, NULL, NULL, NULL, NULL, NULL, NULL, NULL, NULL, NULL, NULL, NULL, NULL, NULL, NULL, NULL, NULL, NULL, NULL, NULL, NULL, NULL, NULL, NULL, NULL, NULL, NULL, NULL, NULL, NULL, NULL, NULL, NULL, NULL, NULL, NULL, NULL, '2013-08-27 13:52:33', '2013-08-27 13:52:33', '39a4bedc-6d81-4e49-a215-9a82902fd822'),
 ('185', '186', 'en_us', 'The Glance', NULL, NULL, NULL, NULL, NULL, NULL, NULL, NULL, NULL, NULL, NULL, NULL, NULL, NULL, NULL, NULL, NULL, NULL, NULL, NULL, NULL, NULL, NULL, NULL, NULL, NULL, NULL, NULL, NULL, NULL, NULL, NULL, NULL, NULL, NULL, NULL, NULL, '2013-08-27 13:52:34', '2013-08-27 13:52:34', '27a802bb-5bea-4740-b7d7-374a9d561840'),
 ('186', '187', 'en_us', 'The Glance', NULL, NULL, NULL, NULL, NULL, NULL, NULL, NULL, NULL, NULL, NULL, NULL, NULL, NULL, NULL, NULL, NULL, NULL, NULL, NULL, NULL, NULL, NULL, NULL, NULL, NULL, NULL, NULL, NULL, NULL, NULL, NULL, NULL, NULL, NULL, NULL, NULL, '2013-08-27 13:52:42', '2013-08-27 13:52:42', '74803d20-76aa-40fc-8b12-226be9036837'),
 ('187', '188', 'en_us', 'The Glance', NULL, NULL, '<p>\r\n	Starts with the beginning of a pop song, \"Because of the glance of you among people, I can\'t forget your face.\" After the glance, you are stuck. Everything is already written; is destined. I was a very rational; love life was never my priority. Thus I could not understand Johannes Brahms\' love to the one woman through out life. Until I met a person, i realized that staying quietly beside Clara might have been the only thing Brahms wished for. I love this person more and more, day by day. The happier I felt; the more painful I experienced.\r\n</p>\r\n<p>\r\n	The piece describes the contrasts in between the extreme emotions, from tonal to atonal;  from purity to density; from rational to emotional. Life is a process of repeating and circulating, however, every time, it does not go back to exactly same place; it changes a little.\r\n</p>\r\n<p>\r\n	The piece ends in E major, which is a major this higher than the beginning. It contains quotation another pop song, At Least I Have You, \"I am afraid that it\'s gonna be too late, and I am going to hold you tight\", which is symbolization of sublime.\r\n</p>\r\n<p>\r\n	No matter what, I am thankful that I loved.\r\n</p>', '[{\"col1\":\"violin\"},{\"col1\":\"cello\"},{\"col1\":\"piano\"}]', '5:14', '[{\"col1\":\"composer\",\"col2\":\"Hsin-Lei Chen\"}]', '', 'audio', '2008', NULL, NULL, NULL, NULL, NULL, NULL, NULL, NULL, NULL, NULL, NULL, NULL, NULL, NULL, NULL, NULL, NULL, NULL, NULL, NULL, 'n', NULL, NULL, NULL, NULL, NULL, NULL, NULL, '2013-08-27 13:52:48', '2013-08-27 13:52:48', '01717bc3-c396-451e-b59e-c00d3173ec68'),
 ('188', '189', 'en_us', 'Immaculate Snow', NULL, NULL, NULL, NULL, NULL, NULL, NULL, NULL, NULL, NULL, NULL, NULL, NULL, NULL, NULL, NULL, NULL, NULL, NULL, NULL, NULL, NULL, NULL, NULL, NULL, NULL, NULL, NULL, NULL, NULL, NULL, NULL, NULL, NULL, NULL, NULL, NULL, '2013-08-27 13:55:48', '2013-08-27 13:55:48', '921479f7-8c6f-4ab1-95e6-2cbe1f25e5ef'),
 ('189', '190', 'en_us', 'Immaculate Snow', NULL, NULL, NULL, NULL, NULL, NULL, NULL, NULL, NULL, NULL, NULL, NULL, NULL, NULL, NULL, NULL, NULL, NULL, NULL, NULL, NULL, NULL, NULL, NULL, NULL, NULL, NULL, NULL, NULL, NULL, NULL, NULL, NULL, NULL, NULL, NULL, NULL, '2013-08-27 13:55:48', '2013-08-27 13:55:48', 'fabac45c-2727-4c2c-8126-2effd7135e37'),
 ('190', '191', 'en_us', 'Immaculate Snow', NULL, NULL, NULL, NULL, NULL, NULL, NULL, NULL, NULL, NULL, NULL, NULL, NULL, NULL, NULL, NULL, NULL, NULL, NULL, NULL, NULL, NULL, NULL, NULL, NULL, NULL, NULL, NULL, NULL, NULL, NULL, NULL, NULL, NULL, NULL, NULL, NULL, '2013-08-27 13:55:55', '2013-08-27 13:55:55', 'bf50dcc2-d334-439c-b100-513d905df9ea'),
 ('191', '192', 'en_us', 'Immaculate Snow', NULL, NULL, '<p>\r\n	The title in Chinese means \"the lean air and light after thunderstorm or snowstorm.\" Deeper meaning is about being calm in this material world.\r\n</p>\r\n<p>\r\n	I was inspired by the last snow in Beijing. It snowed heavily. The snow\'s crystal was very light and large, so it looks like feather. I was standing in front of a huge glass. The snow was so light so it flowed in the air sometimes up towards the sky. I felt like that I was in a glass snow ball. The snow leaned up the city and covered every noise. The world was full of tranquility.\r\n</p>', '[{\"col1\":\"string quartet\"}]', '7:23', '[{\"col1\":\"composer\",\"col2\":\"Hsin-Lei Chen\"},{\"col1\":\"violin\",\"col2\":\"Can Gao and YaJing Su\"},{\"col1\":\"viola\",\"col2\":\"WenTing Kang\"},{\"col1\":\"cello\",\"col2\":\"YiChen Yang\"}]', '', 'audio', '2004', NULL, NULL, NULL, NULL, NULL, NULL, NULL, NULL, NULL, NULL, NULL, NULL, NULL, NULL, NULL, NULL, NULL, NULL, NULL, NULL, 'n', NULL, NULL, NULL, NULL, NULL, NULL, NULL, '2013-08-27 13:55:59', '2013-08-27 13:55:59', 'b154de59-eed4-459a-b974-bc7aa66ddc03'),
 ('192', '193', 'en_us', 'Lurching Ambush from All Directions', NULL, NULL, NULL, NULL, NULL, NULL, NULL, NULL, NULL, NULL, NULL, NULL, NULL, NULL, NULL, NULL, NULL, NULL, NULL, NULL, NULL, NULL, NULL, NULL, NULL, NULL, NULL, NULL, NULL, NULL, NULL, NULL, NULL, NULL, NULL, NULL, NULL, '2013-08-27 13:58:54', '2013-08-27 13:58:54', 'ccc05676-6953-4d90-845f-e80fc377e39c'),
 ('193', '194', 'en_us', 'Lurching Ambush from All Directions', NULL, NULL, NULL, NULL, NULL, NULL, NULL, NULL, NULL, NULL, NULL, NULL, NULL, NULL, NULL, NULL, NULL, NULL, NULL, NULL, NULL, NULL, NULL, NULL, NULL, NULL, NULL, NULL, NULL, NULL, NULL, NULL, NULL, NULL, NULL, NULL, NULL, '2013-08-27 13:58:54', '2013-08-27 13:58:54', '851de617-adb4-4b11-8b18-6dea897803c0'),
 ('194', '195', 'en_us', 'Lurching Ambush from All Directions', NULL, NULL, NULL, NULL, NULL, NULL, NULL, NULL, NULL, NULL, NULL, NULL, NULL, NULL, NULL, NULL, NULL, NULL, NULL, NULL, NULL, NULL, NULL, NULL, NULL, NULL, NULL, NULL, NULL, NULL, NULL, NULL, NULL, NULL, NULL, NULL, NULL, '2013-08-27 13:59:04', '2013-08-27 13:59:04', '3bf183bb-48a8-4476-b875-e272c7305ddf'),
 ('195', '196', 'en_us', 'Lurching Ambush from All Directions', NULL, NULL, '<p>\r\n	 Based on a traditional pipa work.\r\n</p>', '[{\"col1\":\"string quartet\"}]', '7:56', '[{\"col1\":\"composer\",\"col2\":\"Hsin-Lei Chen\"},{\"col1\":\"string quartet\",\"col2\":\"Marco POLO string Quartet, Yabing Tan, Yang Liu, Qing Li and Hao Yu Wang\"}]', '', 'audio', '2008', NULL, NULL, NULL, NULL, NULL, NULL, NULL, NULL, NULL, NULL, NULL, NULL, NULL, NULL, NULL, NULL, NULL, NULL, NULL, NULL, 'n', NULL, NULL, NULL, NULL, NULL, NULL, NULL, '2013-08-27 13:59:09', '2013-08-27 14:05:35', '95126e47-7572-47eb-b9b8-44a992d71837'),
 ('196', '197', 'en_us', 'Mvt. I  Mei  Lan-Fang', NULL, NULL, NULL, NULL, NULL, NULL, NULL, NULL, NULL, NULL, NULL, NULL, NULL, NULL, NULL, NULL, NULL, NULL, NULL, NULL, NULL, NULL, NULL, NULL, NULL, NULL, NULL, NULL, NULL, NULL, NULL, NULL, NULL, NULL, NULL, NULL, NULL, '2013-08-27 14:01:54', '2013-08-27 14:01:54', '0cf4c1db-988b-4b7c-8906-dc0c10fd34ad'),
 ('197', '198', 'en_us', 'Mvt. I  Mei  Lan-Fang', NULL, NULL, NULL, NULL, NULL, NULL, NULL, NULL, NULL, NULL, NULL, NULL, NULL, NULL, NULL, NULL, NULL, NULL, NULL, NULL, NULL, NULL, NULL, NULL, NULL, NULL, NULL, NULL, NULL, NULL, NULL, NULL, NULL, NULL, NULL, NULL, NULL, '2013-08-27 14:01:54', '2013-08-27 14:01:54', '0ca45e8c-e6ea-4cdb-a832-0603e7a0ec73'),
 ('198', '199', 'en_us', 'Mvt. I  Mei  Lan-Fang', NULL, NULL, NULL, NULL, NULL, NULL, NULL, NULL, NULL, NULL, NULL, NULL, NULL, NULL, NULL, NULL, NULL, NULL, NULL, NULL, NULL, NULL, NULL, NULL, NULL, NULL, NULL, NULL, NULL, NULL, NULL, NULL, NULL, NULL, NULL, NULL, NULL, '2013-08-27 14:02:02', '2013-08-27 14:02:02', '5116a774-ab3a-4fe4-834b-d7921a4a7247'),
 ('199', '200', 'en_us', 'Mvt. I, Mei, Lan-Fang', NULL, NULL, '<p>\r\n	 The main character of Chinese opera stands on the stage.\r\n</p>', '[{\"col1\":\"string quartet\"}]', '5:15', '[{\"col1\":\"composer\",\"col2\":\"Hsin-Lei Chen\"},{\"col1\":\"vioin\",\"col2\":\"Pei-yun Hsiao and Kai-si Fan\"},{\"col1\":\"viola\",\"col2\":\"Jun-Yan Lai\"},{\"col1\":\"cello\",\"col2\":\"Peng-yun Hsu\"}]', '', 'audio', '2006', NULL, NULL, NULL, NULL, NULL, NULL, NULL, NULL, NULL, NULL, NULL, NULL, NULL, NULL, NULL, NULL, NULL, NULL, NULL, NULL, 'n', NULL, NULL, NULL, NULL, NULL, NULL, NULL, '2013-08-27 14:02:05', '2013-08-27 14:21:56', '061ff311-d8ef-4a1d-a7fc-446d804b5c47'),
 ('200', '201', 'en_us', 'Mvt. II  Recitative', NULL, NULL, NULL, NULL, NULL, NULL, NULL, NULL, NULL, NULL, NULL, NULL, NULL, NULL, NULL, NULL, NULL, NULL, NULL, NULL, NULL, NULL, NULL, NULL, NULL, NULL, NULL, NULL, NULL, NULL, NULL, NULL, NULL, NULL, NULL, NULL, NULL, '2013-08-27 14:04:02', '2013-08-27 14:04:02', '6e754b36-56ab-4c28-a493-0822323d61ce'),
 ('201', '202', 'en_us', 'Mvt. II  Recitative', NULL, NULL, NULL, NULL, NULL, NULL, NULL, NULL, NULL, NULL, NULL, NULL, NULL, NULL, NULL, NULL, NULL, NULL, NULL, NULL, NULL, NULL, NULL, NULL, NULL, NULL, NULL, NULL, NULL, NULL, NULL, NULL, NULL, NULL, NULL, NULL, NULL, '2013-08-27 14:04:03', '2013-08-27 14:04:03', '8461279b-0f97-4590-b0d3-288dbc67088a'),
 ('202', '203', 'en_us', 'Mvt. II  Recitative', NULL, NULL, NULL, NULL, NULL, NULL, NULL, NULL, NULL, NULL, NULL, NULL, NULL, NULL, NULL, NULL, NULL, NULL, NULL, NULL, NULL, NULL, NULL, NULL, NULL, NULL, NULL, NULL, NULL, NULL, NULL, NULL, NULL, NULL, NULL, NULL, NULL, '2013-08-27 14:04:13', '2013-08-27 14:04:13', '0a4ef18d-1eb1-4f66-b7cb-f8d6a1b600c5'),
 ('203', '204', 'en_us', 'Mvt. II, Recitative', NULL, NULL, '<p>\r\n	 In the dark and empty theater, after taking off the oil cosmetics and mask for the character in Chinese opera, a person sits there; aspirates; breath and hum.\r\n</p>', '[{\"col1\":\"string quartet\"}]', '4:52', '[{\"col1\":\"composer\",\"col2\":\"Hsin-Lei Chen\"},{\"col1\":\"vioin\",\"col2\":\"Pei-yun Hsiao and Kai-si Fan\"},{\"col1\":\"viola\",\"col2\":\"Jun-Yan Lai\"},{\"col1\":\"cello\",\"col2\":\"Peng-yun Hsu\"}]', '', 'audio', '2006', NULL, NULL, NULL, NULL, NULL, NULL, NULL, NULL, NULL, NULL, NULL, NULL, NULL, NULL, NULL, NULL, NULL, NULL, NULL, NULL, 'n', NULL, NULL, NULL, NULL, NULL, NULL, NULL, '2013-08-27 14:04:17', '2013-08-27 14:22:06', '5e63129e-094e-4cd0-947b-ad01b5e79e54'),
 ('204', '205', 'en_us', 'Ink Painting', NULL, NULL, NULL, NULL, NULL, NULL, NULL, NULL, NULL, NULL, NULL, NULL, NULL, NULL, NULL, NULL, NULL, NULL, NULL, NULL, NULL, NULL, NULL, NULL, NULL, NULL, NULL, NULL, NULL, NULL, NULL, NULL, NULL, NULL, NULL, NULL, NULL, '2013-08-27 14:09:05', '2013-08-27 14:09:05', 'c6d89e6e-0d8b-4685-afa9-f272a710baf2'),
 ('205', '206', 'en_us', 'Ink Painting', NULL, NULL, NULL, NULL, NULL, NULL, NULL, NULL, NULL, NULL, NULL, NULL, NULL, NULL, NULL, NULL, NULL, NULL, NULL, NULL, NULL, NULL, NULL, NULL, NULL, NULL, NULL, NULL, NULL, NULL, NULL, NULL, NULL, NULL, NULL, NULL, NULL, '2013-08-27 14:09:06', '2013-08-27 14:09:06', '0f4acf8b-74b7-4d8b-8f45-580eb23bce97'),
 ('206', '207', 'en_us', 'Ink Painting', NULL, NULL, NULL, NULL, NULL, NULL, NULL, NULL, NULL, NULL, NULL, NULL, NULL, NULL, NULL, NULL, NULL, NULL, NULL, NULL, NULL, NULL, NULL, NULL, NULL, NULL, NULL, NULL, NULL, NULL, NULL, NULL, NULL, NULL, NULL, NULL, NULL, '2013-08-27 14:10:17', '2013-08-27 14:10:17', '878e49a3-cf0c-4e2f-9881-37db5384fa03'),
 ('207', '208', 'en_us', 'Ink Painting', NULL, NULL, '<p>\r\n	Each single instrument of the quartet represents a basic nature element. first violin is the fire of war (fire), second violin is the wind in forest (wind), viola is the deep ocean (water), and cello is the shifting sands of desert (earth).\r\n</p>', '[{\"col1\":\"string quartet\"},{\"col1\":\"orchestra\"}]', '14:32', '[{\"col1\":\"composer\",\"col2\":\"Hsin-Lei Chen\"},{\"col1\":\"conductor\",\"col2\":\"Mark Gibson\"},{\"col1\":\"violin\",\"col2\":\"Gao Can and Kuan Chang Tu\"},{\"col1\":\"viola\",\"col2\":\"Yan-ting Wu\"},{\"col1\":\"cello\",\"col2\":\"Chang Pan\"}]', '', 'audio', '2011', NULL, NULL, NULL, NULL, NULL, NULL, NULL, NULL, NULL, NULL, NULL, NULL, NULL, NULL, NULL, NULL, NULL, NULL, NULL, NULL, 'n', NULL, NULL, NULL, NULL, NULL, NULL, NULL, '2013-08-27 14:10:22', '2013-08-27 14:10:22', '154d5758-5337-4c42-bf2b-360e603a3cbc'),
 ('208', '209', 'en_us', 'Tinkly Jade', NULL, NULL, NULL, NULL, NULL, NULL, NULL, NULL, NULL, NULL, NULL, NULL, NULL, NULL, NULL, NULL, NULL, NULL, NULL, NULL, NULL, NULL, NULL, NULL, NULL, NULL, NULL, NULL, NULL, NULL, NULL, NULL, NULL, NULL, NULL, NULL, NULL, '2013-08-27 14:13:12', '2013-08-27 14:13:12', '3d20ab60-d849-452e-b35f-7173fe54a561'),
 ('209', '210', 'en_us', 'Tinkly Jade', NULL, NULL, NULL, NULL, NULL, NULL, NULL, NULL, NULL, NULL, NULL, NULL, NULL, NULL, NULL, NULL, NULL, NULL, NULL, NULL, NULL, NULL, NULL, NULL, NULL, NULL, NULL, NULL, NULL, NULL, NULL, NULL, NULL, NULL, NULL, NULL, NULL, '2013-08-27 14:13:13', '2013-08-27 14:13:13', 'fe77513b-033e-4c76-a292-477563682cd3'),
 ('210', '211', 'en_us', 'Tinkly Jade', NULL, NULL, NULL, NULL, NULL, NULL, NULL, NULL, NULL, NULL, NULL, NULL, NULL, NULL, NULL, NULL, NULL, NULL, NULL, NULL, NULL, NULL, NULL, NULL, NULL, NULL, NULL, NULL, NULL, NULL, NULL, NULL, NULL, NULL, NULL, NULL, NULL, '2013-08-27 14:14:13', '2013-08-27 14:14:13', 'a27db0ee-971a-49c2-9af5-cb9bd4f11892'),
 ('211', '212', 'en_us', 'Tinkly Jade', NULL, NULL, '<p>\r\n	In an empty palace that is so quiet, even the tinkling sound of jade hung on concubine\'s belt can be heard easily.\r\n</p>', '[{\"col1\":\"marimba\"},{\"col1\":\"string quartet\"}]', '10:19', '[{\"col1\":\"composer\",\"col2\":\"Hsin-Lei Chen\"},{\"col1\":\"conductor\",\"col2\":\"Jingye Zhang\"},{\"col1\":\"marimba\",\"col2\":\"Bingye Chen\"},{\"col1\":\"string orchestra\",\"col2\":\"EOS orchestra\"}]', '', 'audio', '2007', NULL, NULL, NULL, NULL, NULL, NULL, NULL, NULL, NULL, NULL, NULL, NULL, NULL, NULL, NULL, NULL, NULL, NULL, NULL, NULL, 'n', NULL, NULL, NULL, NULL, NULL, NULL, NULL, '2013-08-27 14:14:17', '2013-08-27 14:14:17', '62e68028-e9ca-408b-836c-90cfd8495693'),
 ('212', '213', 'en_us', 'Ebb and Flow', NULL, NULL, NULL, NULL, NULL, NULL, NULL, NULL, NULL, NULL, NULL, NULL, NULL, NULL, NULL, NULL, NULL, NULL, NULL, NULL, NULL, NULL, NULL, NULL, NULL, NULL, NULL, NULL, NULL, NULL, NULL, NULL, NULL, NULL, NULL, NULL, NULL, '2013-08-27 14:16:38', '2013-08-27 14:16:38', '12cb0b8e-5b1b-43b9-929f-8f0f9e6b1940'),
 ('213', '214', 'en_us', 'Ebb and Flow', NULL, NULL, NULL, NULL, NULL, NULL, NULL, NULL, NULL, NULL, NULL, NULL, NULL, NULL, NULL, NULL, NULL, NULL, NULL, NULL, NULL, NULL, NULL, NULL, NULL, NULL, NULL, NULL, NULL, NULL, NULL, NULL, NULL, NULL, NULL, NULL, NULL, '2013-08-27 14:16:39', '2013-08-27 14:16:39', 'afd99544-641a-4e5f-83cc-79488209a9eb'),
 ('214', '215', 'en_us', 'Ebb and Flow', NULL, NULL, NULL, NULL, NULL, NULL, NULL, NULL, NULL, NULL, NULL, NULL, NULL, NULL, NULL, NULL, NULL, NULL, NULL, NULL, NULL, NULL, NULL, NULL, NULL, NULL, NULL, NULL, NULL, NULL, NULL, NULL, NULL, NULL, NULL, NULL, NULL, '2013-08-27 14:17:58', '2013-08-27 14:17:58', '4f543301-73f9-4ee6-ac30-bacc17e981ea'),
 ('215', '216', 'en_us', 'Ebb and Flow', NULL, NULL, '<p>\r\n	Ebb and Flow is inspired by the idea of cause and effect. All things, as well as the sections of this work, start with a strike, and followed by series of effects that create different outcomes. These unpredictable results lead this work to conflict or cohesive sections that create emotional tension to propel the music forward.\r\n</p>\r\n<p>\r\n	The piece is constructed around two groups of pitches  C, C<sup>#</sup>, D, D<sup>#</sup>, E, and F<sup>#</sup>, G, G<sup>#</sup>, A, B<sup>b</sup>. They start the work together as a whole, and go apart through out the piece in variation. The sets are presented wholly or partially in forms of pillar chords, melodic components, accompanying forces, and harmonic backdrop. Furthermore, the two sets sometimes compete with each other, and sometimes combine to compliment each other.\r\n</p>\r\n<p>\r\n	F and B, the two among the twelve pitches that are not presented in the main pitch materials, play an insignificant role in the composition. They act as the filling of the twelve-tone-chord sonority, but dont draw melodic or thematic attention. It is not until the end, after all instruments reach the climax, that the vibraphone hit these two notes strongly to conclude this piece with a satisfying completion of twelve pitches.\r\n</p>', '[{\"col1\":\"orchestra\"}]', '10:09', '[{\"col1\":\"composer\",\"col2\":\"Hsin-Lei Chen\"},{\"col1\":\"orchestra\",\"col2\":\"Kiev Philoharmonics\"}]', '', 'audio', '2007', NULL, NULL, NULL, NULL, NULL, NULL, NULL, NULL, NULL, NULL, NULL, NULL, NULL, NULL, NULL, NULL, NULL, NULL, NULL, NULL, 'n', NULL, NULL, NULL, NULL, NULL, NULL, NULL, '2013-08-27 14:18:01', '2013-08-27 14:18:01', '9c63fb70-ace3-4ac9-a363-66672110b71b'),
 ('216', '217', 'en_us', 'The Four Immeasurable', NULL, NULL, NULL, NULL, NULL, NULL, NULL, NULL, NULL, NULL, NULL, NULL, NULL, NULL, NULL, NULL, NULL, NULL, NULL, NULL, NULL, NULL, NULL, NULL, NULL, NULL, NULL, NULL, NULL, NULL, NULL, NULL, NULL, NULL, NULL, NULL, NULL, '2013-08-27 14:21:15', '2013-08-27 14:21:15', 'f1561ecb-519a-4682-a7a2-2487ac8bf25d'),
 ('217', '218', 'en_us', 'The Four Immeasurable', NULL, NULL, NULL, NULL, NULL, NULL, NULL, NULL, NULL, NULL, NULL, NULL, NULL, NULL, NULL, NULL, NULL, NULL, NULL, NULL, NULL, NULL, NULL, NULL, NULL, NULL, NULL, NULL, NULL, NULL, NULL, NULL, NULL, NULL, NULL, NULL, NULL, '2013-08-27 14:21:16', '2013-08-27 14:21:16', '23443da8-501c-4451-abba-f5b18e66dade'),
 ('218', '219', 'en_us', 'The Four Immeasurable', NULL, NULL, NULL, NULL, NULL, NULL, NULL, NULL, NULL, NULL, NULL, NULL, NULL, NULL, NULL, NULL, NULL, NULL, NULL, NULL, NULL, NULL, NULL, NULL, NULL, NULL, NULL, NULL, NULL, NULL, NULL, NULL, NULL, NULL, NULL, NULL, NULL, '2013-08-27 14:21:27', '2013-08-27 14:21:27', '8aefd03b-a7e3-4fbe-adc9-e7eb336f56f4'),
 ('219', '220', 'en_us', 'The Four Immeasurable', NULL, NULL, '<p>\r\n	Wish everything has happiness and the cause of happiness.\r\n</p>\r\n<p>\r\n	Wish everything has no bitterness and away from the cause of bitterness.\r\n</p>\r\n<p>\r\n	Wish everything has luck and the cause of luck.\r\n</p>\r\n<p>\r\n	Wish everything has no hatry, desire, lust and anger.\r\n</p>', '[{\"col1\":\"soprano\"},{\"col1\":\"alto\"},{\"col1\":\"tenor\"},{\"col1\":\"bass\"},{\"col1\":\"mixed choir\"},{\"col1\":\"orchestra\"}]', '8:28', '[{\"col1\":\"composer\",\"col2\":\"Hsin-Lei Chen\"},{\"col1\":\"conductor\",\"col2\":\"Jun-Chiang Chiu\"},{\"col1\":\"orchestra\",\"col2\":\"Taipei Philharmonics\"}]', '', 'audio', '2007', NULL, NULL, NULL, NULL, NULL, NULL, NULL, NULL, NULL, NULL, NULL, NULL, NULL, NULL, NULL, NULL, NULL, NULL, NULL, NULL, 'n', NULL, NULL, NULL, NULL, NULL, NULL, NULL, '2013-08-27 14:21:31', '2013-08-27 14:21:31', '50659dae-c46f-4882-acc2-6c6c7c4a9389'),
 ('220', '221', 'en_us', 'Long-lived Buddhism Goddess Sutra', NULL, NULL, NULL, NULL, NULL, NULL, NULL, NULL, NULL, NULL, NULL, NULL, NULL, NULL, NULL, NULL, NULL, NULL, NULL, NULL, NULL, NULL, NULL, NULL, NULL, NULL, NULL, NULL, NULL, NULL, NULL, NULL, NULL, NULL, NULL, NULL, NULL, '2013-08-27 14:24:13', '2013-08-27 14:24:13', '41773242-0ddd-43af-89f6-20a157d1c65e'),
 ('221', '222', 'en_us', 'Long-lived Buddhism Goddess Sutra', NULL, NULL, NULL, NULL, NULL, NULL, NULL, NULL, NULL, NULL, NULL, NULL, NULL, NULL, NULL, NULL, NULL, NULL, NULL, NULL, NULL, NULL, NULL, NULL, NULL, NULL, NULL, NULL, NULL, NULL, NULL, NULL, NULL, NULL, NULL, NULL, NULL, '2013-08-27 14:24:14', '2013-08-27 14:24:14', 'ac1324ad-781c-4bfd-a354-172c9c61bf23'),
 ('222', '223', 'en_us', 'Long-lived Buddhism Goddess Sutra', NULL, NULL, NULL, NULL, NULL, NULL, NULL, NULL, NULL, NULL, NULL, NULL, NULL, NULL, NULL, NULL, NULL, NULL, NULL, NULL, NULL, NULL, NULL, NULL, NULL, NULL, NULL, NULL, NULL, NULL, NULL, NULL, NULL, NULL, NULL, NULL, NULL, '2013-08-27 14:24:27', '2013-08-27 14:24:27', '5b1a4998-9147-4906-ac14-ed4415e305a0'),
 ('223', '224', 'en_us', 'Long-lived Buddhism Goddess Sutra', NULL, NULL, '<p>\r\n	Buddhism Goddess\r\n</p>\r\n<p>\r\n	Buddha\r\n</p>\r\n<p>\r\n	Affinity with Her\r\n</p>\r\n<p>\r\n	Karma with Her\r\n</p>\r\n<p>\r\n	Dharma and phase as one\r\n</p>\r\n<p>\r\n	Happiness with me\r\n</p>\r\n<p>\r\n	In the morning read Her name\r\n</p>\r\n<p>\r\n	In the twilight think of Her\r\n</p>\r\n<p>\r\n	Thoughts from heart\r\n</p>\r\n<p>\r\n	Thoughts with heart\r\n</p>', '[{\"col1\":\"soprano\"},{\"col1\":\"mixed choir\"},{\"col1\":\"harp\"},{\"col1\":\"string orchestra\"}]', '3:39', '[{\"col1\":\"composer\",\"col2\":\"Hsin-Lei Chen\"},{\"col1\":\"conductor\",\"col2\":\"Jun-Chiang Chiu\"},{\"col1\":\"orchestra\",\"col2\":\"Taipei Philharmonics\"}]', '', 'audio', '2007', NULL, NULL, NULL, NULL, NULL, NULL, NULL, NULL, NULL, NULL, NULL, NULL, NULL, NULL, NULL, NULL, NULL, NULL, NULL, NULL, 'n', NULL, NULL, NULL, NULL, NULL, NULL, NULL, '2013-08-27 14:24:57', '2013-08-27 14:24:57', 'c5de1192-27d7-4c7c-badf-a5a96dd9d6a8'),
 ('224', '225', 'en_us', 'V to Transformative Lightness of Being', NULL, NULL, NULL, NULL, NULL, NULL, NULL, NULL, NULL, NULL, NULL, NULL, NULL, NULL, NULL, NULL, NULL, NULL, NULL, NULL, NULL, NULL, NULL, NULL, NULL, NULL, NULL, NULL, NULL, NULL, NULL, NULL, NULL, NULL, NULL, NULL, NULL, '2013-08-27 14:27:05', '2013-08-27 14:27:05', '4ea3ea44-2e58-44b6-bb71-056dae53df18'),
 ('225', '226', 'en_us', 'V to Transformative Lightness of Being', NULL, NULL, NULL, NULL, NULL, NULL, NULL, NULL, NULL, NULL, NULL, NULL, NULL, NULL, NULL, NULL, NULL, NULL, NULL, NULL, NULL, NULL, NULL, NULL, NULL, NULL, NULL, NULL, NULL, NULL, NULL, NULL, NULL, NULL, NULL, NULL, NULL, '2013-08-27 14:27:07', '2013-08-27 14:27:07', '423ebd9a-1752-4381-81e9-0e297ceafcc3'),
 ('226', '227', 'en_us', 'V to Transformative Lightness of Being', NULL, NULL, NULL, NULL, NULL, NULL, NULL, NULL, NULL, NULL, NULL, NULL, NULL, NULL, NULL, NULL, NULL, NULL, NULL, NULL, NULL, NULL, NULL, NULL, NULL, NULL, NULL, NULL, NULL, NULL, NULL, NULL, NULL, NULL, NULL, NULL, NULL, '2013-08-27 14:33:51', '2013-08-27 14:33:51', '9905156d-84f5-4767-b9a4-8786b632a3af'),
 ('227', '228', 'en_us', '\"V\" to Transformative Lightness of Beings', NULL, NULL, '<p>\r\n	Maestro Hu, Yongyen told me, \"Hsin-Lei, give me Wagner. We want Wagner.\" And I though, \"It\'s about time to go back to German style.\"\r\n</p>\r\n<p>\r\n	This piece is inspired by Wagner\'s Valkyrie, and quoted many leitmotivs.\r\n</p>\r\n<p>\r\n	Wagner\'s aesthetics to war, violence, destroy and the pleasant comes afterwards are too excitingly brutal for me to accept. There is no fatherly-kind reliable and warm spirit in the opera; it\'s restless. It\'s reality. It\'s way too close to us. After being through the delicatly-processed agony and force, here comes the hope and eager for piece.\r\n</p>\r\n<p>\r\n	Beethoven\'s motive, orchestration, phrasing and chord is the foundation of this piece. If Wagner is the deep ocean that can swallow and destroy everything, Beethoven is the broad sea that give the world life. With Beethoven\'s spirit, there is courage to floor in the waves of thunderstorm.\r\n</p>\r\n<p>\r\n	This piece is about struggling. Struggle in between hope and desperation, against lust and desire like black hole of humanity, and yet, after everything have been through, still peruse the brightness, the reflection of sun, the light of the promise land.\r\n</p>', '[{\"col1\":\"orchestra\"}]', '19:24', '[{\"col1\":\"composer\",\"col2\":\"Hsin-Lei Chen\"},{\"col1\":\"conductor\",\"col2\":\"Xu, Zhi Lian\"},{\"col1\":\"orchestra\",\"col2\":\"EOS orchestra\"}]', '', 'audio', '2005', NULL, NULL, NULL, NULL, NULL, NULL, NULL, NULL, NULL, NULL, NULL, NULL, NULL, NULL, NULL, NULL, NULL, NULL, NULL, NULL, 'n', NULL, NULL, NULL, NULL, NULL, NULL, NULL, '2013-08-27 14:33:57', '2013-08-27 14:33:57', '839d3683-40c2-455e-936a-5c145c0359cb'),
 ('228', '229', 'en_us', 'Deep -Movement 1  Deep ', NULL, NULL, NULL, NULL, NULL, NULL, NULL, NULL, NULL, NULL, NULL, NULL, NULL, NULL, NULL, NULL, NULL, NULL, NULL, NULL, NULL, NULL, NULL, NULL, NULL, NULL, NULL, NULL, NULL, NULL, NULL, NULL, NULL, NULL, NULL, NULL, NULL, '2013-08-27 14:38:24', '2013-08-27 14:38:24', 'bc9a214e-1551-4e5a-95e2-b3b46953575f'),
 ('229', '230', 'en_us', 'Deep -Movement 1  Deep ', NULL, NULL, NULL, NULL, NULL, NULL, NULL, NULL, NULL, NULL, NULL, NULL, NULL, NULL, NULL, NULL, NULL, NULL, NULL, NULL, NULL, NULL, NULL, NULL, NULL, NULL, NULL, NULL, NULL, NULL, NULL, NULL, NULL, NULL, NULL, NULL, NULL, '2013-08-27 14:38:25', '2013-08-27 14:38:25', '440c6dff-7d43-4ab0-88fe-8b90f9ac5d57'),
 ('230', '231', 'en_us', 'Deep -Movement 1  Deep ', NULL, NULL, NULL, NULL, NULL, NULL, NULL, NULL, NULL, NULL, NULL, NULL, NULL, NULL, NULL, NULL, NULL, NULL, NULL, NULL, NULL, NULL, NULL, NULL, NULL, NULL, NULL, NULL, NULL, NULL, NULL, NULL, NULL, NULL, NULL, NULL, NULL, '2013-08-27 14:38:59', '2013-08-27 14:38:59', 'fba5cc67-7805-43e2-9beb-ee4e59c3d7b6'),
 ('231', '232', 'en_us', 'Deep - Mvt.I \"Deep\"', NULL, NULL, '', '[{\"col1\":\"violin solo\"},{\"col1\":\"orchestra\"}]', '2:25', '[{\"col1\":\"composer\",\"col2\":\"Hsin-Lei Chen\"},{\"col1\":\"conductor\",\"col2\":\"Dong Jie Chuang\"},{\"col1\":\"violin\",\"col2\":\"Kuan Chang Tu\"},{\"col1\":\"orchestra\",\"col2\":\"University of Cincinnati, College-Conservatory of Music, Concert Orchestra\"}]', '', 'audio', '2009', NULL, NULL, NULL, NULL, NULL, NULL, NULL, NULL, NULL, NULL, NULL, NULL, NULL, NULL, NULL, NULL, NULL, NULL, NULL, NULL, 'n', NULL, NULL, NULL, NULL, NULL, NULL, NULL, '2013-08-27 14:39:06', '2013-08-27 14:55:27', 'e64a198a-6ee3-43a3-b52e-d5b4ec883bd3'),
 ('232', '233', 'en_us', 'Deep -Movement 2  Lament ', NULL, NULL, NULL, NULL, NULL, NULL, NULL, NULL, NULL, NULL, NULL, NULL, NULL, NULL, NULL, NULL, NULL, NULL, NULL, NULL, NULL, NULL, NULL, NULL, NULL, NULL, NULL, NULL, NULL, NULL, NULL, NULL, NULL, NULL, NULL, NULL, NULL, '2013-08-27 14:50:09', '2013-08-27 14:50:09', '6c22833a-1f60-4b30-852b-e6b3e54285ac'),
 ('233', '234', 'en_us', 'Deep -Movement 2  Lament ', NULL, NULL, NULL, NULL, NULL, NULL, NULL, NULL, NULL, NULL, NULL, NULL, NULL, NULL, NULL, NULL, NULL, NULL, NULL, NULL, NULL, NULL, NULL, NULL, NULL, NULL, NULL, NULL, NULL, NULL, NULL, NULL, NULL, NULL, NULL, NULL, NULL, '2013-08-27 14:50:10', '2013-08-27 14:50:10', '1eb3ad37-f4d3-4654-b48e-11b102696001'),
 ('234', '235', 'en_us', 'Deep -Movement 2  Lament ', NULL, NULL, NULL, NULL, NULL, NULL, NULL, NULL, NULL, NULL, NULL, NULL, NULL, NULL, NULL, NULL, NULL, NULL, NULL, NULL, NULL, NULL, NULL, NULL, NULL, NULL, NULL, NULL, NULL, NULL, NULL, NULL, NULL, NULL, NULL, NULL, NULL, '2013-08-27 14:50:23', '2013-08-27 14:50:23', 'aa711698-0cea-40a9-bc31-23f63ee3d441'),
 ('235', '236', 'en_us', 'Deep - Mvt.II \"Lament\"', NULL, NULL, '', '[{\"col1\":\"violin solo\"},{\"col1\":\"orchestra\"}]', '6:58', '[{\"col1\":\"composer\",\"col2\":\"Hsin-Lei Chen\"},{\"col1\":\"conductor\",\"col2\":\"Dong Jie Chuang\"},{\"col1\":\"violin\",\"col2\":\"Kuan Chang Tu\"},{\"col1\":\"orchestra\",\"col2\":\"University of Cincinnati, College-Conservatory of Music, Concert Orchestra\"}]', '', 'audio', '2009', NULL, NULL, NULL, NULL, NULL, NULL, NULL, NULL, NULL, NULL, NULL, NULL, NULL, NULL, NULL, NULL, NULL, NULL, NULL, NULL, 'n', NULL, NULL, NULL, NULL, NULL, NULL, NULL, '2013-08-27 14:50:31', '2013-08-27 14:55:45', '66a59396-d418-4ff6-8e80-d936fc1819cb'),
 ('236', '237', 'en_us', 'Deep -Movement 3  Agony ', NULL, NULL, NULL, NULL, NULL, NULL, NULL, NULL, NULL, NULL, NULL, NULL, NULL, NULL, NULL, NULL, NULL, NULL, NULL, NULL, NULL, NULL, NULL, NULL, NULL, NULL, NULL, NULL, NULL, NULL, NULL, NULL, NULL, NULL, NULL, NULL, NULL, '2013-08-27 14:54:23', '2013-08-27 14:54:23', '5c11abe5-6df0-4a87-a8af-195a4785cb15'),
 ('237', '238', 'en_us', 'Deep -Movement 3  Agony ', NULL, NULL, NULL, NULL, NULL, NULL, NULL, NULL, NULL, NULL, NULL, NULL, NULL, NULL, NULL, NULL, NULL, NULL, NULL, NULL, NULL, NULL, NULL, NULL, NULL, NULL, NULL, NULL, NULL, NULL, NULL, NULL, NULL, NULL, NULL, NULL, NULL, '2013-08-27 14:54:24', '2013-08-27 14:54:24', 'c857485b-3eac-44a2-ba38-779ae1fc2500'),
 ('238', '239', 'en_us', 'Deep -Movement 3  Agony ', NULL, NULL, NULL, NULL, NULL, NULL, NULL, NULL, NULL, NULL, NULL, NULL, NULL, NULL, NULL, NULL, NULL, NULL, NULL, NULL, NULL, NULL, NULL, NULL, NULL, NULL, NULL, NULL, NULL, NULL, NULL, NULL, NULL, NULL, NULL, NULL, NULL, '2013-08-27 14:54:35', '2013-08-27 14:54:35', '065f8894-d5f2-46db-930e-b46f9137e811'),
 ('239', '240', 'en_us', 'Deep - Mvt.III \"Agony\"', NULL, NULL, '', '[{\"col1\":\"violin solo\"},{\"col1\":\"orchestra\"}]', '3:21', '[{\"col1\":\"composer\",\"col2\":\"Hsin-Lei Chen\"},{\"col1\":\"conductor\",\"col2\":\"Dong Jie Chuang\"},{\"col1\":\"violin\",\"col2\":\"Kuan Chang Tu\"},{\"col1\":\"orchestra\",\"col2\":\"University of Cincinnati, College-Conservatory of Music, Concert Orchestra\"}]', '', 'audio', '2009', NULL, NULL, NULL, NULL, NULL, NULL, NULL, NULL, NULL, NULL, NULL, NULL, NULL, NULL, NULL, NULL, NULL, NULL, NULL, NULL, 'n', NULL, NULL, NULL, NULL, NULL, NULL, NULL, '2013-08-27 14:54:43', '2013-08-27 14:56:04', '86fa9048-e1b8-44f6-9bab-acb0f6430452'),
 ('242', '243', 'en_us', 'Fleeting Glimpse', NULL, NULL, NULL, NULL, NULL, NULL, NULL, NULL, NULL, NULL, NULL, NULL, NULL, NULL, NULL, NULL, NULL, NULL, NULL, NULL, NULL, NULL, NULL, NULL, NULL, NULL, NULL, NULL, NULL, NULL, NULL, NULL, NULL, NULL, NULL, NULL, NULL, '2013-08-27 15:05:56', '2013-08-27 15:05:56', '0ac655a9-17ae-425d-b28c-498cb508f58b'),
 ('243', '244', 'en_us', 'Fleeting Glimpse', NULL, NULL, NULL, NULL, NULL, NULL, NULL, NULL, NULL, NULL, NULL, NULL, NULL, NULL, NULL, NULL, NULL, NULL, NULL, NULL, NULL, NULL, NULL, NULL, NULL, NULL, NULL, NULL, NULL, NULL, NULL, NULL, NULL, NULL, NULL, NULL, NULL, '2013-08-27 15:05:57', '2013-08-27 15:05:57', '6e9730c9-521f-4648-a7bc-3fab8f8db9a9'),
 ('244', '245', 'en_us', 'Fleeting Glimpse', NULL, NULL, NULL, NULL, NULL, NULL, NULL, NULL, NULL, NULL, NULL, NULL, NULL, NULL, NULL, NULL, NULL, NULL, NULL, NULL, NULL, NULL, NULL, NULL, NULL, NULL, NULL, NULL, NULL, NULL, NULL, NULL, NULL, NULL, NULL, NULL, NULL, '2013-08-27 15:07:00', '2013-08-27 15:07:00', 'd93d3293-ff50-4dc1-8fcd-3471c933f337'),
 ('245', '246', 'en_us', 'Fleeting Glimpse', NULL, NULL, '<p>\r\n	In a trance;\r\n</p>\r\n<p>\r\n	In between shadow and light;\r\n</p>\r\n<p>\r\n	To the other shore of thoughts,\r\n</p>\r\n<p>\r\n	Floating were your teardrops.\r\n</p>', '[{\"col1\":\"2 pianos\"},{\"col1\":\"string quartet\"}]', '8:11', '[{\"col1\":\"composer\",\"col2\":\"Hsin-Lei Chen\"},{\"col1\":\"conductor\",\"col2\":\"Aikhai Peng\"},{\"col1\":\"piano\",\"col2\":\"Jesse Leong and Rania Ejeilat\"},{\"col1\":\"violin\",\"col2\":\"Lu Li and Chun-Ni Hsieh\"},{\"col1\":\"viola\",\"col2\":\"Emily Voto\"},{\"col1\":\"cello\",\"col2\":\"Clair Yu-Hsuan Yang\"}]', '', 'audio', '2010', NULL, NULL, NULL, NULL, NULL, NULL, NULL, NULL, NULL, NULL, NULL, NULL, NULL, NULL, NULL, NULL, NULL, NULL, NULL, NULL, 'n', NULL, NULL, NULL, NULL, NULL, NULL, NULL, '2013-08-27 15:07:05', '2013-08-27 15:07:05', '9b77e4bf-aaf2-491c-adc6-3246921e7f62'),
 ('246', '247', 'en_us', 'Foreseeing', NULL, NULL, NULL, NULL, NULL, NULL, NULL, NULL, NULL, NULL, NULL, NULL, NULL, NULL, NULL, NULL, NULL, NULL, NULL, NULL, NULL, NULL, NULL, NULL, NULL, NULL, NULL, NULL, NULL, NULL, NULL, NULL, NULL, NULL, NULL, NULL, NULL, '2013-08-27 15:13:03', '2013-08-27 15:13:03', 'cb2c2c19-462a-4ce9-b5c4-a3b77bdf92cc'),
 ('247', '248', 'en_us', 'Foreseeing', NULL, NULL, NULL, NULL, NULL, NULL, NULL, NULL, NULL, NULL, NULL, NULL, NULL, NULL, NULL, NULL, NULL, NULL, NULL, NULL, NULL, NULL, NULL, NULL, NULL, NULL, NULL, NULL, NULL, NULL, NULL, NULL, NULL, NULL, NULL, NULL, NULL, '2013-08-27 15:13:04', '2013-08-27 15:13:04', 'c46fc8d0-86ca-40a1-8623-569aa6607967'),
 ('248', '249', 'en_us', 'Foreseeing', NULL, NULL, NULL, NULL, NULL, NULL, NULL, NULL, NULL, NULL, NULL, NULL, NULL, NULL, NULL, NULL, NULL, NULL, NULL, NULL, NULL, NULL, NULL, NULL, NULL, NULL, NULL, NULL, NULL, NULL, NULL, NULL, NULL, NULL, NULL, NULL, NULL, '2013-08-27 15:13:51', '2013-08-27 15:13:51', 'b5a393db-26fd-4039-be6d-d26a7f27e43d'),
 ('249', '250', 'en_us', 'Foreseeing', NULL, NULL, '', '[{\"col1\":\"flute\"},{\"col1\":\"oboe\"},{\"col1\":\"clarinet in b flat\"},{\"col1\":\"bassoon\"},{\"col1\":\"horn in f\"},{\"col1\":\"trumpet in c\"},{\"col1\":\"trombone\"},{\"col1\":\"percussion\"},{\"col1\":\"piano\"},{\"col1\":\"2 violins\"},{\"col1\":\"viola\"},{\"col1\":\"cello\"},{\"col1\":\"contrabass\"}]', '11:26', '[{\"col1\":\"composer\",\"col2\":\"Hsin-Lei Chen\"},{\"col1\":\"conductor\",\"col2\":\"Jing Huan\"},{\"col1\":\"flute\",\"col2\":\"Valerie Estes\"},{\"col1\":\"oboe\",\"col2\":\"Sara Lynch\"},{\"col1\":\"clarinet\",\"col2\":\"Stephen Savage\"},{\"col1\":\"bassoon\",\"col2\":\"Adam Farmer\"},{\"col1\":\"horn\",\"col2\":\"Anna Leverenz\"},{\"col1\":\"trumpet\",\"col2\":\"Zeynep Cilingir\"},{\"col1\":\"trombone\",\"col2\":\"Gif Waltz\"},{\"col1\":\"percussion\",\"col2\":\"Brad Robinson and Ben Wallace\"},{\"col1\":\"piano\",\"col2\":\"Dan Sato\"},{\"col1\":\"violin\",\"col2\":\"Sophia Attiaga and Kuan-Chang Tu\"},{\"col1\":\"viola\",\"col2\":\"Cara Simpson\"},{\"col1\":\"cello\",\"col2\":\"Journey Son\"},{\"col1\":\"contrabass\",\"col2\":\"Yu-Ling Lee\"}]', '', 'audio', '2010', NULL, NULL, NULL, NULL, NULL, NULL, NULL, NULL, NULL, NULL, NULL, NULL, NULL, NULL, NULL, NULL, NULL, NULL, NULL, NULL, 'n', NULL, NULL, NULL, NULL, NULL, NULL, NULL, '2013-08-27 15:13:57', '2013-08-27 15:13:57', '8f9b3f61-d14e-4f43-85c1-041d640bbe17'),
 ('250', '251', 'en_us', 'Image  Mirage', NULL, NULL, NULL, NULL, NULL, NULL, NULL, NULL, NULL, NULL, NULL, NULL, NULL, NULL, NULL, NULL, NULL, NULL, NULL, NULL, NULL, NULL, NULL, NULL, NULL, NULL, NULL, NULL, NULL, NULL, NULL, NULL, NULL, NULL, NULL, NULL, NULL, '2013-08-27 15:18:05', '2013-08-27 15:18:05', 'efcba5b5-9172-4838-a317-4333466a1719'),
 ('251', '252', 'en_us', 'Image  Mirage', NULL, NULL, NULL, NULL, NULL, NULL, NULL, NULL, NULL, NULL, NULL, NULL, NULL, NULL, NULL, NULL, NULL, NULL, NULL, NULL, NULL, NULL, NULL, NULL, NULL, NULL, NULL, NULL, NULL, NULL, NULL, NULL, NULL, NULL, NULL, NULL, NULL, '2013-08-27 15:18:06', '2013-08-27 15:18:06', '4464db43-ba05-4dc6-843c-1a7eab815b56'),
 ('252', '253', 'en_us', 'Image  Mirage', NULL, NULL, NULL, NULL, NULL, NULL, NULL, NULL, NULL, NULL, NULL, NULL, NULL, NULL, NULL, NULL, NULL, NULL, NULL, NULL, NULL, NULL, NULL, NULL, NULL, NULL, NULL, NULL, NULL, NULL, NULL, NULL, NULL, NULL, NULL, NULL, NULL, '2013-08-27 15:18:21', '2013-08-27 15:18:21', '3be4604e-8942-45e8-b339-d2dd5ae36eef'),
 ('253', '254', 'en_us', 'Image, Mirage', NULL, NULL, '<p>\r\n	 After closing eyes, there are blocks of colors which are reflection of the so-called real world, and gradually, they alter, twist and shift according to imaginations.\r\n</p>', '[{\"col1\":\"clarinet\"},{\"col1\":\"bassoon\"},{\"col1\":\"2 violins\"},{\"col1\":\"cello\"},{\"col1\":\"contrabass\"}]', '5:38', '[{\"col1\":\"composer\",\"col2\":\"Hsin-Lei Chen\"},{\"col1\":\"clarinet\",\"col2\":\"Alison Mrowka\"},{\"col1\":\"bassoon\",\"col2\":\"Brandon Blankenship\"},{\"col1\":\"violin\",\"col2\":\"Lai Lai Louie and Chi-fan Tsai\"},{\"col1\":\"violoncello\",\"col2\":\"Ren Ariizumi\"},{\"col1\":\"contrabass\",\"col2\":\"Briana Goldberg\"}]', '', 'audio', '2006', NULL, NULL, NULL, NULL, NULL, NULL, NULL, NULL, NULL, NULL, NULL, NULL, NULL, NULL, NULL, NULL, NULL, NULL, NULL, NULL, 'n', NULL, NULL, NULL, NULL, NULL, NULL, NULL, '2013-08-27 15:18:28', '2013-08-27 15:24:46', '5b0d75e8-eefc-47be-bf11-908252c38703'),
 ('254', '255', 'en_us', 'Image  Mirage  with soundtrack ', NULL, NULL, NULL, NULL, NULL, NULL, NULL, NULL, NULL, NULL, NULL, NULL, NULL, NULL, NULL, NULL, NULL, NULL, NULL, NULL, NULL, NULL, NULL, NULL, NULL, NULL, NULL, NULL, NULL, NULL, NULL, NULL, NULL, NULL, NULL, NULL, NULL, '2013-08-27 15:23:00', '2013-08-27 15:23:00', '93fc1043-9e15-4ca9-9323-b07dded2dec3'),
 ('255', '256', 'en_us', 'Image  Mirage  with soundtrack ', NULL, NULL, NULL, NULL, NULL, NULL, NULL, NULL, NULL, NULL, NULL, NULL, NULL, NULL, NULL, NULL, NULL, NULL, NULL, NULL, NULL, NULL, NULL, NULL, NULL, NULL, NULL, NULL, NULL, NULL, NULL, NULL, NULL, NULL, NULL, NULL, NULL, '2013-08-27 15:23:00', '2013-08-27 15:23:00', '6d21deec-3c5d-43f8-844e-3f924492c7f0'),
 ('256', '257', 'en_us', 'Image  Mirage  with soundtrack ', NULL, NULL, NULL, NULL, NULL, NULL, NULL, NULL, NULL, NULL, NULL, NULL, NULL, NULL, NULL, NULL, NULL, NULL, NULL, NULL, NULL, NULL, NULL, NULL, NULL, NULL, NULL, NULL, NULL, NULL, NULL, NULL, NULL, NULL, NULL, NULL, NULL, '2013-08-27 15:24:17', '2013-08-27 15:24:17', '97a02a29-39b9-4670-ada6-a699f6398482'),
 ('257', '258', 'en_us', 'Image, Mirage (with sound track)', NULL, NULL, '<p>\r\n	After closing eyes, there are blocks of colors which are reflection of the so-called real world, and gradually, they alter, twist and shift according to imaginations.\r\n</p>', '[{\"col1\":\"clarinet\"},{\"col1\":\"bassoon\"},{\"col1\":\"2 violins\"},{\"col1\":\"cello\"},{\"col1\":\"contrabass\"},{\"col1\":\"tape\"}]', '7:12', '[{\"col1\":\"composer\",\"col2\":\"Hsin-Lei Chen\"},{\"col1\":\"conductor\",\"col2\":\"Yu-Chung Johnny Ku\"},{\"col1\":\"clarinet\",\"col2\":\"Merlin Von Frankenberg\"},{\"col1\":\"bassoon\",\"col2\":\"Yi-chen Chiu\"},{\"col1\":\"violin\",\"col2\":\"Yen-Ting Wu and Chi-fan Tsai\"},{\"col1\":\"violoncello\",\"col2\":\"Yi-Ching Lee\"},{\"col1\":\"contrabass\",\"col2\":\"Briana Goldberg\"},{\"col1\":\"sound designer\",\"col2\":\"Sun Hee Kil\"}]', '', 'audio', '2011', NULL, NULL, NULL, NULL, NULL, NULL, NULL, NULL, NULL, NULL, NULL, NULL, NULL, NULL, NULL, NULL, NULL, NULL, NULL, NULL, 'n', NULL, NULL, NULL, NULL, NULL, NULL, NULL, '2013-08-27 15:24:22', '2013-08-27 15:24:22', '41307e93-48cc-4cf9-81e2-9890ca4c88aa'),
 ('258', '259', 'en_us', 'Lost Time', NULL, NULL, NULL, NULL, NULL, NULL, NULL, NULL, NULL, NULL, NULL, NULL, NULL, NULL, NULL, NULL, NULL, NULL, NULL, NULL, NULL, NULL, NULL, NULL, NULL, NULL, NULL, NULL, NULL, NULL, NULL, NULL, NULL, NULL, NULL, NULL, NULL, '2013-08-27 15:30:26', '2013-08-27 15:30:26', '9753a9a5-f96b-48d9-8dab-5be9c74f4933'),
 ('259', '260', 'en_us', 'Lost Time', NULL, NULL, NULL, NULL, NULL, NULL, NULL, NULL, NULL, NULL, NULL, NULL, NULL, NULL, NULL, NULL, NULL, NULL, NULL, NULL, NULL, NULL, NULL, NULL, NULL, NULL, NULL, NULL, NULL, NULL, NULL, NULL, NULL, NULL, NULL, NULL, NULL, '2013-08-27 15:30:27', '2013-08-27 15:30:27', '123a250a-d379-4f9e-86be-7138b8b339f0'),
 ('260', '261', 'en_us', 'Lost Time', NULL, NULL, NULL, NULL, NULL, NULL, NULL, NULL, NULL, NULL, NULL, NULL, NULL, NULL, NULL, NULL, NULL, NULL, NULL, NULL, NULL, NULL, NULL, NULL, NULL, NULL, NULL, NULL, NULL, NULL, NULL, NULL, NULL, NULL, NULL, NULL, NULL, '2013-08-27 15:30:43', '2013-08-27 15:30:43', 'fec05ead-ed4e-400c-b3ea-dc0755a5fc1e'),
 ('261', '262', 'en_us', 'Lost Time', NULL, NULL, '<p>\r\n	Every moment is a frozen shoot, by repeating and deleting, finally realize what happens at the very first second.\r\n</p>', '[{\"col1\":\"flute\"},{\"col1\":\"clarinet\"},{\"col1\":\"bassoon\"},{\"col1\":\"horn\"},{\"col1\":\"trombone\"},{\"col1\":\"2 percussions\"},{\"col1\":\"2 violins\"},{\"col1\":\"violoncello\"},{\"col1\":\"contrabass\"}]', '4:52', '[{\"col1\":\"composer\",\"col2\":\"Hsin-Lei Chen\"},{\"col1\":\"conductor\",\"col2\":\"Yu-Chung Johnny Ku\"},{\"col1\":\"flute\",\"col2\":\"Chia-Jui He\"},{\"col1\":\"clarinet\",\"col2\":\"Merlin Von Frankenberg\"},{\"col1\":\"bassoon\",\"col2\":\"Yi-chen Chiu\"},{\"col1\":\"horn\",\"col2\":\"Blake Yarbrough\"},{\"col1\":\"trumpet\",\"col2\":\"Shao-Chun Tsai\"},{\"col1\":\"trombone\",\"col2\":\"Kelvin Chan\"},{\"col1\":\"percussion\",\"col2\":\"Wei-Chen Lin and Joseph Van Hassel\"},{\"col1\":\"violin\",\"col2\":\"Yen-Ting Wu and Chi-fan Tsai\"},{\"col1\":\"violoncello\",\"col2\":\"Yi-Ching Lee\"},{\"col1\":\"contrabass\",\"col2\":\"Briana Goldberg\"}]', '', 'audio', '2012', NULL, NULL, NULL, NULL, NULL, NULL, NULL, NULL, NULL, NULL, NULL, NULL, NULL, NULL, NULL, NULL, NULL, NULL, NULL, NULL, 'n', NULL, NULL, NULL, NULL, NULL, NULL, NULL, '2013-08-27 15:30:51', '2013-08-27 15:30:51', '9121a265-54fb-4c0f-8497-87580e5ffd9f'),
 ('262', '263', 'en_us', 'Resounding Silence', NULL, NULL, NULL, NULL, NULL, NULL, NULL, NULL, NULL, NULL, NULL, NULL, NULL, NULL, NULL, NULL, NULL, NULL, NULL, NULL, NULL, NULL, NULL, NULL, NULL, NULL, NULL, NULL, NULL, NULL, NULL, NULL, NULL, NULL, NULL, NULL, NULL, '2013-08-27 15:34:34', '2013-08-27 15:34:34', '0552af5f-7a5c-49f7-8a79-6b397b4a3846'),
 ('263', '264', 'en_us', 'Resounding Silence', NULL, NULL, NULL, NULL, NULL, NULL, NULL, NULL, NULL, NULL, NULL, NULL, NULL, NULL, NULL, NULL, NULL, NULL, NULL, NULL, NULL, NULL, NULL, NULL, NULL, NULL, NULL, NULL, NULL, NULL, NULL, NULL, NULL, NULL, NULL, NULL, NULL, '2013-08-27 15:34:35', '2013-08-27 15:34:35', '8d724c2e-3a1b-44cb-9cf0-a4f3ddc3d904'),
 ('264', '265', 'en_us', 'Resounding Silence', NULL, NULL, '<p>\r\n	 Yeki bout; yeki nabout. There was someone; there was no one. The long note at the beginning is realization of room tone. Everything happens later are heart beat and fantasy followed by severe headache.\r\n</p>', '[{\"col1\":\"flute\"},{\"col1\":\"clarinet\"},{\"col1\":\"bassoon\"},{\"col1\":\"horn\"},{\"col1\":\"trombone\"},{\"col1\":\"2 percussions\"},{\"col1\":\"piano\"},{\"col1\":\"2 violins\"},{\"col1\":\"violoncello\"},{\"col1\":\"contrabass\"}]', '8:20', '[{\"col1\":\"composer\",\"col2\":\"Hsin-Lei Chen\"},{\"col1\":\"conductor\",\"col2\":\"Yu-Chung Johnny Ku\"},{\"col1\":\"flute\",\"col2\":\"Chia-Jui He\"},{\"col1\":\"clarinet\",\"col2\":\"Merlin Von Frankenberg\"},{\"col1\":\"bassoon\",\"col2\":\"Yi-chen Chiu\"},{\"col1\":\"horn\",\"col2\":\"Blake Yarbrough\"},{\"col1\":\"trumpet\",\"col2\":\"Shao-Chun Tsai\"},{\"col1\":\"trombone\",\"col2\":\"Kelvin Chan\"},{\"col1\":\"percussion\",\"col2\":\"Wei-Chen Lin and Joseph Van Hassel\"},{\"col1\":\"piano\",\"col2\":\"Yi-Wen Chang\"},{\"col1\":\"violin\",\"col2\":\"Yen-Ting Wu and Chi-fan Tsai\"},{\"col1\":\"violoncello\",\"col2\":\"Yi-Ching Lee\"},{\"col1\":\"contrabass\",\"col2\":\"Briana Goldberg\"}]', '', 'audio', '2006', NULL, NULL, NULL, NULL, NULL, NULL, NULL, NULL, NULL, NULL, NULL, NULL, NULL, NULL, NULL, NULL, NULL, NULL, NULL, NULL, 'n', NULL, NULL, NULL, NULL, NULL, NULL, NULL, '2013-08-27 15:34:46', '2013-08-27 15:35:40', '6ccaa5e5-a5d5-4137-9e0a-58a2d5e261fc'),
 ('265', '266', 'en_us', 'Resounding Silence', NULL, NULL, NULL, NULL, NULL, NULL, NULL, NULL, NULL, NULL, NULL, NULL, NULL, NULL, NULL, NULL, NULL, NULL, NULL, NULL, NULL, NULL, NULL, NULL, NULL, NULL, NULL, NULL, NULL, NULL, NULL, NULL, NULL, NULL, NULL, NULL, NULL, '2013-08-27 15:35:35', '2013-08-27 15:35:35', '5a1cb282-040c-4945-b82d-d61d3b355f58'),
 ('266', '267', 'en_us', 'Renascence', NULL, NULL, NULL, NULL, NULL, NULL, NULL, NULL, NULL, NULL, NULL, NULL, NULL, NULL, NULL, NULL, NULL, NULL, NULL, NULL, NULL, NULL, NULL, NULL, NULL, NULL, NULL, NULL, NULL, NULL, NULL, NULL, NULL, NULL, NULL, NULL, NULL, '2013-08-27 15:41:52', '2013-08-27 15:41:52', 'b6e09286-edc4-4ed5-bad9-2cc76d4c38a7'),
 ('267', '268', 'en_us', 'Renascence', NULL, NULL, NULL, NULL, NULL, NULL, NULL, NULL, NULL, NULL, NULL, NULL, NULL, NULL, NULL, NULL, NULL, NULL, NULL, NULL, NULL, NULL, NULL, NULL, NULL, NULL, NULL, NULL, NULL, NULL, NULL, NULL, NULL, NULL, NULL, NULL, NULL, '2013-08-27 15:41:53', '2013-08-27 15:41:53', '5a960c67-81af-426e-959f-5eae397aabeb'),
 ('268', '269', 'en_us', 'Renascence', NULL, NULL, NULL, NULL, NULL, NULL, NULL, NULL, NULL, NULL, NULL, NULL, NULL, NULL, NULL, NULL, NULL, NULL, NULL, NULL, NULL, NULL, NULL, NULL, NULL, NULL, NULL, NULL, NULL, NULL, NULL, NULL, NULL, NULL, NULL, NULL, NULL, '2013-08-27 15:44:33', '2013-08-27 15:44:33', '9e40fad8-325e-4f42-a8ac-588847e590b7'),
 ('269', '270', 'en_us', 'Renascence', NULL, NULL, '<p>\r\n	Art is life in a deferent tempo.\r\n</p>\r\n<p>\r\n	Countless natural disasters happened in recent years. On on hand, thinking about that there are people suffering somewhere out there makes me worried. But on the other hand, knowing that there are people devoting themselves for a better world comforts me.\r\n</p>\r\n<p>\r\n	The piece to that is to marvel human wisdom, and to show respect for the power of nature. I pray for the lives in miseries in the past, the present, and the future.\r\n</p>\r\n<p>\r\n	In the end of the music, I hope the audience can hum with the performers with Mahler\'s Resurrection to find the peace on our heart. Maestro Fusao Kajim once described, \"just like going back to Mother\'s embrace.\"\r\n</p>', '[{\"col1\":\"flute\"},{\"col1\":\"clarinet\"},{\"col1\":\"bassoon\"},{\"col1\":\"trombone\"},{\"col1\":\"percussion\"},{\"col1\":\"piano\"},{\"col1\":\"string quartet\"},{\"col1\":\"contrabass\"},{\"col1\":\"tape\"}]', '10:59', '[{\"col1\":\"composer\",\"col2\":\"Hsin-Lei Chen\"},{\"col1\":\"conductor\",\"col2\":\"Fusao Kajim\"},{\"col1\":\"orchestra\",\"col2\":\"National Taiwan Orchestra Symphony\"}]', '', 'audio', '2003', NULL, NULL, NULL, NULL, NULL, NULL, NULL, NULL, NULL, NULL, NULL, NULL, NULL, NULL, NULL, NULL, NULL, NULL, NULL, NULL, 'n', NULL, NULL, NULL, NULL, NULL, NULL, NULL, '2013-08-27 15:44:41', '2013-08-27 15:44:41', 'fde043c6-0735-41f6-b43d-f30449d42353'),
 ('270', '271', 'en_us', 'Fisherman s Song', NULL, NULL, NULL, NULL, NULL, NULL, NULL, NULL, NULL, NULL, NULL, NULL, NULL, NULL, NULL, NULL, NULL, NULL, NULL, NULL, NULL, NULL, NULL, NULL, NULL, NULL, NULL, NULL, NULL, NULL, NULL, NULL, NULL, NULL, NULL, NULL, NULL, '2013-08-27 15:47:37', '2013-08-27 15:47:37', '45977101-f4fc-445c-b0ea-e6c2493b6b87'),
 ('271', '272', 'en_us', 'Fisherman s Song', NULL, NULL, NULL, NULL, NULL, NULL, NULL, NULL, NULL, NULL, NULL, NULL, NULL, NULL, NULL, NULL, NULL, NULL, NULL, NULL, NULL, NULL, NULL, NULL, NULL, NULL, NULL, NULL, NULL, NULL, NULL, NULL, NULL, NULL, NULL, NULL, NULL, '2013-08-27 15:47:39', '2013-08-27 15:47:39', 'fe15c2a1-316b-4428-8450-44cfc9490e67'),
 ('272', '273', 'en_us', 'Fisherman s Song', NULL, NULL, NULL, NULL, NULL, NULL, NULL, NULL, NULL, NULL, NULL, NULL, NULL, NULL, NULL, NULL, NULL, NULL, NULL, NULL, NULL, NULL, NULL, NULL, NULL, NULL, NULL, NULL, NULL, NULL, NULL, NULL, NULL, NULL, NULL, NULL, NULL, '2013-08-27 15:50:20', '2013-08-27 15:50:20', '8e3c0ba7-a1d8-4a32-823e-2801e8a41636'),
 ('273', '274', 'en_us', 'Fisherman\'s Song', NULL, NULL, '<p>\r\n	Egrets fly in front of West Piedmont,\r\n</p>\r\n<p>\r\n	Peach flowers flow away with water;\r\n</p>\r\n<p>\r\n	Mandarin fish fertilize,\r\n</p>\r\n<p>\r\n	Having green rain cap and coat,\r\n</p>\r\n<p>\r\n	With no worry for the light wind and the drizzling rain.\r\n</p>', '[{\"col1\":\"mixed choir\"}]', '10:47', '[{\"col1\":\"composer\",\"col2\":\"Hsin-Lei Chen\"},{\"col1\":\"conductor\",\"col2\":\"Yu-Ching Johnny Ku\"},{\"col1\":\"lyricist\",\"col2\":\"Zhang Zhi He\"},{\"col1\":\"choir\",\"col2\":\"Ming De Choir\"}]', '', 'audio', '2000', NULL, NULL, NULL, NULL, NULL, NULL, NULL, NULL, NULL, NULL, NULL, NULL, NULL, NULL, NULL, NULL, NULL, NULL, NULL, NULL, 'n', NULL, NULL, NULL, NULL, NULL, NULL, NULL, '2013-08-27 15:50:26', '2013-08-27 15:50:26', '3b266838-efea-4481-a208-ded485fa0820'),
 ('274', '275', 'en_us', 'Novel Sphere', NULL, NULL, NULL, NULL, NULL, NULL, NULL, NULL, NULL, NULL, NULL, NULL, NULL, NULL, NULL, NULL, NULL, NULL, NULL, NULL, NULL, NULL, NULL, NULL, NULL, NULL, NULL, NULL, NULL, NULL, NULL, NULL, NULL, NULL, NULL, NULL, NULL, '2013-08-27 15:54:15', '2013-08-27 15:54:15', 'b432a9b4-0bcf-4e88-9145-5853ebc3c18c'),
 ('275', '276', 'en_us', 'Novel Sphere', NULL, NULL, NULL, NULL, NULL, NULL, NULL, NULL, NULL, NULL, NULL, NULL, NULL, NULL, NULL, NULL, NULL, NULL, NULL, NULL, NULL, NULL, NULL, NULL, NULL, NULL, NULL, NULL, NULL, NULL, NULL, NULL, NULL, NULL, NULL, NULL, NULL, '2013-08-27 15:54:16', '2013-08-27 15:54:16', '179b730a-141a-4295-a76f-0dcc2dc4b960'),
 ('276', '277', 'en_us', 'Novel Sphere', NULL, NULL, NULL, NULL, NULL, NULL, NULL, NULL, NULL, NULL, NULL, NULL, NULL, NULL, NULL, NULL, NULL, NULL, NULL, NULL, NULL, NULL, NULL, NULL, NULL, NULL, NULL, NULL, NULL, NULL, NULL, NULL, NULL, NULL, NULL, NULL, NULL, '2013-08-27 15:54:28', '2013-08-27 15:54:28', '09d81c42-1930-4583-848e-c998244c94a0'),
 ('277', '278', 'en_us', 'Novel Sphere', NULL, NULL, '<p>\r\n	I am ready; I am free;\r\n</p>\r\n<p>\r\n	To cleave the ether on a novel flight;\r\n</p>\r\n<p>\r\n	To novel sphere of pure activity.\r\n</p>', '[{\"col1\":\"mixed choir\"}]', '3:38', '[{\"col1\":\"composer\",\"col2\":\"Hsin-Lei Chen\"},{\"col1\":\"conductor\",\"col2\":\"Shang-lun Wu\"},{\"col1\":\"lyricist\",\"col2\":\"Goethe\"},{\"col1\":\"choir\",\"col2\":\"Taipei Philharmonics Chamber Choir\"}]', '', 'audio', '2003', NULL, NULL, NULL, NULL, NULL, NULL, NULL, NULL, NULL, NULL, NULL, NULL, NULL, NULL, NULL, NULL, NULL, NULL, NULL, NULL, 'n', NULL, NULL, NULL, NULL, NULL, NULL, NULL, '2013-08-27 15:54:33', '2013-08-27 15:54:33', '52009883-ae74-43da-be3f-c2768dd6f30a'),
 ('278', '279', 'en_us', 'Rainforest', NULL, NULL, NULL, NULL, NULL, NULL, NULL, NULL, NULL, NULL, NULL, NULL, NULL, NULL, NULL, NULL, NULL, NULL, NULL, NULL, NULL, NULL, NULL, NULL, NULL, NULL, NULL, NULL, NULL, NULL, NULL, NULL, NULL, NULL, NULL, NULL, NULL, '2013-08-27 15:56:48', '2013-08-27 15:56:48', '97d1f2c5-20cf-4110-aa6c-625303193502'),
 ('279', '280', 'en_us', 'Rainforest', NULL, NULL, NULL, NULL, NULL, NULL, NULL, NULL, NULL, NULL, NULL, NULL, NULL, NULL, NULL, NULL, NULL, NULL, NULL, NULL, NULL, NULL, NULL, NULL, NULL, NULL, NULL, NULL, NULL, NULL, NULL, NULL, NULL, NULL, NULL, NULL, NULL, '2013-08-27 15:56:48', '2013-08-27 15:56:48', '580ec538-8e51-4449-95cc-83f949b80bcf'),
 ('280', '281', 'en_us', 'Rainforest', NULL, NULL, NULL, NULL, NULL, NULL, NULL, NULL, NULL, NULL, NULL, NULL, NULL, NULL, NULL, NULL, NULL, NULL, NULL, NULL, NULL, NULL, NULL, NULL, NULL, NULL, NULL, NULL, NULL, NULL, NULL, NULL, NULL, NULL, NULL, NULL, NULL, '2013-08-27 15:57:41', '2013-08-27 15:57:41', '0977803d-e2b5-4b2f-9c86-1d15733c3cac'),
 ('281', '282', 'en_us', 'Rainforest', NULL, NULL, '<p>\r\n	Rainforest is a fascinating source for sound. The piece shows a window of spectacular sounds from the rainforest.\r\n</p>', '[{\"col1\":\"mixed choir\"}]', '4:27', '[{\"col1\":\"composer\",\"col2\":\"Hsin-Lei Chen\"}]', '', 'audio', '2013', NULL, NULL, NULL, NULL, NULL, NULL, NULL, NULL, NULL, NULL, NULL, NULL, NULL, NULL, NULL, NULL, NULL, NULL, NULL, NULL, 'n', NULL, NULL, NULL, NULL, NULL, NULL, NULL, '2013-08-27 15:57:48', '2013-08-27 15:57:48', '6dab31bb-9379-4d8e-82f5-ca203b683221'),
 ('282', '283', 'en_us', 'Family', NULL, NULL, NULL, NULL, NULL, NULL, NULL, NULL, NULL, NULL, NULL, NULL, NULL, NULL, NULL, NULL, NULL, NULL, NULL, NULL, NULL, NULL, NULL, NULL, NULL, NULL, NULL, NULL, NULL, NULL, NULL, NULL, NULL, NULL, NULL, NULL, NULL, '2013-08-27 16:00:45', '2013-08-27 16:00:45', '14374a2e-354f-4e5b-8228-201b6f7e1677'),
 ('283', '284', 'en_us', 'Family', NULL, NULL, NULL, NULL, NULL, NULL, NULL, NULL, NULL, NULL, NULL, NULL, NULL, NULL, NULL, NULL, NULL, NULL, NULL, NULL, NULL, NULL, NULL, NULL, NULL, NULL, NULL, NULL, NULL, NULL, NULL, NULL, NULL, NULL, NULL, NULL, NULL, '2013-08-27 16:00:45', '2013-08-27 16:00:45', 'f4d638d7-8cf6-4b08-8e59-b1c3a547b8a5'),
 ('284', '285', 'en_us', 'Family', NULL, NULL, NULL, NULL, NULL, NULL, NULL, NULL, NULL, NULL, NULL, NULL, NULL, NULL, NULL, NULL, NULL, NULL, NULL, NULL, NULL, NULL, NULL, NULL, NULL, NULL, NULL, NULL, NULL, NULL, NULL, NULL, NULL, NULL, NULL, NULL, NULL, '2013-08-27 16:01:27', '2013-08-27 16:01:27', '7db69d53-0f41-48de-88e2-d3cf7a737bec'),
 ('285', '286', 'en_us', 'Family', NULL, NULL, '', '[{\"col1\":\"\"}]', '2:49', '[{\"col1\":\"composer\",\"col2\":\"Hsin-Lei Chen\"}]', '', 'audio', '2013', NULL, NULL, NULL, NULL, NULL, NULL, NULL, NULL, NULL, NULL, NULL, NULL, NULL, NULL, NULL, NULL, NULL, NULL, NULL, NULL, 'n', NULL, NULL, NULL, NULL, NULL, NULL, NULL, '2013-08-27 16:01:34', '2013-08-27 16:01:34', 'fb51376b-af38-44b5-b14a-8066d3f83792'),
 ('286', '287', 'en_us', 'Heartbreak', NULL, NULL, NULL, NULL, NULL, NULL, NULL, NULL, NULL, NULL, NULL, NULL, NULL, NULL, NULL, NULL, NULL, NULL, NULL, NULL, NULL, NULL, NULL, NULL, NULL, NULL, NULL, NULL, NULL, NULL, NULL, NULL, NULL, NULL, NULL, NULL, NULL, '2013-08-27 16:03:06', '2013-08-27 16:03:06', 'a5794841-1313-4211-b521-07856888fed9'),
 ('287', '288', 'en_us', 'Heartbreak', NULL, NULL, NULL, NULL, NULL, NULL, NULL, NULL, NULL, NULL, NULL, NULL, NULL, NULL, NULL, NULL, NULL, NULL, NULL, NULL, NULL, NULL, NULL, NULL, NULL, NULL, NULL, NULL, NULL, NULL, NULL, NULL, NULL, NULL, NULL, NULL, NULL, '2013-08-27 16:03:07', '2013-08-27 16:03:07', '429c8bcd-a36c-41f1-bf65-3f76c7755c16'),
 ('288', '289', 'en_us', 'Heartbreak', NULL, NULL, NULL, NULL, NULL, NULL, NULL, NULL, NULL, NULL, NULL, NULL, NULL, NULL, NULL, NULL, NULL, NULL, NULL, NULL, NULL, NULL, NULL, NULL, NULL, NULL, NULL, NULL, NULL, NULL, NULL, NULL, NULL, NULL, NULL, NULL, NULL, '2013-08-27 16:03:19', '2013-08-27 16:03:19', 'ecdb8296-626e-42b4-b9fa-9ad45c89fcda'),
 ('289', '290', 'en_us', 'Heartbreak', NULL, NULL, '', '[{\"col1\":\"\"}]', '0:58', '[{\"col1\":\"composer\",\"col2\":\"Hsin-Lei Chen\"}]', '', 'audio', '2013', NULL, NULL, NULL, NULL, NULL, NULL, NULL, NULL, NULL, NULL, NULL, NULL, NULL, NULL, NULL, NULL, NULL, NULL, NULL, NULL, 'n', NULL, NULL, NULL, NULL, NULL, NULL, NULL, '2013-08-27 16:03:26', '2013-08-27 16:03:26', '91cb896d-1af5-4e0c-9292-3576e7fc2984'),
 ('290', '291', 'en_us', 'Little Village', NULL, NULL, NULL, NULL, NULL, NULL, NULL, NULL, NULL, NULL, NULL, NULL, NULL, NULL, NULL, NULL, NULL, NULL, NULL, NULL, NULL, NULL, NULL, NULL, NULL, NULL, NULL, NULL, NULL, NULL, NULL, NULL, NULL, NULL, NULL, NULL, NULL, '2013-08-27 16:04:51', '2013-08-27 16:04:51', '2090e40c-639d-4b0a-a553-76a15819d0cb'),
 ('291', '292', 'en_us', 'Little Village', NULL, NULL, NULL, NULL, NULL, NULL, NULL, NULL, NULL, NULL, NULL, NULL, NULL, NULL, NULL, NULL, NULL, NULL, NULL, NULL, NULL, NULL, NULL, NULL, NULL, NULL, NULL, NULL, NULL, NULL, NULL, NULL, NULL, NULL, NULL, NULL, NULL, '2013-08-27 16:04:51', '2013-08-27 16:04:51', '20e1f5f7-497a-4c7f-bca9-32f2b06cb0de'),
 ('292', '293', 'en_us', 'Little Village', NULL, NULL, NULL, NULL, NULL, NULL, NULL, NULL, NULL, NULL, NULL, NULL, NULL, NULL, NULL, NULL, NULL, NULL, NULL, NULL, NULL, NULL, NULL, NULL, NULL, NULL, NULL, NULL, NULL, NULL, NULL, NULL, NULL, NULL, NULL, NULL, NULL, '2013-08-27 16:05:05', '2013-08-27 16:05:05', '7662122b-5ecb-40c2-b18c-92d9d173d1e4'),
 ('293', '294', 'en_us', 'Little Village', NULL, NULL, '', '[{\"col1\":\"\"}]', '1:16', '[{\"col1\":\"composer\",\"col2\":\"Hsin-Lei Chen\"}]', '', 'audio', '2013', NULL, NULL, NULL, NULL, NULL, NULL, NULL, NULL, NULL, NULL, NULL, NULL, NULL, NULL, NULL, NULL, NULL, NULL, NULL, NULL, 'n', NULL, NULL, NULL, NULL, NULL, NULL, NULL, '2013-08-27 16:05:11', '2013-08-27 16:05:11', 'be2f7678-c4c8-4a4e-9c5e-50f3094f1e8e'),
 ('294', '295', 'en_us', 'Nostalgia', NULL, NULL, NULL, NULL, NULL, NULL, NULL, NULL, NULL, NULL, NULL, NULL, NULL, NULL, NULL, NULL, NULL, NULL, NULL, NULL, NULL, NULL, NULL, NULL, NULL, NULL, NULL, NULL, NULL, NULL, NULL, NULL, NULL, NULL, NULL, NULL, NULL, '2013-08-27 16:06:52', '2013-08-27 16:06:52', 'ae5dd14f-f38a-4d30-85a5-7fc97fd35628'),
 ('295', '296', 'en_us', 'Nostalgia', NULL, NULL, NULL, NULL, NULL, NULL, NULL, NULL, NULL, NULL, NULL, NULL, NULL, NULL, NULL, NULL, NULL, NULL, NULL, NULL, NULL, NULL, NULL, NULL, NULL, NULL, NULL, NULL, NULL, NULL, NULL, NULL, NULL, NULL, NULL, NULL, NULL, '2013-08-27 16:06:52', '2013-08-27 16:06:52', '18279be5-99f4-46a3-ac99-8681903427ec'),
 ('296', '297', 'en_us', 'Nostalgia', NULL, NULL, NULL, NULL, NULL, NULL, NULL, NULL, NULL, NULL, NULL, NULL, NULL, NULL, NULL, NULL, NULL, NULL, NULL, NULL, NULL, NULL, NULL, NULL, NULL, NULL, NULL, NULL, NULL, NULL, NULL, NULL, NULL, NULL, NULL, NULL, NULL, '2013-08-27 16:07:29', '2013-08-27 16:07:29', 'fa4602e3-36dc-4648-8463-388625969851'),
 ('297', '298', 'en_us', 'Nostalgia', NULL, NULL, '', '[{\"col1\":\"\"}]', '2:23', '[{\"col1\":\"composer\",\"col2\":\"Hsin-Lei Chen\"}]', '', 'audio', '2013', NULL, NULL, NULL, NULL, NULL, NULL, NULL, NULL, NULL, NULL, NULL, NULL, NULL, NULL, NULL, NULL, NULL, NULL, NULL, NULL, 'n', NULL, NULL, NULL, NULL, NULL, NULL, NULL, '2013-08-27 16:07:34', '2013-08-27 16:07:34', '6e17a971-c8f2-41c3-ad34-370ab6b72cc1'),
 ('298', '299', 'en_us', 'On the Road', NULL, NULL, NULL, NULL, NULL, NULL, NULL, NULL, NULL, NULL, NULL, NULL, NULL, NULL, NULL, NULL, NULL, NULL, NULL, NULL, NULL, NULL, NULL, NULL, NULL, NULL, NULL, NULL, NULL, NULL, NULL, NULL, NULL, NULL, NULL, NULL, NULL, '2013-08-27 16:09:06', '2013-08-27 16:09:06', '4f91e76b-bcb6-4769-b207-ca819f47d9c7'),
 ('299', '300', 'en_us', 'On the Road', NULL, NULL, NULL, NULL, NULL, NULL, NULL, NULL, NULL, NULL, NULL, NULL, NULL, NULL, NULL, NULL, NULL, NULL, NULL, NULL, NULL, NULL, NULL, NULL, NULL, NULL, NULL, NULL, NULL, NULL, NULL, NULL, NULL, NULL, NULL, NULL, NULL, '2013-08-27 16:09:06', '2013-08-27 16:09:06', '847352fb-5798-4df3-b32c-1c270906b5c1'),
 ('300', '301', 'en_us', 'On the Road', NULL, NULL, NULL, NULL, NULL, NULL, NULL, NULL, NULL, NULL, NULL, NULL, NULL, NULL, NULL, NULL, NULL, NULL, NULL, NULL, NULL, NULL, NULL, NULL, NULL, NULL, NULL, NULL, NULL, NULL, NULL, NULL, NULL, NULL, NULL, NULL, NULL, '2013-08-27 16:09:29', '2013-08-27 16:09:29', '15db1201-9f98-4b93-991e-29c8342101e1'),
 ('301', '302', 'en_us', 'On the Road', NULL, NULL, '', '[{\"col1\":\"\"}]', '1:46', '[{\"col1\":\"composer\",\"col2\":\"Hsin-Lei Chen\"}]', '', 'audio', '2013', NULL, NULL, NULL, NULL, NULL, NULL, NULL, NULL, NULL, NULL, NULL, NULL, NULL, NULL, NULL, NULL, NULL, NULL, NULL, NULL, 'n', NULL, NULL, NULL, NULL, NULL, NULL, NULL, '2013-08-27 16:09:36', '2013-08-27 16:09:36', 'e03ca277-10e4-46a5-9a79-a8767a01639c');
COMMIT;


--
-- Schema for table `craft_elements`
--

DROP TABLE IF EXISTS `craft_elements`;

CREATE TABLE `craft_elements` (
  `id` int(11) NOT NULL AUTO_INCREMENT,
  `type` char(150) COLLATE utf8_unicode_ci NOT NULL,
  `enabled` tinyint(1) unsigned NOT NULL DEFAULT '1',
  `archived` tinyint(1) unsigned NOT NULL DEFAULT '0',
  `dateCreated` datetime NOT NULL,
  `dateUpdated` datetime NOT NULL,
  `uid` char(36) COLLATE utf8_unicode_ci NOT NULL DEFAULT '0',
  PRIMARY KEY (`id`),
  KEY `craft_elements_type_idx` (`type`),
  KEY `craft_elements_enabled_idx` (`enabled`),
  KEY `craft_elements_archived_idx` (`archived`)
) ENGINE=InnoDB AUTO_INCREMENT=303 DEFAULT CHARSET=utf8 COLLATE=utf8_unicode_ci;

--
-- Data for table `craft_elements`
--

BEGIN;
INSERT INTO `craft_elements` (`id`, `type`, `enabled`, `archived`, `dateCreated`, `dateUpdated`, `uid`) VALUES
 ('1', 'User', '1', '0', '2013-06-13 00:37:57', '2013-06-13 00:37:57', 'cf7af526-9a13-4737-8125-41032c93941d'),
 ('4', 'Entry', '1', '0', '2013-06-13 20:42:35', '2013-07-20 17:31:15', 'ad4d93c4-11c9-4526-8f5e-8b392d8f4bf0'),
 ('6', 'GlobalSet', '1', '0', '2013-06-13 20:48:27', '2013-07-22 01:27:49', '521db26d-fe44-4530-9ebc-06f509c1c773'),
 ('7', 'GlobalSet', '1', '0', '2013-06-13 21:03:12', '2013-07-28 23:24:48', 'ff89e362-8251-4c65-a240-0d59b9280f07'),
 ('8', 'GlobalSet', '1', '0', '2013-06-13 21:08:19', '2013-07-22 01:27:55', '73dbcbcf-d186-43b3-8478-87884a95c013'),
 ('10', 'GlobalSet', '1', '0', '2013-06-13 21:22:12', '2013-07-22 01:28:46', 'c3733371-d358-41e0-8981-cbca903c68f0'),
 ('13', 'Asset', '1', '0', '2013-06-14 05:09:37', '2013-06-14 05:09:37', 'c4518bf1-b93e-4e44-82c3-ec691e831774'),
 ('16', 'Asset', '1', '0', '2013-06-17 06:46:54', '2013-06-17 06:46:54', '3b53f1f8-7e69-4d5a-b849-f5159114b60a'),
 ('17', 'Entry', '1', '0', '2013-06-17 06:48:19', '2013-07-20 17:31:04', 'f1506105-5c7e-4b3f-a354-e96b7c8652a5'),
 ('19', 'Asset', '1', '0', '2013-06-18 19:10:09', '2013-06-18 19:10:09', 'bd99137c-9490-4ee7-8d72-d18fed606fce'),
 ('20', 'Asset', '1', '0', '2013-06-18 19:10:09', '2013-06-18 19:10:09', 'ee373681-513d-4c18-b10b-7af9a1b992d5'),
 ('21', 'Asset', '1', '0', '2013-06-19 04:07:11', '2013-06-19 04:07:11', 'ff75b617-12bc-4dee-8c94-1435f7b7df5f'),
 ('22', 'Asset', '1', '0', '2013-06-19 06:43:59', '2013-06-19 06:43:59', 'fa926e1c-08bc-43fb-ade7-c93e8d67862f'),
 ('23', 'Asset', '1', '0', '2013-06-19 07:06:31', '2013-06-19 07:06:31', '0fbc698b-ab1b-4871-aabf-c1894a13a433'),
 ('24', 'Asset', '1', '0', '2013-06-19 07:06:31', '2013-06-19 07:06:31', 'a63a029a-9bed-4293-80cc-708e5a8ba391'),
 ('25', 'Asset', '1', '0', '2013-06-20 03:47:12', '2013-06-20 03:47:12', '994ba8de-6e76-4e82-bcb6-072a55bf0003'),
 ('26', 'Entry', '1', '0', '2013-06-20 03:50:08', '2013-08-26 21:55:11', 'e1e6afc5-d766-4462-840c-2314d7a3a216'),
 ('27', 'Asset', '1', '0', '2013-06-20 03:50:25', '2013-06-20 03:50:25', 'aa49ed12-506b-42e9-b241-30c6189a35aa'),
 ('28', 'Asset', '1', '0', '2013-06-20 03:51:22', '2013-06-20 03:51:22', 'b8f3eb71-549c-47c9-8b5b-2538e446905a'),
 ('29', 'Asset', '1', '0', '2013-06-29 22:13:41', '2013-06-29 22:13:41', '31e7da20-391c-4113-b2c0-42e955d79da3'),
 ('30', 'Asset', '1', '0', '2013-06-29 22:21:22', '2013-06-29 22:21:22', 'b75abfb3-bb8b-4f3f-9ee6-1287632bd702'),
 ('31', 'Asset', '1', '0', '2013-07-17 02:15:21', '2013-07-17 02:15:21', 'dd30962e-6daa-450a-8357-d6160f9227e1'),
 ('32', 'Asset', '1', '0', '2013-07-17 02:15:22', '2013-07-17 02:15:22', 'e313e549-2803-4e0c-81f8-af022913e9fe'),
 ('33', 'Entry', '1', '0', '2013-07-17 02:17:42', '2013-07-22 05:04:31', 'b782f1bb-3a31-45e8-a0fe-d04e97ff892a'),
 ('34', 'Asset', '1', '0', '2013-07-17 04:31:03', '2013-07-17 04:31:03', '7e32cfdf-f87b-48a7-8f0a-ae7a749f060e'),
 ('36', 'Asset', '1', '0', '2013-07-17 04:34:41', '2013-07-17 04:34:41', '416f080c-3b7e-41e5-8716-e754d03ac320'),
 ('37', 'Asset', '1', '0', '2013-07-20 15:09:10', '2013-07-20 15:09:10', '6414b80c-b6fd-4019-b99a-57fb8a503a20'),
 ('38', 'Asset', '1', '0', '2013-07-20 17:30:25', '2013-07-20 17:30:25', '0ce0be46-0010-4969-affb-a9c322589c76'),
 ('39', 'Asset', '1', '0', '2013-07-20 17:30:29', '2013-07-20 17:30:29', 'e9c44143-fac2-412e-9d81-883fa56f17ba'),
 ('40', 'Asset', '1', '0', '2013-07-20 17:30:32', '2013-07-20 17:30:32', 'a7396b9c-bc13-4f28-b9a9-0368408243ab'),
 ('41', 'Asset', '1', '0', '2013-07-21 18:49:47', '2013-07-21 18:49:47', '8b474351-01c6-4839-8ce5-a28906aa7f83'),
 ('42', 'Asset', '1', '0', '2013-07-21 18:49:47', '2013-07-21 18:49:47', 'f19aa1c2-4f39-4752-9d3a-e3da14b0a040'),
 ('43', 'Asset', '1', '0', '2013-07-21 18:49:48', '2013-07-21 18:49:48', 'dee913cf-5519-4cef-bcc7-527938f0e1d6'),
 ('44', 'GlobalSet', '1', '0', '2013-07-21 18:51:04', '2013-07-21 18:52:39', 'c83e1839-a79b-40a9-94f4-ea001fad5f80'),
 ('45', 'GlobalSet', '1', '0', '2013-07-21 19:20:35', '2013-07-21 19:46:47', '3b057792-9d8f-464a-9736-d04229c4beac'),
 ('46', 'User', '1', '0', '2013-07-29 00:10:48', '2013-07-29 00:10:48', '2caa67fe-f3db-4f99-a052-63d46d6ef8b8'),
 ('47', 'Asset', '1', '0', '2013-08-02 05:38:01', '2013-08-02 05:38:01', 'b98bd2c8-43f9-468c-bad3-907f77c6101e'),
 ('48', 'Asset', '1', '0', '2013-08-02 05:38:02', '2013-08-02 05:38:02', 'b98cdde9-0d48-40c1-ba43-bff7e49d1c06'),
 ('49', 'Asset', '1', '0', '2013-08-02 05:39:59', '2013-08-02 05:39:59', '59dab60a-09ae-4fa0-805a-fc9e91a0cfa2'),
 ('51', 'Entry', '1', '0', '2013-08-02 05:45:12', '2013-08-02 05:50:55', 'ed3f97b6-820a-4236-89a3-9521b28db698'),
 ('52', 'Asset', '1', '0', '2013-08-02 05:50:47', '2013-08-02 05:50:47', '92701148-eb9a-479a-825b-faf916f30ca4'),
 ('53', 'Asset', '1', '0', '2013-08-02 05:53:03', '2013-08-02 05:53:03', '5fe1de3a-ea2e-49a2-85d7-f79974e833d5'),
 ('54', 'Entry', '1', '0', '2013-08-26 14:46:20', '2013-08-26 20:04:17', '10cf2303-33d2-43f3-a2a2-ca318f96619f'),
 ('55', 'Entry', '1', '0', '2013-08-26 14:46:45', '2013-08-27 14:04:38', '2c8289cd-5927-4a5b-8f89-c3c04c708b0b'),
 ('56', 'Entry', '1', '0', '2013-08-26 14:47:00', '2013-08-27 14:54:53', '6d47a043-989c-4836-8b83-7df69b498378'),
 ('57', 'Entry', '1', '0', '2013-08-26 14:47:29', '2013-08-27 15:44:52', 'e9585db4-1f53-4d7c-8139-f10261bcacee'),
 ('58', 'Entry', '1', '0', '2013-08-26 14:47:50', '2013-08-27 15:57:59', '769b79f7-421c-4655-a5e7-1a3af5052b91'),
 ('59', 'Entry', '1', '0', '2013-08-26 14:48:01', '2013-08-27 16:09:46', 'bcb7fec8-b24d-41d3-b5ac-03046c59e6df'),
 ('61', 'Entry', '1', '0', '2013-08-26 14:56:27', '2013-08-26 15:21:12', '95d69615-63ad-4b15-bb16-cd9faaa28255'),
 ('62', 'Asset', '1', '0', '2013-08-26 15:18:58', '2013-08-26 15:18:58', '6649007f-25b1-43f8-aa57-6e0753a4a509'),
 ('63', 'Asset', '1', '0', '2013-08-26 15:19:10', '2013-08-26 15:19:10', '98b26e38-fd29-4e4b-9d85-c0acabe2981f'),
 ('64', 'Asset', '1', '0', '2013-08-26 15:21:03', '2013-08-26 15:21:03', '4de39506-04c4-4f2e-b4e7-7ee9fc97bb31'),
 ('65', 'Entry', '1', '0', '2013-08-26 15:24:39', '2013-08-26 17:43:50', 'cb802011-f14a-4cd7-b414-5136296f4ede'),
 ('66', 'Asset', '1', '0', '2013-08-26 15:28:13', '2013-08-26 15:28:13', '8ffe948b-ada1-4edd-bdb5-f8ca0878c444'),
 ('67', 'Asset', '1', '0', '2013-08-26 15:28:22', '2013-08-26 15:28:22', '73f3c4d2-368e-4b4b-9b1c-e7a4e47be8f1'),
 ('68', 'Asset', '1', '0', '2013-08-26 15:28:29', '2013-08-26 15:28:29', '1f66bd1c-7b47-4243-b5a9-23820fc20ddb'),
 ('69', 'Asset', '1', '0', '2013-08-26 16:49:56', '2013-08-26 16:49:56', 'f386d2eb-f420-47b3-aa43-0a3da368bfa8'),
 ('70', 'Asset', '1', '0', '2013-08-26 16:50:06', '2013-08-26 16:50:06', 'a6d8dca5-271a-44de-acee-660d7b595ee4'),
 ('71', 'Entry', '1', '0', '2013-08-26 16:50:15', '2013-08-26 17:43:41', 'e1077df7-0537-4aec-943b-305f09419859'),
 ('72', 'Asset', '1', '0', '2013-08-26 16:50:29', '2013-08-26 16:50:29', 'bab75757-6970-4f8a-a3b6-d2a48e3468f2'),
 ('73', 'Entry', '1', '0', '2013-08-26 16:54:46', '2013-08-26 17:43:32', 'cdfd610e-84e6-4ace-a10c-753608b1c5b2'),
 ('74', 'Asset', '1', '0', '2013-08-26 16:56:02', '2013-08-26 16:56:02', 'd519057f-9dce-4116-81b2-4d2f404b6dbc'),
 ('75', 'Asset', '1', '0', '2013-08-26 16:56:10', '2013-08-26 16:56:10', '14741fce-a096-4f04-8a31-57ce1ba4807d'),
 ('76', 'Asset', '1', '0', '2013-08-26 16:56:19', '2013-08-26 16:56:19', 'a5b59afc-f612-4d8e-96b6-cc341c9e5749'),
 ('77', 'Asset', '1', '0', '2013-08-26 16:59:41', '2013-08-26 16:59:41', '7e5398ad-9474-44fc-868f-6dc75f4a55b6'),
 ('78', 'Asset', '1', '0', '2013-08-26 16:59:49', '2013-08-26 16:59:49', 'f5297342-4dff-466f-ad8c-2558c8dc792c'),
 ('79', 'Asset', '1', '0', '2013-08-26 16:59:58', '2013-08-26 16:59:58', 'b064cf51-07da-4ee3-be96-1f5a8b191984'),
 ('80', 'Entry', '1', '0', '2013-08-26 17:00:02', '2013-08-26 17:43:24', '2c91b868-0a7e-459d-ae34-d0bcb0adeeab'),
 ('81', 'Asset', '1', '0', '2013-08-26 17:04:40', '2013-08-26 17:04:40', 'e1c10b8f-21cd-4000-8d00-816ad62f02ac'),
 ('82', 'Asset', '1', '0', '2013-08-26 17:04:48', '2013-08-26 17:04:48', 'b064d730-cff5-4080-8636-4c0e3ed01928'),
 ('83', 'Asset', '1', '0', '2013-08-26 17:05:09', '2013-08-26 17:05:09', '24228f3a-933d-46e9-b419-371997507404'),
 ('84', 'Entry', '1', '0', '2013-08-26 17:05:13', '2013-08-26 17:43:16', '114357b5-dd95-4273-b730-109e663309c8'),
 ('85', 'Asset', '1', '0', '2013-08-26 18:58:56', '2013-08-26 18:58:56', '3054ae37-dee4-432c-a77b-4f1fab8c4e4d'),
 ('86', 'Asset', '1', '0', '2013-08-26 18:58:57', '2013-08-26 18:58:57', '14bb682c-ee45-4fc5-b7d4-98598e3d8c73'),
 ('87', 'Asset', '1', '0', '2013-08-26 18:59:46', '2013-08-26 18:59:46', 'f53d3355-fdb0-4c5b-87d4-4326d60d508e'),
 ('88', 'Entry', '1', '0', '2013-08-26 18:59:50', '2013-08-26 18:59:50', '58a0e522-c189-45ee-8090-ce4d35bb6238'),
 ('89', 'Entry', '1', '0', '2013-08-26 19:04:15', '2013-08-26 19:20:55', 'd6161976-848c-4a23-925a-ad6739e7e394'),
 ('90', 'Entry', '1', '0', '2013-08-26 19:04:48', '2013-08-26 19:20:38', '07e9aab4-06d0-45f8-9ce1-ef0eb29660a5'),
 ('91', 'Entry', '1', '0', '2013-08-26 19:05:23', '2013-08-26 19:36:50', '5597e500-e3e9-4c51-b48d-46c2edcc38cf'),
 ('92', 'Entry', '1', '0', '2013-08-26 19:07:41', '2013-08-26 19:37:30', '57d43321-1e58-4ea0-b301-7d061da3887d'),
 ('93', 'Entry', '1', '0', '2013-08-26 19:08:08', '2013-08-26 19:38:20', '98a3c7c1-ee60-4a3f-b0c2-64a088d02014'),
 ('94', 'Asset', '1', '0', '2013-08-26 19:13:00', '2013-08-26 19:13:00', '60af3716-6cc7-42c9-8799-bd62fd28dc2e'),
 ('95', 'Asset', '1', '0', '2013-08-26 19:13:00', '2013-08-26 19:13:00', 'da483604-433d-4073-91d9-afa14c35e57f'),
 ('96', 'Asset', '1', '0', '2013-08-26 19:13:01', '2013-08-26 19:13:01', 'e8bf482f-85bf-466e-b3ad-5572ed4765b9'),
 ('97', 'Asset', '1', '0', '2013-08-26 19:13:01', '2013-08-26 19:13:01', '96e444fa-1f85-4334-8c79-ce28cb8c2380'),
 ('98', 'Asset', '1', '0', '2013-08-26 19:13:02', '2013-08-26 19:13:02', '4c94e345-8f10-4e78-a895-21a32573844f'),
 ('99', 'Asset', '1', '0', '2013-08-26 19:13:03', '2013-08-26 19:13:03', '5f087dee-b76b-4c92-b40b-a4126b81538b'),
 ('100', 'Asset', '1', '0', '2013-08-26 19:13:03', '2013-08-26 19:13:03', '1be6e40e-3374-47d2-9c98-b0fd6143180b'),
 ('101', 'Asset', '1', '0', '2013-08-26 19:13:04', '2013-08-26 19:13:04', 'ce0fd1dd-fdd8-4f3f-8c78-81822771b9b6'),
 ('102', 'Asset', '1', '0', '2013-08-26 19:13:04', '2013-08-26 19:13:04', 'a70afcf9-c1ca-4903-818f-fbedc9f14764'),
 ('103', 'Asset', '1', '0', '2013-08-26 19:13:05', '2013-08-26 19:13:05', 'd467535c-26fb-49d3-b6dd-e7b9e3c2d0fe'),
 ('104', 'Asset', '1', '0', '2013-08-26 19:13:05', '2013-08-26 19:13:05', 'de3ff136-7047-42dd-84fd-ca655aefd01c'),
 ('105', 'Asset', '1', '0', '2013-08-26 19:13:06', '2013-08-26 19:13:06', '1b098eed-26c0-4648-966d-28bf0e52bd8f'),
 ('106', 'Asset', '1', '0', '2013-08-26 19:13:07', '2013-08-26 19:13:07', 'ab6506e2-3ca7-4aaf-95cd-563437c9f81f'),
 ('107', 'Asset', '1', '0', '2013-08-26 19:13:07', '2013-08-26 19:13:07', 'fcf7be9c-32a1-4c06-8e50-c04995ab8a5a'),
 ('108', 'Asset', '1', '0', '2013-08-26 19:19:24', '2013-08-26 19:19:24', '4d833a01-ef57-451e-a159-56e9654c24b2'),
 ('109', 'Asset', '1', '0', '2013-08-26 19:19:24', '2013-08-26 19:19:24', '5505ee66-2272-4d23-8f42-ecc05a49f82b'),
 ('110', 'Asset', '1', '0', '2013-08-26 19:19:25', '2013-08-26 19:19:25', '497f9a8e-e111-44a3-bc63-6c35d6098682'),
 ('111', 'Asset', '1', '0', '2013-08-26 19:19:25', '2013-08-26 19:19:25', '227f5010-444a-40ec-a41d-ccbe687c0204'),
 ('112', 'Asset', '1', '0', '2013-08-26 19:19:26', '2013-08-26 19:19:26', 'b9019589-1806-42d9-95e1-109e42a04323'),
 ('113', 'Asset', '1', '0', '2013-08-26 19:45:25', '2013-08-26 19:45:25', '06a72910-aabe-48ee-9635-3eb14e2fe7ee'),
 ('114', 'Asset', '1', '0', '2013-08-26 19:45:26', '2013-08-26 19:45:26', '899ada1e-a972-4153-87f5-361739f35ee4'),
 ('115', 'Asset', '1', '0', '2013-08-26 19:45:41', '2013-08-26 19:45:41', '5031a88b-e53d-4ca2-8ad8-1a1750bd4df2'),
 ('116', 'Entry', '1', '0', '2013-08-26 19:45:46', '2013-08-26 19:45:46', '27efd2a0-fe75-4033-a5d6-4f952b93817f'),
 ('117', 'Entry', '1', '0', '2013-08-26 19:48:52', '2013-08-26 20:02:25', '62c1701d-1b01-454a-a13c-35f28a483dc5'),
 ('118', 'Entry', '1', '0', '2013-08-26 19:50:15', '2013-08-26 20:03:03', '00dfaf98-5a5d-4914-a984-79ebf1219d86'),
 ('119', 'Entry', '1', '0', '2013-08-26 19:51:37', '2013-08-26 20:03:45', 'ed1fa7cd-ae2d-466b-bc25-fbc45c49dc06'),
 ('120', 'Asset', '1', '0', '2013-08-26 20:01:47', '2013-08-26 20:01:47', '40532649-f06f-4a5e-bf82-c05b4cd028b9'),
 ('121', 'Asset', '1', '0', '2013-08-26 20:01:48', '2013-08-26 20:01:48', 'ed89dc4b-24da-4b78-b982-b5d7e5cbb22e'),
 ('122', 'Asset', '1', '0', '2013-08-26 20:01:49', '2013-08-26 20:01:49', '1e4f3208-2c8c-4a54-99b6-d1c547c2a75c'),
 ('123', 'Asset', '1', '0', '2013-08-26 20:01:49', '2013-08-26 20:01:49', '017afd35-8671-475c-81b4-236c8830fb0a'),
 ('124', 'Asset', '1', '0', '2013-08-26 20:01:51', '2013-08-26 20:01:51', '845c1e7b-c30b-4173-9151-06542463d59c'),
 ('125', 'Asset', '1', '0', '2013-08-26 20:01:51', '2013-08-26 20:01:51', '638e6a72-5dfb-446e-8961-4c050c29cf51'),
 ('126', 'Asset', '1', '0', '2013-08-26 20:02:08', '2013-08-26 20:02:08', 'c5ce2842-d541-460a-99b6-461a934fb82b'),
 ('127', 'Asset', '1', '0', '2013-08-26 20:02:52', '2013-08-26 20:02:52', 'bef80025-6de7-4a0a-814e-b510ef3b7d2d'),
 ('128', 'Asset', '1', '0', '2013-08-26 20:03:34', '2013-08-26 20:03:34', '37132d33-d193-4b97-bd0e-d61e933b10f5'),
 ('129', 'Asset', '1', '0', '2013-08-26 20:43:40', '2013-08-26 20:43:40', 'de23192e-b804-4743-8ee4-29b97a60ecae'),
 ('130', 'Asset', '1', '0', '2013-08-26 20:43:41', '2013-08-26 20:43:41', 'a5d8fefe-0ee5-444f-b74e-504f24b00e8c'),
 ('131', 'Asset', '1', '0', '2013-08-26 20:44:19', '2013-08-26 20:44:19', '543d01fd-023b-462f-88d4-181e14ddf364'),
 ('132', 'Entry', '1', '0', '2013-08-26 20:44:24', '2013-08-26 21:35:24', '408e20a7-8855-4bfb-b628-0abfcd2b0cbd'),
 ('133', 'Asset', '1', '0', '2013-08-26 20:53:54', '2013-08-26 20:53:54', 'bd1c6fc2-9a95-40e4-a9f5-5f3d3d107170'),
 ('134', 'Asset', '1', '0', '2013-08-26 20:53:55', '2013-08-26 20:53:55', '75c93740-58fe-46e1-93a3-ac36eae24bf4'),
 ('135', 'Asset', '1', '0', '2013-08-26 20:54:05', '2013-08-26 20:54:05', '8351f889-b829-4b4b-a953-1b213a7ce3a1'),
 ('136', 'Entry', '1', '0', '2013-08-26 20:54:12', '2013-08-26 21:35:39', '20b792e9-dbe8-4a05-a814-8033e69981c6'),
 ('137', 'Asset', '1', '0', '2013-08-26 20:57:32', '2013-08-26 20:57:32', '42266e4c-0776-4f09-b0ce-ffd2b7b70900'),
 ('138', 'Asset', '1', '0', '2013-08-26 20:57:32', '2013-08-26 20:57:32', 'dcf479c0-9761-4810-96c8-861e3ae6ad83'),
 ('139', 'Asset', '1', '0', '2013-08-26 20:57:46', '2013-08-26 20:57:46', 'e9a58c53-3985-4862-8b7b-1bc0736615b8'),
 ('140', 'Entry', '1', '0', '2013-08-26 20:57:51', '2013-08-26 21:35:53', '7d41c26e-e56b-4231-b17e-55114972fe73'),
 ('141', 'Asset', '1', '0', '2013-08-26 21:02:38', '2013-08-26 21:02:38', 'a2d9a7f8-53a0-4a8f-8bb2-2d564b621268'),
 ('142', 'Asset', '1', '0', '2013-08-26 21:02:39', '2013-08-26 21:02:39', '161c56e1-a55e-4a13-aa88-4e7f3e4c3195'),
 ('143', 'Asset', '1', '0', '2013-08-26 21:02:53', '2013-08-26 21:02:53', '4e92dc41-d1a0-417c-8b66-bb1d2dc1677f'),
 ('144', 'Entry', '1', '0', '2013-08-26 21:03:00', '2013-08-26 21:36:07', '3e562cbc-595a-4b7e-8ba3-40f9e6d8987c'),
 ('145', 'Asset', '1', '0', '2013-08-26 21:07:11', '2013-08-26 21:07:11', '780f4757-8170-4aee-a3cc-6ca0d6fdf77d'),
 ('146', 'Asset', '1', '0', '2013-08-26 21:07:11', '2013-08-26 21:07:11', '02784fa2-1fbf-4fe0-a2e6-3c8170b3536f'),
 ('147', 'Asset', '1', '0', '2013-08-26 21:07:24', '2013-08-26 21:07:24', 'd091f773-ef42-46b3-bb66-79100c5bae01'),
 ('148', 'Entry', '1', '0', '2013-08-26 21:07:28', '2013-08-26 21:36:20', 'a7c4c583-0ed9-40f7-9599-ce630300c309'),
 ('149', 'Asset', '1', '0', '2013-08-26 21:11:53', '2013-08-26 21:11:53', '8223eb35-1a8a-43ea-8c79-6ad1da9f93ad'),
 ('150', 'Asset', '1', '0', '2013-08-26 21:11:54', '2013-08-26 21:11:54', 'f747637b-d864-480e-8bac-6f29d444a76d'),
 ('151', 'Asset', '1', '0', '2013-08-26 21:12:04', '2013-08-26 21:12:04', '6f447c14-5964-49f4-8fd2-130a3e39d5a1'),
 ('152', 'Entry', '1', '0', '2013-08-26 21:12:10', '2013-08-26 21:36:33', '34015730-9124-4687-8bbd-c161fb76f1b0'),
 ('153', 'Asset', '1', '0', '2013-08-26 21:15:52', '2013-08-26 21:15:52', 'bd0822d2-68c1-4d22-94bd-224fe7c0bda8'),
 ('154', 'Asset', '1', '0', '2013-08-26 21:15:52', '2013-08-26 21:15:52', 'd74507b4-203c-40ef-bed7-dbcb91dd3af1'),
 ('155', 'Asset', '1', '0', '2013-08-26 21:16:03', '2013-08-26 21:16:03', 'e7f1e886-3f71-461e-b8c2-b09a27df77a0'),
 ('156', 'Entry', '1', '0', '2013-08-26 21:16:13', '2013-08-26 21:36:46', '38959145-e0cb-45f1-9640-e2de3e810ad6'),
 ('157', 'Asset', '1', '0', '2013-08-26 21:18:51', '2013-08-26 21:18:51', '262f47a5-cab2-4b51-be1a-312d7b0a82b7'),
 ('158', 'Asset', '1', '0', '2013-08-26 21:18:51', '2013-08-26 21:18:51', '1a5290c7-0d6b-4c75-b8e3-868a4cc9d8a3'),
 ('159', 'Asset', '1', '0', '2013-08-26 21:19:02', '2013-08-26 21:19:02', '76a4d417-bcca-4bd9-865c-f8325ca64c9a'),
 ('160', 'Entry', '1', '0', '2013-08-26 21:19:07', '2013-08-26 21:34:56', '86228d0a-34c5-4aa5-ba4d-6f15db793ba7'),
 ('161', 'Asset', '1', '0', '2013-08-26 21:21:55', '2013-08-26 21:21:55', 'bcb6e3f8-eda8-4213-8522-e823084428d7'),
 ('162', 'Asset', '1', '0', '2013-08-26 21:21:55', '2013-08-26 21:21:55', '8204623c-c1c7-4ad6-a8ff-c020b014569f'),
 ('163', 'Asset', '1', '0', '2013-08-26 21:22:05', '2013-08-26 21:22:05', '14d05abe-dc42-42e5-92d6-743d6d528851'),
 ('164', 'Entry', '1', '0', '2013-08-26 21:22:10', '2013-08-26 21:34:43', 'cd65d238-7435-4c7c-9755-7a458bfccd6c'),
 ('165', 'Asset', '1', '0', '2013-08-26 21:24:59', '2013-08-26 21:24:59', '1dd38b2a-02cd-4bca-9d13-39256a21530f'),
 ('166', 'Asset', '1', '0', '2013-08-26 21:25:00', '2013-08-26 21:25:00', '09a42fb9-329f-4545-9028-e4a0dcf6813e'),
 ('167', 'Asset', '1', '0', '2013-08-26 21:25:13', '2013-08-26 21:25:13', '57a17134-7d96-4662-b04a-95f04a5dcaee'),
 ('168', 'Entry', '1', '0', '2013-08-26 21:25:18', '2013-08-26 21:34:29', '041a40c6-9b50-41dc-9efc-0f86feb89b4e'),
 ('169', 'Asset', '1', '0', '2013-08-26 21:27:33', '2013-08-26 21:27:33', '14f8536d-283c-4219-b86d-002546cedc5e'),
 ('170', 'Asset', '1', '0', '2013-08-26 21:27:33', '2013-08-26 21:27:33', 'c502f66c-b230-4646-be90-c76d5b8e3c53'),
 ('171', 'Asset', '1', '0', '2013-08-26 21:27:52', '2013-08-26 21:27:52', 'cb4c5234-7afb-4ae1-895b-a69dec8bcec0'),
 ('172', 'Entry', '1', '0', '2013-08-26 21:27:56', '2013-08-26 21:34:12', '18955245-d3b1-40b0-8cce-39f1cdc46c49'),
 ('173', 'Asset', '1', '0', '2013-08-26 21:30:22', '2013-08-26 21:30:22', 'f9b4368b-7781-4570-ace7-75469c4e22e3'),
 ('174', 'Asset', '1', '0', '2013-08-26 21:30:32', '2013-08-26 21:30:32', 'e4873bb1-1c05-420f-a3bf-576dc8818ca5'),
 ('175', 'Asset', '1', '0', '2013-08-26 21:30:32', '2013-08-26 21:30:32', '341a7da6-56a8-475b-8be1-07776bb8e5fa'),
 ('176', 'Entry', '1', '0', '2013-08-26 21:30:40', '2013-08-26 21:33:36', 'd295a6ac-ace2-448d-965a-f434dd6d39e9'),
 ('177', 'Asset', '1', '0', '2013-08-26 21:50:40', '2013-08-26 21:50:40', '6f75793a-1280-4fbe-8660-b9177da7da34'),
 ('178', 'Asset', '1', '0', '2013-08-26 21:50:41', '2013-08-26 21:50:41', '4692bfcc-97de-4942-9622-5967fc1ff0a1'),
 ('179', 'Asset', '1', '0', '2013-08-26 21:53:49', '2013-08-26 21:53:49', '4de3084a-6cc0-4b88-95a4-c4e168a4385d'),
 ('180', 'Entry', '1', '0', '2013-08-26 21:53:54', '2013-08-26 21:53:54', '77f4bbc8-5358-464e-a30a-703f9de7db70'),
 ('181', 'Asset', '1', '0', '2013-08-26 22:01:46', '2013-08-26 22:01:46', 'bcfa622e-14da-4070-8646-0649fbbfd41b'),
 ('182', 'Asset', '1', '0', '2013-08-26 22:01:47', '2013-08-26 22:01:47', '6da393b6-fa30-4346-94d5-22430dc40e53'),
 ('183', 'Asset', '1', '0', '2013-08-26 22:02:47', '2013-08-26 22:02:47', 'ecfa5d06-0eaa-43bb-85f7-4eaa1ce27291'),
 ('184', 'Entry', '1', '0', '2013-08-26 22:02:55', '2013-08-26 22:02:55', 'ddf59c7c-aff9-483d-b7df-af9576570dc4'),
 ('185', 'Asset', '1', '0', '2013-08-27 13:52:33', '2013-08-27 13:52:33', '0fc28444-e113-4933-a0f0-7733b412d8ff'),
 ('186', 'Asset', '1', '0', '2013-08-27 13:52:34', '2013-08-27 13:52:34', '42497127-7384-4fa7-9125-553307bc59f2'),
 ('187', 'Asset', '1', '0', '2013-08-27 13:52:42', '2013-08-27 13:52:42', '5d6bb30b-7296-49a6-aafe-660c02f8aaf6'),
 ('188', 'Entry', '1', '0', '2013-08-27 13:52:48', '2013-08-27 13:52:48', '224b49dc-2569-4c95-b45d-6257be4832a5'),
 ('189', 'Asset', '1', '0', '2013-08-27 13:55:47', '2013-08-27 13:55:47', 'f304042b-4367-4b9a-b4b1-7da15697d70e'),
 ('190', 'Asset', '1', '0', '2013-08-27 13:55:48', '2013-08-27 13:55:48', '6428114f-95e8-4af0-98b5-da04cdf309de'),
 ('191', 'Asset', '1', '0', '2013-08-27 13:55:55', '2013-08-27 13:55:55', '2ca316aa-e551-43c2-a41a-a3d3a3b65072'),
 ('192', 'Entry', '1', '0', '2013-08-27 13:55:59', '2013-08-27 13:55:59', '69948624-0d4e-4192-916b-0a67eb64b567'),
 ('193', 'Asset', '1', '0', '2013-08-27 13:58:53', '2013-08-27 13:58:53', 'd3a9ecaf-449d-468f-a356-972105d77d25'),
 ('194', 'Asset', '1', '0', '2013-08-27 13:58:54', '2013-08-27 13:58:54', 'ce09c0f4-7c17-4b00-9113-b014a186d3ac'),
 ('195', 'Asset', '1', '0', '2013-08-27 13:59:04', '2013-08-27 13:59:04', '0beaeedc-364c-43fc-ba08-9fdb7bdb7871'),
 ('196', 'Entry', '1', '0', '2013-08-27 13:59:09', '2013-08-27 14:05:35', 'e366d25f-4836-4981-b59c-c910f03b2d17'),
 ('197', 'Asset', '1', '0', '2013-08-27 14:01:54', '2013-08-27 14:01:54', '1ec64f5d-4466-4306-b471-66fea7575da1'),
 ('198', 'Asset', '1', '0', '2013-08-27 14:01:54', '2013-08-27 14:01:54', '1d662d2b-7c8f-462f-9c80-39c6c2c4872d'),
 ('199', 'Asset', '1', '0', '2013-08-27 14:02:02', '2013-08-27 14:02:02', 'b81a939e-075c-41c8-913b-c1a801dd2ab1'),
 ('200', 'Entry', '1', '0', '2013-08-27 14:02:05', '2013-08-27 14:21:56', 'a8b4ad25-c509-496b-a73a-341df5805837'),
 ('201', 'Asset', '1', '0', '2013-08-27 14:04:02', '2013-08-27 14:04:02', 'a1995bbe-bc0e-4cd9-add9-ad3b32df2f01'),
 ('202', 'Asset', '1', '0', '2013-08-27 14:04:03', '2013-08-27 14:04:03', 'f5e5cc24-2af9-4497-a82e-d6e4b7ec1418'),
 ('203', 'Asset', '1', '0', '2013-08-27 14:04:13', '2013-08-27 14:04:13', 'fb8ccdfb-6121-4b10-b39c-b22e54f1167d'),
 ('204', 'Entry', '1', '0', '2013-08-27 14:04:17', '2013-08-27 14:22:06', 'cfdef39b-4003-449b-8b29-a756fda5cb7b'),
 ('205', 'Asset', '1', '0', '2013-08-27 14:09:05', '2013-08-27 14:09:05', '1cbc0536-c682-44f4-87ed-02751995afbb'),
 ('206', 'Asset', '1', '0', '2013-08-27 14:09:06', '2013-08-27 14:09:06', '366ddf3e-ec3b-4410-8000-56a7cd605ae1'),
 ('207', 'Asset', '1', '0', '2013-08-27 14:10:17', '2013-08-27 14:10:17', '46f03d50-f1ba-4053-8dc4-4e57128ef66f'),
 ('208', 'Entry', '1', '0', '2013-08-27 14:10:22', '2013-08-27 14:10:22', 'f4342936-f31b-49c4-8cb3-79666b535393'),
 ('209', 'Asset', '1', '0', '2013-08-27 14:13:12', '2013-08-27 14:13:12', 'e02845bb-13ae-4bf2-8005-60d1ad5c7002'),
 ('210', 'Asset', '1', '0', '2013-08-27 14:13:13', '2013-08-27 14:13:13', '59626c55-7694-47b4-b2b0-e8aa66c67512'),
 ('211', 'Asset', '1', '0', '2013-08-27 14:14:13', '2013-08-27 14:14:13', '76f0fce2-e575-4572-88ef-bf8ea227d4e5'),
 ('212', 'Entry', '1', '0', '2013-08-27 14:14:17', '2013-08-27 14:14:17', '930f0047-dfed-4476-b845-a07703bdd681'),
 ('213', 'Asset', '1', '0', '2013-08-27 14:16:38', '2013-08-27 14:16:38', 'e38b022e-9269-48ce-a47c-d1475793da00'),
 ('214', 'Asset', '1', '0', '2013-08-27 14:16:38', '2013-08-27 14:16:38', '66e623aa-a851-4409-84a8-8ffe593aa388'),
 ('215', 'Asset', '1', '0', '2013-08-27 14:17:58', '2013-08-27 14:17:58', '1002711e-603c-4475-aaf0-07e75e66bd2f'),
 ('216', 'Entry', '1', '0', '2013-08-27 14:18:01', '2013-08-27 14:18:01', '948cbb3a-cc02-4a40-82d5-1eaa05fc18eb'),
 ('217', 'Asset', '1', '0', '2013-08-27 14:21:15', '2013-08-27 14:21:15', '4aafa597-7c0e-4c50-ba5f-63bfea904ec9'),
 ('218', 'Asset', '1', '0', '2013-08-27 14:21:16', '2013-08-27 14:21:16', 'e09173a8-b9a8-4bae-9bb5-1a6acf23acea'),
 ('219', 'Asset', '1', '0', '2013-08-27 14:21:27', '2013-08-27 14:21:27', '78ea9fa2-ccc6-48b0-8259-66b6df784f55'),
 ('220', 'Entry', '1', '0', '2013-08-27 14:21:31', '2013-08-27 14:21:31', '8f01d8a8-8352-4794-a428-a9e42bb3aaf8'),
 ('221', 'Asset', '1', '0', '2013-08-27 14:24:13', '2013-08-27 14:24:13', '5f205dcb-579a-438b-9c4f-2e2d85fca3b7'),
 ('222', 'Asset', '1', '0', '2013-08-27 14:24:14', '2013-08-27 14:24:14', '8eccacb1-66d3-43c7-92d1-1d16f2df9d87'),
 ('223', 'Asset', '1', '0', '2013-08-27 14:24:27', '2013-08-27 14:24:27', 'a5529706-faea-4311-b148-e4691230b44b'),
 ('224', 'Entry', '1', '0', '2013-08-27 14:24:57', '2013-08-27 14:24:57', '06ab56f7-56f3-4548-8c47-9e94bbc8ec41'),
 ('225', 'Asset', '1', '0', '2013-08-27 14:27:05', '2013-08-27 14:27:05', 'cc17b0ac-752c-4226-840c-204bcc82c596'),
 ('226', 'Asset', '1', '0', '2013-08-27 14:27:06', '2013-08-27 14:27:06', 'c90bc225-625b-4e28-afb7-b98a13452143'),
 ('227', 'Asset', '1', '0', '2013-08-27 14:33:51', '2013-08-27 14:33:51', '9414e6d6-b265-44c1-aee4-3a36889e9153'),
 ('228', 'Entry', '1', '0', '2013-08-27 14:33:57', '2013-08-27 14:33:57', '309cef68-5d46-4b60-95ac-2d20beb62893'),
 ('229', 'Asset', '1', '0', '2013-08-27 14:38:24', '2013-08-27 14:38:24', 'cb780ad8-4f2d-4ae3-ad41-594d87d4c248'),
 ('230', 'Asset', '1', '0', '2013-08-27 14:38:24', '2013-08-27 14:38:24', '250ad9bf-f88c-4d35-b395-a5ca8bec7040'),
 ('231', 'Asset', '1', '0', '2013-08-27 14:38:59', '2013-08-27 14:38:59', 'af9c1f61-725f-46f7-9927-365413cde08e'),
 ('232', 'Entry', '1', '0', '2013-08-27 14:39:06', '2013-08-27 14:55:27', '96a1d795-cbdc-4f1b-9435-fe3b2bbf3ac5'),
 ('233', 'Asset', '1', '0', '2013-08-27 14:50:08', '2013-08-27 14:50:08', 'c584bc7f-2f6d-4eb8-825c-e7dec08e3e0e'),
 ('234', 'Asset', '1', '0', '2013-08-27 14:50:09', '2013-08-27 14:50:09', 'c0b190fc-ad60-4a32-8fca-8c9c9f41a3a6'),
 ('235', 'Asset', '1', '0', '2013-08-27 14:50:23', '2013-08-27 14:50:23', '2297c66c-14a2-4ace-86a1-6740d8d3d7b3'),
 ('236', 'Entry', '1', '0', '2013-08-27 14:50:31', '2013-08-27 14:55:45', '48472c31-5666-4092-b03e-6708ef3cc6a5'),
 ('237', 'Asset', '1', '0', '2013-08-27 14:54:23', '2013-08-27 14:54:23', '6dc2b7b9-3129-475c-bdc1-0a2b85b0abc2'),
 ('238', 'Asset', '1', '0', '2013-08-27 14:54:24', '2013-08-27 14:54:24', 'a737625d-c299-4d51-8429-83beb4abdb54'),
 ('239', 'Asset', '1', '0', '2013-08-27 14:54:35', '2013-08-27 14:54:35', 'f6e8765d-39b6-44e5-8607-aa870a43e5e0'),
 ('240', 'Entry', '1', '0', '2013-08-27 14:54:43', '2013-08-27 14:56:04', '2b86ac47-7c38-453b-aef4-8826d9b9d81c'),
 ('243', 'Asset', '1', '0', '2013-08-27 15:05:56', '2013-08-27 15:05:56', '4c578df4-ad9d-40cc-9b83-d6a46e626f6d'),
 ('244', 'Asset', '1', '0', '2013-08-27 15:05:57', '2013-08-27 15:05:57', '32b628a5-e812-4cc4-b062-637787589b5b'),
 ('245', 'Asset', '1', '0', '2013-08-27 15:07:00', '2013-08-27 15:07:00', '008f4b6a-1b68-495b-b35f-d55fd9b9804d'),
 ('246', 'Entry', '1', '0', '2013-08-27 15:07:05', '2013-08-27 15:07:05', 'cea113c4-28d0-49f4-aa3d-d7360b2d8c0b'),
 ('247', 'Asset', '1', '0', '2013-08-27 15:13:02', '2013-08-27 15:13:02', 'a3a0af00-8804-48f2-a11c-f16a97b3a856'),
 ('248', 'Asset', '1', '0', '2013-08-27 15:13:04', '2013-08-27 15:13:04', '068a198a-5e1f-474f-91fe-37252b04457a'),
 ('249', 'Asset', '1', '0', '2013-08-27 15:13:51', '2013-08-27 15:13:51', 'd2d2f98d-d2fa-4ad6-a609-4a67047e8653'),
 ('250', 'Entry', '1', '0', '2013-08-27 15:13:56', '2013-08-27 15:13:56', '11ad07cc-7400-4edf-ba2d-912c68e28d48'),
 ('251', 'Asset', '1', '0', '2013-08-27 15:18:04', '2013-08-27 15:18:04', '50876f55-1652-4c80-b9fc-724faab98d23'),
 ('252', 'Asset', '1', '0', '2013-08-27 15:18:05', '2013-08-27 15:18:05', '02dc2dee-7bd4-42bc-887f-4238a5882599'),
 ('253', 'Asset', '1', '0', '2013-08-27 15:18:21', '2013-08-27 15:18:21', 'fdc62c1f-b4fa-403c-9213-5c0dcb455fbe'),
 ('254', 'Entry', '1', '0', '2013-08-27 15:18:28', '2013-08-27 15:24:46', 'c550ea88-868d-4b48-93c6-0a89743d7e16'),
 ('255', 'Asset', '1', '0', '2013-08-27 15:22:59', '2013-08-27 15:22:59', '76fca5a3-2c08-41c4-8d53-0b27ea00c94c'),
 ('256', 'Asset', '1', '0', '2013-08-27 15:23:00', '2013-08-27 15:23:00', '3d5712b0-2e15-4078-a160-623c5f15a77f'),
 ('257', 'Asset', '1', '0', '2013-08-27 15:24:16', '2013-08-27 15:24:16', 'e02fd72c-b50a-4ad5-bd88-211d35f19550'),
 ('258', 'Entry', '1', '0', '2013-08-27 15:24:22', '2013-08-27 15:24:22', '40fae944-9fe6-430a-94d9-d840841db7f2'),
 ('259', 'Asset', '1', '0', '2013-08-27 15:30:26', '2013-08-27 15:30:26', 'f3abbc3a-ff9c-480a-ac9a-63d75f92b9e1'),
 ('260', 'Asset', '1', '0', '2013-08-27 15:30:26', '2013-08-27 15:30:26', '8af4dd3b-9196-455e-b51c-2822c1be7239'),
 ('261', 'Asset', '1', '0', '2013-08-27 15:30:42', '2013-08-27 15:30:42', '079261b9-e413-4eac-9a80-362dd43ede47'),
 ('262', 'Entry', '1', '0', '2013-08-27 15:30:51', '2013-08-27 15:30:51', 'e7918a94-8f81-4389-88f9-ab174f0b937f'),
 ('263', 'Asset', '1', '0', '2013-08-27 15:34:34', '2013-08-27 15:34:34', 'e3526b82-7d2d-42ec-97f3-5978303112e6'),
 ('264', 'Asset', '1', '0', '2013-08-27 15:34:34', '2013-08-27 15:34:34', 'c024e1e3-e5fe-4f99-af16-0205a1b39a28'),
 ('265', 'Entry', '1', '0', '2013-08-27 15:34:46', '2013-08-27 15:35:40', '015b021d-f1ee-4d82-8443-7cd8e13f0cdb'),
 ('266', 'Asset', '1', '0', '2013-08-27 15:35:34', '2013-08-27 15:35:34', '4f8f4b4c-5d62-428d-92fc-69be0bdd11df'),
 ('267', 'Asset', '1', '0', '2013-08-27 15:41:51', '2013-08-27 15:41:51', '5391beb9-c5e2-4ba6-baf2-1e016abdca66'),
 ('268', 'Asset', '1', '0', '2013-08-27 15:41:53', '2013-08-27 15:41:53', '0bc77cb9-49c9-4b88-8f5d-253fe67fc4dd'),
 ('269', 'Asset', '1', '0', '2013-08-27 15:44:33', '2013-08-27 15:44:33', '6eb8b49c-4b41-4d94-a10f-66922fbf9640'),
 ('270', 'Entry', '1', '0', '2013-08-27 15:44:41', '2013-08-27 15:44:41', 'c9da835f-403b-431b-8740-ab337f50f3a9'),
 ('271', 'Asset', '1', '0', '2013-08-27 15:47:37', '2013-08-27 15:47:37', 'a6343b22-a21c-4561-8ad2-8704e02fc0a6'),
 ('272', 'Asset', '1', '0', '2013-08-27 15:47:38', '2013-08-27 15:47:38', 'aead5b1d-5fa1-46f5-9939-3f7173e2e079'),
 ('273', 'Asset', '1', '0', '2013-08-27 15:50:20', '2013-08-27 15:50:20', '3c5aeb78-82c1-4cb5-a41b-113edaf30d28'),
 ('274', 'Entry', '1', '0', '2013-08-27 15:50:26', '2013-08-27 15:50:26', '58471f28-fa73-4254-bd66-a3c109306dc6'),
 ('275', 'Asset', '1', '0', '2013-08-27 15:54:15', '2013-08-27 15:54:15', 'eccbabe5-7a11-472e-9b7d-eadc109ab4da'),
 ('276', 'Asset', '1', '0', '2013-08-27 15:54:15', '2013-08-27 15:54:15', '5d46d3c7-69a0-4761-9f98-be39eac8c5dd'),
 ('277', 'Asset', '1', '0', '2013-08-27 15:54:27', '2013-08-27 15:54:27', '1d395619-3083-484f-86d9-4b531c4e4414'),
 ('278', 'Entry', '1', '0', '2013-08-27 15:54:33', '2013-08-27 15:54:33', '713bbe23-8f50-48c8-bd41-4e5dd5c8849b'),
 ('279', 'Asset', '1', '0', '2013-08-27 15:56:47', '2013-08-27 15:56:47', 'e40a8d67-1ec5-48cb-b376-bfba3569f448'),
 ('280', 'Asset', '1', '0', '2013-08-27 15:56:48', '2013-08-27 15:56:48', '89299b69-f868-4ca5-a900-e92be0aee1a1'),
 ('281', 'Asset', '1', '0', '2013-08-27 15:57:41', '2013-08-27 15:57:41', 'e355f2b5-1b71-4062-aa71-faa38d3dbf96'),
 ('282', 'Entry', '1', '0', '2013-08-27 15:57:48', '2013-08-27 15:57:48', '1f12c7a5-4362-40e0-81a4-48df9de9a0af'),
 ('283', 'Asset', '1', '0', '2013-08-27 16:00:44', '2013-08-27 16:00:44', '4e901882-5dfa-4355-80ab-fdb567cca5e2'),
 ('284', 'Asset', '1', '0', '2013-08-27 16:00:45', '2013-08-27 16:00:45', 'bc97f4cf-3357-4773-8c27-9deb70762eca'),
 ('285', 'Asset', '1', '0', '2013-08-27 16:01:27', '2013-08-27 16:01:27', 'cc3dc22e-f96a-45e1-a7de-dcab89336806'),
 ('286', 'Entry', '1', '0', '2013-08-27 16:01:34', '2013-08-27 16:01:34', '569f76ec-a492-450e-ac3a-513d17a83ac2'),
 ('287', 'Asset', '1', '0', '2013-08-27 16:03:06', '2013-08-27 16:03:06', 'a242e499-3a8b-4f82-8f90-846884037631'),
 ('288', 'Asset', '1', '0', '2013-08-27 16:03:06', '2013-08-27 16:03:06', '044d56f7-cf8a-4cf7-bafd-535c1d31c9af'),
 ('289', 'Asset', '1', '0', '2013-08-27 16:03:19', '2013-08-27 16:03:19', '49ac27c8-7391-4c18-b84c-7e9f4b572a28'),
 ('290', 'Entry', '1', '0', '2013-08-27 16:03:26', '2013-08-27 16:03:26', '86ce64b8-aceb-4ad9-89c4-c863115b7951'),
 ('291', 'Asset', '1', '0', '2013-08-27 16:04:50', '2013-08-27 16:04:50', '5525a52d-3f65-4153-8008-be5800e3b42f'),
 ('292', 'Asset', '1', '0', '2013-08-27 16:04:51', '2013-08-27 16:04:51', 'cb093e37-55fa-43c5-bc34-e16abca3322a'),
 ('293', 'Asset', '1', '0', '2013-08-27 16:05:05', '2013-08-27 16:05:05', '36952b9f-1208-40c2-9716-35a95e3436e1'),
 ('294', 'Entry', '1', '0', '2013-08-27 16:05:11', '2013-08-27 16:05:11', '8501f045-c538-42f0-8dfc-cdf5f89eb242'),
 ('295', 'Asset', '1', '0', '2013-08-27 16:06:51', '2013-08-27 16:06:51', '3bb45e55-e2e8-4184-b707-e0428a7e8a27'),
 ('296', 'Asset', '1', '0', '2013-08-27 16:06:52', '2013-08-27 16:06:52', 'ece5906d-8a8a-4ecc-b763-ef79734ba5fb'),
 ('297', 'Asset', '1', '0', '2013-08-27 16:07:29', '2013-08-27 16:07:29', 'a269ebda-3561-49d2-8658-c3807ac2b4ed'),
 ('298', 'Entry', '1', '0', '2013-08-27 16:07:34', '2013-08-27 16:07:34', 'fc1d1f34-81ec-4a77-a3ce-56c4c2c7aa70'),
 ('299', 'Asset', '1', '0', '2013-08-27 16:09:05', '2013-08-27 16:09:05', '0eb7728e-1529-4821-bbcc-22ce37beccc8'),
 ('300', 'Asset', '1', '0', '2013-08-27 16:09:06', '2013-08-27 16:09:06', '86ea1e8d-db45-4c0e-af61-e17d7de4d493'),
 ('301', 'Asset', '1', '0', '2013-08-27 16:09:29', '2013-08-27 16:09:29', '8409dbc3-f440-4262-9428-1e27cad5c653'),
 ('302', 'Entry', '1', '0', '2013-08-27 16:09:36', '2013-08-27 16:09:36', 'b012ce10-4d99-4f7d-85ec-d888c97d677f');
COMMIT;


--
-- Schema for table `craft_elements_i18n`
--

DROP TABLE IF EXISTS `craft_elements_i18n`;

CREATE TABLE `craft_elements_i18n` (
  `id` int(11) NOT NULL AUTO_INCREMENT,
  `elementId` int(11) NOT NULL,
  `locale` char(12) COLLATE utf8_unicode_ci NOT NULL,
  `uri` varchar(255) COLLATE utf8_unicode_ci DEFAULT NULL,
  `dateCreated` datetime NOT NULL,
  `dateUpdated` datetime NOT NULL,
  `uid` char(36) COLLATE utf8_unicode_ci NOT NULL DEFAULT '0',
  PRIMARY KEY (`id`),
  UNIQUE KEY `craft_elements_i18n_elementId_locale_unq_idx` (`elementId`,`locale`),
  UNIQUE KEY `craft_elements_i18n_uri_locale_unq_idx` (`uri`,`locale`),
  KEY `craft_elements_i18n_locale_fk` (`locale`)
) ENGINE=InnoDB AUTO_INCREMENT=76 DEFAULT CHARSET=utf8 COLLATE=utf8_unicode_ci;

--
-- Data for table `craft_elements_i18n`
--

BEGIN;
INSERT INTO `craft_elements_i18n` (`id`, `elementId`, `locale`, `uri`, `dateCreated`, `dateUpdated`, `uid`) VALUES
 ('2', '4', 'en_us', NULL, '2013-06-13 20:42:35', '2013-07-20 17:31:15', '137e2eea-f928-44af-bf69-fdc97cea2e50'),
 ('5', '17', 'en_us', NULL, '2013-06-17 06:48:19', '2013-07-20 17:31:04', '7e4e24bb-1db0-42f8-8a8c-28377c23e469'),
 ('6', '26', 'en_us', NULL, '2013-06-20 03:50:08', '2013-08-26 21:55:11', 'c88e8189-7eba-4870-be53-513f2faf2d22'),
 ('7', '33', 'en_us', NULL, '2013-07-17 02:17:42', '2013-07-22 05:04:31', 'fa033583-f936-4dcd-a1a3-c7e1ea65d4de'),
 ('9', '51', 'en_us', NULL, '2013-08-02 05:45:12', '2013-08-02 05:50:55', 'e2936177-81a2-4dff-b3b1-2c215f6f898e'),
 ('10', '54', 'en_us', NULL, '2013-08-26 14:46:20', '2013-08-26 20:04:17', '8ea75524-4aaf-4f3c-bed6-464a7a30ee12'),
 ('11', '55', 'en_us', NULL, '2013-08-26 14:46:45', '2013-08-27 14:04:38', '8b38effe-3166-42c2-80e5-830b33ceacb8'),
 ('12', '56', 'en_us', NULL, '2013-08-26 14:47:00', '2013-08-27 14:54:53', 'a6a686fe-f704-4b16-b07d-95f4bf38f7f8'),
 ('13', '57', 'en_us', NULL, '2013-08-26 14:47:29', '2013-08-27 15:44:52', 'ac92d68b-50c3-47f8-aadd-3d68249f427a'),
 ('14', '58', 'en_us', NULL, '2013-08-26 14:47:50', '2013-08-27 15:57:59', '3ec7f8a9-54a0-4f1d-9d4e-ee3d8c9a5764'),
 ('15', '59', 'en_us', NULL, '2013-08-26 14:48:01', '2013-08-27 16:09:46', '8078ec4f-b5a1-46eb-87b8-5d049dce9a10'),
 ('17', '61', 'en_us', NULL, '2013-08-26 14:56:27', '2013-08-26 15:21:12', '31c4b46b-8780-436e-861c-31806d0cc208'),
 ('18', '65', 'en_us', NULL, '2013-08-26 15:24:39', '2013-08-26 17:43:50', '6c17befe-a2de-4e89-af9d-839618fa7d81'),
 ('19', '71', 'en_us', NULL, '2013-08-26 16:50:15', '2013-08-26 17:43:41', 'e2712400-829e-4260-80a3-8598a7dea340'),
 ('20', '73', 'en_us', NULL, '2013-08-26 16:54:46', '2013-08-26 17:43:32', '87d773c8-faa4-4a92-9682-ce7dc1b6ee1f'),
 ('21', '80', 'en_us', NULL, '2013-08-26 17:00:02', '2013-08-26 17:43:24', '51d10228-7408-4875-a1d2-7a7d53f98246'),
 ('22', '84', 'en_us', NULL, '2013-08-26 17:05:13', '2013-08-26 17:43:16', '2a814eff-9222-4df2-8a68-f0fd96ef1e2a'),
 ('23', '88', 'en_us', NULL, '2013-08-26 18:59:50', '2013-08-26 18:59:50', 'b9eaef0e-469f-4fca-a997-2e890d1d7d03'),
 ('24', '89', 'en_us', NULL, '2013-08-26 19:04:15', '2013-08-26 19:20:55', '5641c625-e536-4993-a3eb-66f6e1d62db8'),
 ('25', '90', 'en_us', NULL, '2013-08-26 19:04:48', '2013-08-26 19:20:38', 'c356bbbf-f233-4379-b671-d948225f1067'),
 ('26', '91', 'en_us', NULL, '2013-08-26 19:05:24', '2013-08-26 19:36:50', '19be5465-0f8d-4cd6-8ce4-8eebb8051208'),
 ('27', '92', 'en_us', NULL, '2013-08-26 19:07:41', '2013-08-26 19:37:30', '1ae5e5da-a359-49af-bb0a-f6a1517ea772'),
 ('28', '93', 'en_us', NULL, '2013-08-26 19:08:08', '2013-08-26 19:38:20', '0cb81e11-e774-420d-a304-94f36b6ee258'),
 ('29', '116', 'en_us', NULL, '2013-08-26 19:45:46', '2013-08-26 19:45:46', '2b2fe5fd-a1c6-4d08-ac63-cbc8c05e6a1e'),
 ('30', '117', 'en_us', NULL, '2013-08-26 19:48:52', '2013-08-26 20:02:25', 'f82504fe-e078-471e-94c2-baeea3d2804e'),
 ('31', '118', 'en_us', NULL, '2013-08-26 19:50:15', '2013-08-26 20:03:03', '372dd2c6-0af6-40c2-b18e-4d116a4f6e5f'),
 ('32', '119', 'en_us', NULL, '2013-08-26 19:51:37', '2013-08-26 20:03:45', '7ed20849-3c0f-4146-b749-fba11cb23967'),
 ('33', '132', 'en_us', NULL, '2013-08-26 20:44:24', '2013-08-26 21:35:24', 'eb887676-6741-46c6-bf60-c89584c621aa'),
 ('34', '136', 'en_us', NULL, '2013-08-26 20:54:12', '2013-08-26 21:35:39', '72284352-6874-423c-9281-0a124aae0819'),
 ('35', '140', 'en_us', NULL, '2013-08-26 20:57:51', '2013-08-26 21:35:53', '35a009ef-7af1-4ca1-9222-7dc13ac8e650'),
 ('36', '144', 'en_us', NULL, '2013-08-26 21:03:00', '2013-08-26 21:36:07', '79636875-627c-43f9-badb-9a7dd18ee7a2'),
 ('37', '148', 'en_us', NULL, '2013-08-26 21:07:28', '2013-08-26 21:36:20', 'ba4ab2f7-6dcd-4fa9-a15f-5601ef859429'),
 ('38', '152', 'en_us', NULL, '2013-08-26 21:12:10', '2013-08-26 21:36:33', '460b0103-4bbc-405e-a6ae-71bb7f33e063'),
 ('39', '156', 'en_us', NULL, '2013-08-26 21:16:13', '2013-08-26 21:36:46', 'e27a40a2-72e9-4d64-b841-033618ecdfac'),
 ('40', '160', 'en_us', NULL, '2013-08-26 21:19:07', '2013-08-26 21:34:56', '31c0ddbd-9e33-422e-a373-82bca174121e'),
 ('41', '164', 'en_us', NULL, '2013-08-26 21:22:10', '2013-08-26 21:34:43', '346d747d-a934-42d5-aab1-7b4064523534'),
 ('42', '168', 'en_us', NULL, '2013-08-26 21:25:18', '2013-08-26 21:34:29', '53a2146b-b538-492b-a64d-b0b3989760b0'),
 ('43', '172', 'en_us', NULL, '2013-08-26 21:27:56', '2013-08-26 21:34:12', '6689aeb8-a753-489a-a14e-938088705eae'),
 ('44', '176', 'en_us', NULL, '2013-08-26 21:30:40', '2013-08-26 21:33:36', '54cfcdaa-eb09-4598-8aed-48f0c3100794'),
 ('45', '180', 'en_us', NULL, '2013-08-26 21:53:54', '2013-08-26 21:53:54', '2c26401e-4827-4aab-b048-c0f1bedd7813'),
 ('46', '184', 'en_us', NULL, '2013-08-26 22:02:55', '2013-08-26 22:02:55', '05b86172-0e37-425c-a214-348607bff831'),
 ('47', '188', 'en_us', NULL, '2013-08-27 13:52:48', '2013-08-27 13:52:48', 'bd7d7b35-ad61-4da5-9c61-65afbde1429e'),
 ('48', '192', 'en_us', NULL, '2013-08-27 13:55:59', '2013-08-27 13:55:59', '13beccc3-cfd6-4cbd-b95e-4dfe4cdb92c3'),
 ('49', '196', 'en_us', NULL, '2013-08-27 13:59:09', '2013-08-27 14:05:35', '3268cc17-4ab4-4d85-b9c2-d4ddfce597b1'),
 ('50', '200', 'en_us', NULL, '2013-08-27 14:02:05', '2013-08-27 14:21:56', 'a2d10755-d04f-419a-8a44-8b0f4e992b5c'),
 ('51', '204', 'en_us', NULL, '2013-08-27 14:04:17', '2013-08-27 14:22:06', 'ec39ef4a-06c6-4aa5-bb27-ede6d4ab3624'),
 ('52', '208', 'en_us', NULL, '2013-08-27 14:10:22', '2013-08-27 14:10:22', '2b747f49-d3b6-4564-b546-0e769688f071'),
 ('53', '212', 'en_us', NULL, '2013-08-27 14:14:17', '2013-08-27 14:14:17', 'eb44cf10-6a97-4355-8028-cff14526e913'),
 ('54', '216', 'en_us', NULL, '2013-08-27 14:18:01', '2013-08-27 14:18:01', 'eeab1911-ade1-4b28-9361-37ed4cd1ba0e'),
 ('55', '220', 'en_us', NULL, '2013-08-27 14:21:31', '2013-08-27 14:21:31', '0f488d4a-b64e-40bc-911a-472194bedaf2'),
 ('56', '224', 'en_us', NULL, '2013-08-27 14:24:57', '2013-08-27 14:24:57', 'b8ce1580-16f8-451b-91ed-c6561b091de3'),
 ('57', '228', 'en_us', NULL, '2013-08-27 14:33:57', '2013-08-27 14:33:57', 'cbad197d-6297-4ff2-a5f1-c05d39a606ae'),
 ('58', '232', 'en_us', NULL, '2013-08-27 14:39:06', '2013-08-27 14:55:27', '1ea126f2-e3bc-4118-b733-c0ff9a10aa3a'),
 ('59', '236', 'en_us', NULL, '2013-08-27 14:50:31', '2013-08-27 14:55:45', '6d376675-3972-4170-9c8e-0ec05f08bb75'),
 ('60', '240', 'en_us', NULL, '2013-08-27 14:54:43', '2013-08-27 14:56:04', 'ef82b071-c93b-4d18-8209-fc0cbe5f560b'),
 ('61', '246', 'en_us', NULL, '2013-08-27 15:07:05', '2013-08-27 15:07:05', 'e30d7ecf-f68a-434c-858f-f033793c6503'),
 ('62', '250', 'en_us', NULL, '2013-08-27 15:13:56', '2013-08-27 15:13:56', '19fe942c-787c-49d8-98ac-4313b5931c81'),
 ('63', '254', 'en_us', NULL, '2013-08-27 15:18:28', '2013-08-27 15:24:46', '4e7490b5-290b-4ba6-ab98-574a893c4b95'),
 ('64', '258', 'en_us', NULL, '2013-08-27 15:24:22', '2013-08-27 15:24:22', '9f486209-db8e-4c38-bc01-26e5792b2baa'),
 ('65', '262', 'en_us', NULL, '2013-08-27 15:30:51', '2013-08-27 15:30:51', 'b1860267-0d73-4965-8c09-6bffd16175ec'),
 ('66', '265', 'en_us', NULL, '2013-08-27 15:34:46', '2013-08-27 15:35:40', 'e8870285-6d4a-4955-8249-d97615e3defd'),
 ('67', '270', 'en_us', NULL, '2013-08-27 15:44:41', '2013-08-27 15:44:41', '4d552b61-ffef-4331-b825-f78e71fd28b2'),
 ('68', '274', 'en_us', NULL, '2013-08-27 15:50:26', '2013-08-27 15:50:26', 'd742aae2-a73e-4e1b-9bec-d28ec37ab103'),
 ('69', '278', 'en_us', NULL, '2013-08-27 15:54:33', '2013-08-27 15:54:33', '1a94d922-ff93-46d7-bd3b-960cbaf03602'),
 ('70', '282', 'en_us', NULL, '2013-08-27 15:57:48', '2013-08-27 15:57:48', '44853434-8ec6-457f-bc12-324b3ba3cd57'),
 ('71', '286', 'en_us', NULL, '2013-08-27 16:01:34', '2013-08-27 16:01:34', 'bdcc8b52-01d6-48b3-9c70-a479957856de'),
 ('72', '290', 'en_us', NULL, '2013-08-27 16:03:26', '2013-08-27 16:03:26', '05897e0a-410b-4371-bfa8-74a8133bac21'),
 ('73', '294', 'en_us', NULL, '2013-08-27 16:05:11', '2013-08-27 16:05:11', 'e0915cf7-118a-456d-9787-b76c0791f828'),
 ('74', '298', 'en_us', NULL, '2013-08-27 16:07:34', '2013-08-27 16:07:34', '89bdef57-89ed-4bfe-a294-7bf0aaf8cd63'),
 ('75', '302', 'en_us', NULL, '2013-08-27 16:09:36', '2013-08-27 16:09:36', '7f70b1de-99bb-4155-a930-8d297fbe6ce0');
COMMIT;


--
-- Schema for table `craft_emailmessages`
--

DROP TABLE IF EXISTS `craft_emailmessages`;

CREATE TABLE `craft_emailmessages` (
  `id` int(11) NOT NULL AUTO_INCREMENT,
  `key` char(150) COLLATE utf8_unicode_ci NOT NULL,
  `locale` char(12) COLLATE utf8_unicode_ci NOT NULL,
  `subject` varchar(1000) COLLATE utf8_unicode_ci NOT NULL,
  `body` text COLLATE utf8_unicode_ci NOT NULL,
  `dateCreated` datetime NOT NULL,
  `dateUpdated` datetime NOT NULL,
  `uid` char(36) COLLATE utf8_unicode_ci NOT NULL DEFAULT '0',
  PRIMARY KEY (`id`),
  UNIQUE KEY `craft_emailmessages_key_locale_unq_idx` (`key`,`locale`)
) ENGINE=InnoDB DEFAULT CHARSET=utf8 COLLATE=utf8_unicode_ci;

--
-- Schema for table `craft_entries`
--

DROP TABLE IF EXISTS `craft_entries`;

CREATE TABLE `craft_entries` (
  `id` int(11) NOT NULL,
  `sectionId` int(11) NOT NULL,
  `authorId` int(11) NOT NULL,
  `postDate` datetime DEFAULT NULL,
  `expiryDate` datetime DEFAULT NULL,
  `dateCreated` datetime NOT NULL,
  `dateUpdated` datetime NOT NULL,
  `uid` char(36) COLLATE utf8_unicode_ci NOT NULL DEFAULT '0',
  PRIMARY KEY (`id`),
  KEY `craft_entries_sectionId_idx` (`sectionId`),
  KEY `craft_entries_postDate_idx` (`postDate`),
  KEY `craft_entries_expiryDate_idx` (`expiryDate`),
  KEY `craft_entries_authorId_fk` (`authorId`)
) ENGINE=InnoDB DEFAULT CHARSET=utf8 COLLATE=utf8_unicode_ci;

--
-- Data for table `craft_entries`
--

BEGIN;
INSERT INTO `craft_entries` (`id`, `sectionId`, `authorId`, `postDate`, `expiryDate`, `dateCreated`, `dateUpdated`, `uid`) VALUES
 ('4', '3', '1', '2013-06-13 20:42:00', NULL, '2013-06-13 20:42:35', '2013-07-20 17:31:15', '512f8fef-5a03-435c-a2d8-0d81a8a9d436'),
 ('17', '3', '1', '2013-06-17 06:48:00', NULL, '2013-06-17 06:48:19', '2013-07-20 17:31:04', '5c128b0a-06c2-4dbb-a3c9-3165a58c4265'),
 ('26', '3', '1', '2013-06-20 03:50:00', NULL, '2013-06-20 03:50:08', '2013-08-26 21:55:11', '133add02-5d82-4581-b342-577665879601'),
 ('33', '3', '1', '2013-07-17 02:17:00', NULL, '2013-07-17 02:17:42', '2013-07-22 05:04:31', '31cc84af-2f31-4a74-a463-60b2919f8be2'),
 ('51', '3', '1', '2013-08-02 05:45:00', NULL, '2013-08-02 05:45:12', '2013-08-02 05:50:55', 'a5a01e33-c826-48a8-a995-e4658a32800b'),
 ('54', '2', '1', '2013-08-26 00:00:00', NULL, '2013-08-26 14:46:20', '2013-08-26 20:04:17', '7925d204-89ca-4faf-a3f4-5d135606e242'),
 ('55', '2', '1', '2013-08-26 12:01:00', NULL, '2013-08-26 14:46:45', '2013-08-27 14:04:38', '8eee268d-ab23-4cd1-9330-3b8f081e289f'),
 ('56', '2', '1', '2013-08-26 12:02:00', NULL, '2013-08-26 14:47:00', '2013-08-27 14:54:53', '6b831b15-ee8f-4ae6-b479-f0dbe9fb6217'),
 ('57', '2', '1', '2013-08-26 12:03:00', NULL, '2013-08-26 14:47:29', '2013-08-27 15:44:52', '518c264e-42ac-405b-b9ec-dd7e2a50393b'),
 ('58', '2', '1', '2013-08-26 12:04:00', NULL, '2013-08-26 14:47:50', '2013-08-27 15:57:59', '6edcd07a-6edb-4851-9416-751dd5dca82d'),
 ('59', '2', '1', '2013-08-26 12:05:00', NULL, '2013-08-26 14:48:01', '2013-08-27 16:09:46', 'ac55c3c6-57d6-42ff-8847-1dbc6fee79ea'),
 ('61', '3', '1', '2013-08-26 14:56:00', NULL, '2013-08-26 14:56:27', '2013-08-26 15:21:12', '4d175910-dbfa-4943-bf92-a76cea762937'),
 ('65', '3', '1', '2013-08-26 15:24:00', NULL, '2013-08-26 15:24:39', '2013-08-26 17:43:50', '09eff67f-03c2-4491-a110-4b5303710e65'),
 ('71', '3', '1', '2013-08-26 16:50:00', NULL, '2013-08-26 16:50:15', '2013-08-26 17:43:41', '4bc5d3be-4665-4c8b-b999-a0b1cd027845'),
 ('73', '3', '1', '2013-08-26 16:54:00', NULL, '2013-08-26 16:54:46', '2013-08-26 17:43:32', '79af0c64-3aac-4294-b0d1-da7b5d758496'),
 ('80', '3', '1', '2013-08-26 17:00:00', NULL, '2013-08-26 17:00:02', '2013-08-26 17:43:24', 'bd83bb68-a282-4ae0-a3aa-b180ed9bd4fa'),
 ('84', '3', '1', '2013-08-26 17:05:00', NULL, '2013-08-26 17:05:13', '2013-08-26 17:43:16', 'c26fe5df-d77e-4ccf-91b0-5f244db92d4a'),
 ('88', '3', '1', '2013-08-26 18:59:50', NULL, '2013-08-26 18:59:50', '2013-08-26 18:59:50', '9ee542aa-94a4-48d0-aa13-d77b08b1ffb5'),
 ('89', '3', '1', '2013-08-26 19:04:00', NULL, '2013-08-26 19:04:15', '2013-08-26 19:20:55', '3cf10409-ccda-4fce-abe4-a326386d272f'),
 ('90', '3', '1', '2013-08-26 19:04:00', NULL, '2013-08-26 19:04:48', '2013-08-26 19:20:38', '9dd91fbe-b116-4b36-b1b7-9f98e75e5532'),
 ('91', '3', '1', '2013-08-26 19:05:00', NULL, '2013-08-26 19:05:24', '2013-08-26 19:36:50', 'd52b15b2-fb49-4f5b-b3a2-d9d356ab351c'),
 ('92', '3', '1', '2013-08-26 19:07:00', NULL, '2013-08-26 19:07:41', '2013-08-26 19:37:30', 'dacf44e0-60d9-43c4-867c-439c28213799'),
 ('93', '3', '1', '2013-08-26 19:08:00', NULL, '2013-08-26 19:08:08', '2013-08-26 19:38:20', '68d9eb1a-0d85-460d-9c95-67e523e31cb1'),
 ('116', '3', '1', '2013-08-26 19:45:46', NULL, '2013-08-26 19:45:46', '2013-08-26 19:45:46', '97aca0ce-213d-4ccf-bd3c-4328dfd149d4'),
 ('117', '3', '1', '2013-08-26 19:48:00', NULL, '2013-08-26 19:48:52', '2013-08-26 20:02:25', '7527c311-d0c4-475c-a081-f3ffdbca387e'),
 ('118', '3', '1', '2013-08-26 19:50:00', NULL, '2013-08-26 19:50:15', '2013-08-26 20:03:03', 'bed18207-43eb-449a-9fc3-dbdf14d82cef'),
 ('119', '3', '1', '2013-08-26 19:51:00', NULL, '2013-08-26 19:51:37', '2013-08-26 20:03:45', '504293de-5db0-48be-99d7-1d624f8bc88c'),
 ('132', '3', '1', '2013-08-26 20:44:00', NULL, '2013-08-26 20:44:24', '2013-08-26 21:35:24', '535b166b-335b-4fdc-a227-c433da8d0014'),
 ('136', '3', '1', '2013-08-26 20:54:00', NULL, '2013-08-26 20:54:12', '2013-08-26 21:35:39', '7a5dd726-2af7-49a8-98c1-f8d5798b5450'),
 ('140', '3', '1', '2013-08-26 20:57:00', NULL, '2013-08-26 20:57:51', '2013-08-26 21:35:53', '469186d9-4884-4684-9a30-a6f4f845a269'),
 ('144', '3', '1', '2013-08-26 21:03:00', NULL, '2013-08-26 21:03:00', '2013-08-26 21:36:07', '646800fb-5dfc-4127-910d-a113a6e87710'),
 ('148', '3', '1', '2013-08-26 21:07:00', NULL, '2013-08-26 21:07:28', '2013-08-26 21:36:20', 'a5991d7c-ceb6-4c0a-a258-03609d89220a'),
 ('152', '3', '1', '2013-08-26 21:12:00', NULL, '2013-08-26 21:12:10', '2013-08-26 21:36:33', 'cc8db041-7e4a-4af5-8052-0bac61bb0c9c'),
 ('156', '3', '1', '2013-08-26 21:16:00', NULL, '2013-08-26 21:16:13', '2013-08-26 21:36:46', '18ddcd2b-f70f-47eb-882a-4db69a013607'),
 ('160', '3', '1', '2013-08-26 21:19:00', NULL, '2013-08-26 21:19:07', '2013-08-26 21:34:56', '83c49566-53bd-454a-9e58-88376f731b13'),
 ('164', '3', '1', '2013-08-26 21:22:00', NULL, '2013-08-26 21:22:10', '2013-08-26 21:34:43', '4b5152b5-b76b-4a3e-9c26-73601f1e1352'),
 ('168', '3', '1', '2013-08-26 21:25:00', NULL, '2013-08-26 21:25:18', '2013-08-26 21:34:29', '5f27b261-1220-43db-9651-f5c39e60de8d'),
 ('172', '3', '1', '2013-08-26 21:27:00', NULL, '2013-08-26 21:27:56', '2013-08-26 21:34:12', 'd56f2adb-2df6-46fe-b896-04d4aedc5551'),
 ('176', '3', '1', '2013-08-26 21:30:00', NULL, '2013-08-26 21:30:40', '2013-08-26 21:33:36', '71fa1b1d-d30e-4e1d-9420-ca707fe9a335'),
 ('180', '3', '1', '2013-08-26 21:53:54', NULL, '2013-08-26 21:53:54', '2013-08-26 21:53:54', '338acb00-cfaa-48f1-b413-81c75c960655'),
 ('184', '3', '1', '2013-08-26 22:02:55', NULL, '2013-08-26 22:02:55', '2013-08-26 22:02:55', '47fa25c9-3cd4-4c6b-b65a-eaa5879207be'),
 ('188', '3', '1', '2013-08-27 13:52:47', NULL, '2013-08-27 13:52:48', '2013-08-27 13:52:48', 'cdc928cc-c577-4f31-9b74-839fc75f9043'),
 ('192', '3', '1', '2013-08-27 13:55:59', NULL, '2013-08-27 13:55:59', '2013-08-27 13:55:59', 'cd1fed01-df9b-4682-976e-2adb0bee2ba0'),
 ('196', '3', '1', '2013-08-27 13:59:00', NULL, '2013-08-27 13:59:09', '2013-08-27 14:05:35', '23489ec0-a54c-4fc1-a828-7b446e3cb866'),
 ('200', '3', '1', '2013-08-27 14:02:00', NULL, '2013-08-27 14:02:05', '2013-08-27 14:21:56', 'eab36975-f4f8-4b15-8e42-085afadac98e'),
 ('204', '3', '1', '2013-08-27 14:04:00', NULL, '2013-08-27 14:04:17', '2013-08-27 14:22:06', '3eb3e044-97b7-435e-8dd3-5e8aaa28f51f'),
 ('208', '3', '1', '2013-08-27 14:10:22', NULL, '2013-08-27 14:10:22', '2013-08-27 14:10:22', 'eb332ef8-a534-417f-935c-e98b2210e1d0'),
 ('212', '3', '1', '2013-08-27 14:14:16', NULL, '2013-08-27 14:14:17', '2013-08-27 14:14:17', '7371a9f0-04fd-405e-a276-2093715b1a0d'),
 ('216', '3', '1', '2013-08-27 14:18:01', NULL, '2013-08-27 14:18:01', '2013-08-27 14:18:01', 'c4f172d6-d66d-42a5-a755-3bb2275971e6'),
 ('220', '3', '1', '2013-08-27 14:21:31', NULL, '2013-08-27 14:21:31', '2013-08-27 14:21:31', 'c9a67488-dd87-4d31-91fe-b7bb2cff1936'),
 ('224', '3', '1', '2013-08-27 14:24:57', NULL, '2013-08-27 14:24:57', '2013-08-27 14:24:57', '6ac2e608-26e9-4c8b-b405-7b5b633273b9'),
 ('228', '3', '1', '2013-08-27 14:33:57', NULL, '2013-08-27 14:33:57', '2013-08-27 14:33:57', '84882a29-a1ee-4c3c-8282-bed85ac80ff6'),
 ('232', '3', '1', '2013-08-27 14:39:00', NULL, '2013-08-27 14:39:06', '2013-08-27 14:55:27', '42773abd-98aa-4eb4-bb2b-68478e9720c1'),
 ('236', '3', '1', '2013-08-27 14:50:00', NULL, '2013-08-27 14:50:31', '2013-08-27 14:55:45', 'eaf4d2df-3496-45bc-9b2f-ed7112838860'),
 ('240', '3', '1', '2013-08-27 14:54:00', NULL, '2013-08-27 14:54:43', '2013-08-27 14:56:04', 'af3f8e1e-5c1a-4934-85bb-b1c00d0d4476'),
 ('246', '3', '1', '2013-08-27 15:07:05', NULL, '2013-08-27 15:07:05', '2013-08-27 15:07:05', '936e4953-9356-4aaa-9294-c802e90669cb'),
 ('250', '3', '1', '2013-08-27 15:13:56', NULL, '2013-08-27 15:13:56', '2013-08-27 15:13:56', '5975624b-e324-4e07-b39a-cc944256aa79'),
 ('254', '3', '1', '2013-08-27 15:18:00', NULL, '2013-08-27 15:18:28', '2013-08-27 15:24:46', 'a8599e86-ca73-4e60-ba96-341d1c1efc87'),
 ('258', '3', '1', '2013-08-27 15:24:22', NULL, '2013-08-27 15:24:22', '2013-08-27 15:24:22', 'c786a572-ee1a-41ad-8d97-e9554ad4be79'),
 ('262', '3', '1', '2013-08-27 15:30:51', NULL, '2013-08-27 15:30:51', '2013-08-27 15:30:51', 'a045fe49-9b68-4b5f-8f26-99b6a80321a2'),
 ('265', '3', '1', '2013-08-27 15:34:00', NULL, '2013-08-27 15:34:46', '2013-08-27 15:35:40', '0733513b-b177-46fc-9adc-f40da5bc4695'),
 ('270', '3', '1', '2013-08-27 15:44:41', NULL, '2013-08-27 15:44:41', '2013-08-27 15:44:41', 'd40c2852-ac93-4aa1-a78a-50b7ec86aa82'),
 ('274', '3', '1', '2013-08-27 15:50:26', NULL, '2013-08-27 15:50:26', '2013-08-27 15:50:26', 'c94b591e-58d4-4a3a-b162-d3d6180bff51'),
 ('278', '3', '1', '2013-08-27 15:54:33', NULL, '2013-08-27 15:54:33', '2013-08-27 15:54:33', '413294b3-0be2-4950-b2b3-cdbcb5db5dbf'),
 ('282', '3', '1', '2013-08-27 15:57:48', NULL, '2013-08-27 15:57:48', '2013-08-27 15:57:48', '494f3a89-4571-44cd-8be9-28cdb03034b2'),
 ('286', '3', '1', '2013-08-27 16:01:34', NULL, '2013-08-27 16:01:34', '2013-08-27 16:01:34', '6a786578-4ca7-4e23-b3a6-e06bb3448e6c'),
 ('290', '3', '1', '2013-08-27 16:03:26', NULL, '2013-08-27 16:03:26', '2013-08-27 16:03:26', '16d5b2cc-fff4-49b4-a970-d322ed6c6208'),
 ('294', '3', '1', '2013-08-27 16:05:10', NULL, '2013-08-27 16:05:11', '2013-08-27 16:05:11', 'cb41c38f-e3c1-4765-889f-591dc7e0f72b'),
 ('298', '3', '1', '2013-08-27 16:07:34', NULL, '2013-08-27 16:07:34', '2013-08-27 16:07:34', '8084f2d2-2789-4251-a7a5-5a55332aa860'),
 ('302', '3', '1', '2013-08-27 16:09:36', NULL, '2013-08-27 16:09:36', '2013-08-27 16:09:36', '4a96229e-4181-496f-b574-5329128f10e7');
COMMIT;


--
-- Schema for table `craft_entries_i18n`
--

DROP TABLE IF EXISTS `craft_entries_i18n`;

CREATE TABLE `craft_entries_i18n` (
  `id` int(11) NOT NULL AUTO_INCREMENT,
  `entryId` int(11) NOT NULL,
  `sectionId` int(11) NOT NULL,
  `locale` char(12) COLLATE utf8_unicode_ci NOT NULL,
  `slug` varchar(255) COLLATE utf8_unicode_ci NOT NULL,
  `dateCreated` datetime NOT NULL,
  `dateUpdated` datetime NOT NULL,
  `uid` char(36) COLLATE utf8_unicode_ci NOT NULL DEFAULT '0',
  PRIMARY KEY (`id`),
  UNIQUE KEY `craft_entries_i18n_entryId_locale_unq_idx` (`entryId`,`locale`),
  UNIQUE KEY `craft_entries_i18n_slug_sectionId_locale_unq_idx` (`slug`,`sectionId`,`locale`),
  KEY `craft_entries_i18n_sectionId_fk` (`sectionId`),
  KEY `craft_entries_i18n_locale_fk` (`locale`)
) ENGINE=InnoDB AUTO_INCREMENT=76 DEFAULT CHARSET=utf8 COLLATE=utf8_unicode_ci;

--
-- Data for table `craft_entries_i18n`
--

BEGIN;
INSERT INTO `craft_entries_i18n` (`id`, `entryId`, `sectionId`, `locale`, `slug`, `dateCreated`, `dateUpdated`, `uid`) VALUES
 ('2', '4', '3', 'en_us', 'the-school-of-artist', '2013-06-13 20:42:35', '2013-07-20 17:31:15', 'f5d85d52-f65f-4152-8216-b6123ca3eb30'),
 ('5', '17', '3', 'en_us', 'the-spinning-song', '2013-06-17 06:48:19', '2013-07-20 17:31:04', '5ab6a44e-ab20-4f2c-b7e1-db13f9d17432'),
 ('6', '26', '3', 'en_us', 'in-the-darkest-night-we-sing', '2013-06-20 03:50:08', '2013-08-26 21:55:11', 'de8d7c01-c617-4968-9e07-f3124e34fc15'),
 ('7', '33', '3', 'en_us', 'norcturne-op-37', '2013-07-17 02:17:42', '2013-07-22 05:04:31', 'f2c8b663-a6e6-44c8-a595-82e6d35a8277'),
 ('9', '51', '3', 'en_us', 'suite-no-2-in-b-minor', '2013-08-02 05:45:12', '2013-08-02 05:50:55', '8c52a6eb-ea03-4732-8267-ce19663afd38'),
 ('10', '54', '2', 'en_us', 'solo', '2013-08-26 14:46:20', '2013-08-26 20:04:17', '1e2a63ea-c8d6-4170-9699-3c736b986acf'),
 ('11', '55', '2', 'en_us', 'chamber', '2013-08-26 14:46:45', '2013-08-27 14:04:38', 'ed21f242-20ce-4e44-9ecd-bbb78e4fa403'),
 ('12', '56', '2', 'en_us', 'orchestra', '2013-08-26 14:47:00', '2013-08-27 14:54:53', '5ed82ddc-6c7a-4bdb-bb71-d7385b67eb80'),
 ('13', '57', '2', 'en_us', 'large-ensemble', '2013-08-26 14:47:29', '2013-08-27 15:44:52', '7798aad7-5aa9-45bd-ab7e-5798c11d52f0'),
 ('14', '58', '2', 'en_us', 'choir', '2013-08-26 14:47:50', '2013-08-27 15:57:59', 'cbb7abee-9706-447f-a664-2dee267d7e0d'),
 ('15', '59', '2', 'en_us', 'movie', '2013-08-26 14:48:01', '2013-08-27 16:09:46', '3c6db6a8-b471-48d6-82b5-69ab5578ca08'),
 ('17', '61', '3', 'en_us', 'tibet', '2013-08-26 14:56:27', '2013-08-26 15:21:12', 'f95b02ac-3c0f-4b2e-9e3f-f23b978b58be'),
 ('18', '65', '3', 'en_us', 'brass-quintet', '2013-08-26 15:24:39', '2013-08-26 17:43:50', 'a8e543d5-c9bd-4c3f-8c21-973715de3d84'),
 ('19', '71', '3', 'en_us', 'clarinet-concerto', '2013-08-26 16:50:15', '2013-08-26 17:43:41', '4565abf9-0c70-4e7f-b133-56ef750f46a3'),
 ('20', '73', '3', 'en_us', 'by-the-light-of-nature', '2013-08-26 16:54:46', '2013-08-26 17:43:32', '86140356-f090-4fee-96fe-4eae9a342d69'),
 ('21', '80', '3', 'en_us', 'calling', '2013-08-26 17:00:02', '2013-08-26 17:43:24', '04865e14-92fb-4f4d-8db2-bbb3998e93be'),
 ('22', '84', '3', 'en_us', 'bach-buddha', '2013-08-26 17:05:13', '2013-08-26 17:43:16', 'f1afe1e4-b3d7-4853-af59-256bd20f0d97'),
 ('23', '88', '3', 'en_us', 'soliloquy', '2013-08-26 18:59:50', '2013-08-26 18:59:50', '63c1cfeb-7002-47e2-8ca2-72d9f5a8010d'),
 ('24', '89', '3', 'en_us', 'five-pieces-for-piano-i', '2013-08-26 19:04:15', '2013-08-26 19:20:55', '7464340b-34c0-4716-b462-4bf2a21d439e'),
 ('25', '90', '3', 'en_us', 'five-pieces-for-piano-ii', '2013-08-26 19:04:48', '2013-08-26 19:20:38', '305f5bb3-4262-465d-bbdf-b72d002444b0'),
 ('26', '91', '3', 'en_us', 'five-pieces-for-piano-iii', '2013-08-26 19:05:24', '2013-08-26 19:36:50', '28ee120d-76c0-4a0b-94b1-a0b634e8e87f'),
 ('27', '92', '3', 'en_us', 'five-pieces-for-piano-iv', '2013-08-26 19:07:41', '2013-08-26 19:37:30', '211385ef-6db5-432d-86f1-a9491e75187e'),
 ('28', '93', '3', 'en_us', 'five-pieces-for-piano-v', '2013-08-26 19:08:08', '2013-08-26 19:38:20', '40b246ab-a5b7-4476-9c0a-9f002839b47a'),
 ('29', '116', '3', 'en_us', 'willow-catkins', '2013-08-26 19:45:46', '2013-08-26 19:45:46', 'c50e1f22-690b-4053-93e1-c7e43d980bd6'),
 ('30', '117', '3', 'en_us', 'poemes-fantastiques-mvt-i', '2013-08-26 19:48:52', '2013-08-26 20:02:25', '42ab6eb7-f8b1-43c7-bf4c-11d9b39a3210'),
 ('31', '118', '3', 'en_us', 'poemes-fantastiques-mvt-ii', '2013-08-26 19:50:15', '2013-08-26 20:03:03', 'e91d781b-214a-45f7-ac0f-4370736ca453'),
 ('32', '119', '3', 'en_us', 'poemes-fantastiques-mvt-iii', '2013-08-26 19:51:37', '2013-08-26 20:03:45', '09e4f1b8-4a46-4603-8e12-bb7ebb3c0ca7'),
 ('33', '132', '3', 'en_us', 'colors-of-clouds-a-beacon-of-fire', '2013-08-26 20:44:24', '2013-08-26 21:35:24', '9411f24a-9769-49ef-8ac0-6a687fbd7159'),
 ('34', '136', '3', 'en_us', 'colors-of-clouds-a-concubine-s-room', '2013-08-26 20:54:12', '2013-08-26 21:35:39', 'a770307d-439d-48b1-a044-e039b275edd7'),
 ('35', '140', '3', 'en_us', 'colors-of-clouds-a-dark-valley', '2013-08-26 20:57:51', '2013-08-26 21:35:53', '420ee8ff-3486-454e-baec-7222cd76f91c'),
 ('36', '144', '3', 'en_us', 'colors-of-clouds-an-old-general-s-soliloquy', '2013-08-26 21:03:00', '2013-08-26 21:36:07', 'cd38c2b0-9ec2-435d-8101-65d8bb2898c9'),
 ('37', '148', '3', 'en_us', 'colors-of-clouds-butterfly', '2013-08-26 21:07:28', '2013-08-26 21:36:20', 'f6db455e-52cb-4797-b225-83dd503a19c7'),
 ('38', '152', '3', 'en_us', 'colors-of-clouds-empty-temple', '2013-08-26 21:12:10', '2013-08-26 21:36:33', '71be7d71-8770-45dd-9e1f-422b05f1dbfe'),
 ('39', '156', '3', 'en_us', 'colors-of-clouds-floating-air', '2013-08-26 21:16:13', '2013-08-26 21:36:46', '5a404205-35fd-433e-abc5-8bd7967dc32b'),
 ('40', '160', '3', 'en_us', 'colors-of-clouds-old-palace', '2013-08-26 21:19:07', '2013-08-26 21:34:56', '1fe13c9b-aa03-4959-b033-f5d2ec468fa6'),
 ('41', '164', '3', 'en_us', 'colors-of-clouds-silent-rage', '2013-08-26 21:22:10', '2013-08-26 21:34:43', '22c4b520-c993-4402-98c5-64784cb228e8'),
 ('42', '168', '3', 'en_us', 'colors-of-clouds-swimming-in-between-streams-of-light', '2013-08-26 21:25:18', '2013-08-26 21:34:29', '31c36a2c-f283-4e22-bb60-c134aa94de96'),
 ('43', '172', '3', 'en_us', 'colors-of-clouds-tinkly-jewels', '2013-08-26 21:27:56', '2013-08-26 21:34:12', '843f1fb5-106f-4d4e-8e12-b92ac9060dad'),
 ('44', '176', '3', 'en_us', 'colors-of-clouds-to-the-sky-line', '2013-08-26 21:30:40', '2013-08-26 21:33:36', '3fee7451-7db3-4ab2-9a13-97a89db58cf5'),
 ('45', '180', '3', 'en_us', 'rustling-leaves', '2013-08-26 21:53:54', '2013-08-26 21:53:54', 'a1c78320-8607-4c6e-af8d-2f8616ec3ecc'),
 ('46', '184', '3', 'en_us', 'in-the-love', '2013-08-26 22:02:55', '2013-08-26 22:02:55', '5ffd858a-1fef-46c1-ac46-58800fdef146'),
 ('47', '188', '3', 'en_us', 'the-glance', '2013-08-27 13:52:48', '2013-08-27 13:52:48', '3eff7321-1f00-403e-928d-a0d34ccf5a24'),
 ('48', '192', '3', 'en_us', 'immaculate-snow', '2013-08-27 13:55:59', '2013-08-27 13:55:59', '43f2a804-b768-4ff7-ada6-cd2c31b9602b'),
 ('49', '196', '3', 'en_us', 'lurching-ambush-from-all-directions', '2013-08-27 13:59:09', '2013-08-27 14:05:35', 'd4f133e0-e917-4811-bf8c-a36c3abca381'),
 ('50', '200', '3', 'en_us', 'mvt-i-mei-lan-fang', '2013-08-27 14:02:05', '2013-08-27 14:21:56', '7518a53e-ff69-4046-8b44-6efca76d6f64'),
 ('51', '204', '3', 'en_us', 'mvt-ii-recitative', '2013-08-27 14:04:17', '2013-08-27 14:22:06', '033bfa41-49d2-4957-96db-8b020cc43402'),
 ('52', '208', '3', 'en_us', 'ink-painting', '2013-08-27 14:10:22', '2013-08-27 14:10:22', '387a394d-f6c8-44a2-b185-aba85e0190d1'),
 ('53', '212', '3', 'en_us', 'tinkly-jade', '2013-08-27 14:14:17', '2013-08-27 14:14:17', '61639b1c-5a65-40c8-8a33-a0616b9450f7'),
 ('54', '216', '3', 'en_us', 'ebb-and-flow', '2013-08-27 14:18:01', '2013-08-27 14:18:01', 'decac4c1-02b3-4ce2-af70-c61ce8ec1657'),
 ('55', '220', '3', 'en_us', 'the-four-immeasurable', '2013-08-27 14:21:31', '2013-08-27 14:21:31', 'f283f15c-0d6c-4fc7-a006-1b9a12b42cf2'),
 ('56', '224', '3', 'en_us', 'long-lived-buddhism-goddess-sutra', '2013-08-27 14:24:57', '2013-08-27 14:24:57', '9fc9fe9b-9994-407d-bc8f-bd7664a6d4f8'),
 ('57', '228', '3', 'en_us', 'v-to-transformative-lightness-of-beings', '2013-08-27 14:33:57', '2013-08-27 14:33:57', 'f990a0a0-a3f6-4990-aa97-7ef15640b3cd'),
 ('58', '232', '3', 'en_us', 'deep-movement-1', '2013-08-27 14:39:06', '2013-08-27 14:55:27', 'b7bf78bb-802c-4b50-8871-7ee4b7191940'),
 ('59', '236', '3', 'en_us', 'deep-movement-2-lament', '2013-08-27 14:50:31', '2013-08-27 14:55:45', 'f861fcfc-0fbc-46ab-97da-d5663c47e8d0'),
 ('60', '240', '3', 'en_us', 'deep-movement-3-agony', '2013-08-27 14:54:43', '2013-08-27 14:56:04', 'bf62036c-71b6-4404-9359-b9aed9bfc9d4'),
 ('61', '246', '3', 'en_us', 'fleeting-glimpse', '2013-08-27 15:07:05', '2013-08-27 15:07:05', '76308a10-9299-4d82-8df2-5c724265d37f'),
 ('62', '250', '3', 'en_us', 'foreseeing', '2013-08-27 15:13:56', '2013-08-27 15:13:56', '4d859664-376b-4fe9-8f4c-e4aff168e91e'),
 ('63', '254', '3', 'en_us', 'image-mirage', '2013-08-27 15:18:28', '2013-08-27 15:24:46', '769c53ea-d95d-4178-a9d0-3b613c6179a1'),
 ('64', '258', '3', 'en_us', 'image-mirage-with-sound-track', '2013-08-27 15:24:22', '2013-08-27 15:24:22', '2df052ff-6ddb-4667-8e29-f06842226964'),
 ('65', '262', '3', 'en_us', 'lost-time', '2013-08-27 15:30:51', '2013-08-27 15:30:51', 'a2b61f20-335c-45d1-afd7-85beb0b738fa'),
 ('66', '265', '3', 'en_us', 'resounding-silence', '2013-08-27 15:34:46', '2013-08-27 15:35:40', '03219b79-b6d8-4f20-8c85-c9ff6facca74'),
 ('67', '270', '3', 'en_us', 'renascence', '2013-08-27 15:44:41', '2013-08-27 15:44:41', '291dcb02-0b23-498d-9072-b71feea2bc67'),
 ('68', '274', '3', 'en_us', 'fisherman-s-song', '2013-08-27 15:50:26', '2013-08-27 15:50:26', 'a817e73f-5fdc-4b8d-9711-98342edc7c12'),
 ('69', '278', '3', 'en_us', 'novel-sphere', '2013-08-27 15:54:33', '2013-08-27 15:54:33', '6bb854af-8770-4d83-ba69-e4add0f095ce'),
 ('70', '282', '3', 'en_us', 'rainforest', '2013-08-27 15:57:48', '2013-08-27 15:57:48', 'bcc2c6a7-e84f-40b3-af2a-2fcc8b508d31'),
 ('71', '286', '3', 'en_us', 'family', '2013-08-27 16:01:34', '2013-08-27 16:01:34', '4d070bf1-bce8-4d02-9924-da61cc4e69c4'),
 ('72', '290', '3', 'en_us', 'heartbreak', '2013-08-27 16:03:26', '2013-08-27 16:03:26', '0e5ff1f2-e6a7-4117-9ffb-2b6b7c425ae4'),
 ('73', '294', '3', 'en_us', 'little-village', '2013-08-27 16:05:11', '2013-08-27 16:05:11', '6bc28708-0bbf-4134-b2d3-91ab0ae393b6'),
 ('74', '298', '3', 'en_us', 'nostalgia', '2013-08-27 16:07:34', '2013-08-27 16:07:34', 'fcdab96b-db48-4685-af1e-80f05bac42a9'),
 ('75', '302', '3', 'en_us', 'on-the-road', '2013-08-27 16:09:36', '2013-08-27 16:09:36', 'd3ce1084-2003-4e54-bb0f-03ba42c66749');
COMMIT;


--
-- Schema for table `craft_entrydrafts`
--

DROP TABLE IF EXISTS `craft_entrydrafts`;

CREATE TABLE `craft_entrydrafts` (
  `id` int(11) NOT NULL AUTO_INCREMENT,
  `entryId` int(11) NOT NULL,
  `sectionId` int(11) NOT NULL,
  `creatorId` int(11) NOT NULL,
  `locale` char(12) COLLATE utf8_unicode_ci NOT NULL,
  `name` varchar(255) COLLATE utf8_unicode_ci DEFAULT NULL,
  `data` mediumtext COLLATE utf8_unicode_ci NOT NULL,
  `dateCreated` datetime NOT NULL,
  `dateUpdated` datetime NOT NULL,
  `uid` char(36) COLLATE utf8_unicode_ci NOT NULL DEFAULT '0',
  PRIMARY KEY (`id`),
  KEY `craft_entrydrafts_entryId_locale_idx` (`entryId`,`locale`),
  KEY `craft_entrydrafts_sectionId_fk` (`sectionId`),
  KEY `craft_entrydrafts_creatorId_fk` (`creatorId`),
  KEY `craft_entrydrafts_locale_fk` (`locale`)
) ENGINE=InnoDB DEFAULT CHARSET=utf8 COLLATE=utf8_unicode_ci;

--
-- Schema for table `craft_entrytags`
--

DROP TABLE IF EXISTS `craft_entrytags`;

CREATE TABLE `craft_entrytags` (
  `id` int(11) NOT NULL AUTO_INCREMENT,
  `name` varchar(100) COLLATE utf8_unicode_ci NOT NULL,
  `count` int(10) NOT NULL,
  `dateCreated` datetime NOT NULL,
  `dateUpdated` datetime NOT NULL,
  `uid` char(36) COLLATE utf8_unicode_ci NOT NULL DEFAULT '0',
  PRIMARY KEY (`id`),
  UNIQUE KEY `craft_entrytags_name_unq_idx` (`name`)
) ENGINE=InnoDB DEFAULT CHARSET=utf8 COLLATE=utf8_unicode_ci;

--
-- Schema for table `craft_entrytags_entries`
--

DROP TABLE IF EXISTS `craft_entrytags_entries`;

CREATE TABLE `craft_entrytags_entries` (
  `id` int(11) NOT NULL AUTO_INCREMENT,
  `tagId` int(11) NOT NULL,
  `entryId` int(11) NOT NULL,
  `dateCreated` datetime NOT NULL,
  `dateUpdated` datetime NOT NULL,
  `uid` char(36) COLLATE utf8_unicode_ci NOT NULL DEFAULT '0',
  PRIMARY KEY (`id`),
  KEY `craft_entrytags_entries_tagId_fk` (`tagId`),
  KEY `craft_entrytags_entries_entryId_fk` (`entryId`)
) ENGINE=InnoDB DEFAULT CHARSET=utf8 COLLATE=utf8_unicode_ci;

--
-- Schema for table `craft_entryversions`
--

DROP TABLE IF EXISTS `craft_entryversions`;

CREATE TABLE `craft_entryversions` (
  `id` int(11) NOT NULL AUTO_INCREMENT,
  `entryId` int(11) NOT NULL,
  `sectionId` int(11) NOT NULL,
  `creatorId` int(11) NOT NULL,
  `locale` char(12) COLLATE utf8_unicode_ci NOT NULL,
  `notes` tinytext COLLATE utf8_unicode_ci,
  `data` mediumtext COLLATE utf8_unicode_ci NOT NULL,
  `dateCreated` datetime NOT NULL,
  `dateUpdated` datetime NOT NULL,
  `uid` char(36) COLLATE utf8_unicode_ci NOT NULL DEFAULT '0',
  PRIMARY KEY (`id`),
  KEY `craft_entryversions_entryId_locale_idx` (`entryId`,`locale`),
  KEY `craft_entryversions_sectionId_fk` (`sectionId`),
  KEY `craft_entryversions_creatorId_fk` (`creatorId`),
  KEY `craft_entryversions_locale_fk` (`locale`)
) ENGINE=InnoDB AUTO_INCREMENT=233 DEFAULT CHARSET=utf8 COLLATE=utf8_unicode_ci;

--
-- Data for table `craft_entryversions`
--

BEGIN;
INSERT INTO `craft_entryversions` (`id`, `entryId`, `sectionId`, `creatorId`, `locale`, `notes`, `data`, `dateCreated`, `dateUpdated`, `uid`) VALUES
 ('1', '4', '3', '1', 'en_us', NULL, '{\"authorId\":\"1\",\"title\":\"the school of artist\",\"slug\":\"the-school-of-artist\",\"postDate\":1371156155,\"expiryDate\":null,\"enabled\":1,\"tags\":[],\"fields\":{\"6\":\"\",\"3\":\"<p>\\r\\n\\tThis is the song description.\\r\\n<\\/p>\",\"8\":\"\",\"7\":[{\"col1\":\"\"}],\"11\":\"audio\",\"9\":\"\",\"10\":\"\",\"14\":\"1999\"}}', '2013-06-13 20:42:35', '2013-06-13 20:42:35', 'a448b4e9-bbc5-42d6-bef2-56967c276cfc'),
 ('3', '4', '3', '1', 'en_us', NULL, '{\"authorId\":\"1\",\"title\":\"the school of artist\",\"slug\":\"the-school-of-artist\",\"postDate\":1371156120,\"expiryDate\":null,\"enabled\":1,\"tags\":[],\"fields\":{\"6\":\"\",\"5\":[\"13\"],\"3\":\"<p>\\r\\n\\t This is the song description.\\r\\n<\\/p>\",\"8\":\"\",\"7\":[{\"col1\":\"\"}],\"11\":\"audio\",\"9\":\"\",\"10\":\"\",\"14\":\"1999\"}}', '2013-06-14 05:12:34', '2013-06-14 05:12:34', '8adc476a-1a3c-48ee-b254-a0fe53194d65'),
 ('4', '4', '3', '1', 'en_us', NULL, '{\"authorId\":\"1\",\"title\":\"the school of artist\",\"slug\":\"the-school-of-artist\",\"postDate\":1371156120,\"expiryDate\":null,\"enabled\":1,\"tags\":[],\"fields\":{\"6\":\"\",\"5\":[\"13\"],\"3\":\"<p>\\r\\n\\t  This is the song description.\\r\\n<\\/p>\",\"8\":\"\",\"7\":[{\"col1\":\"\"}],\"11\":\"audio\",\"9\":\"\",\"10\":\"\",\"14\":\"1999\"}}', '2013-06-14 05:19:41', '2013-06-14 05:19:41', '96e1b284-f419-4e79-bfc6-6717e2f1c0b2'),
 ('12', '17', '3', '1', 'en_us', NULL, '{\"authorId\":\"1\",\"title\":\"The Spinning Song\",\"slug\":\"the-spinning-song\",\"postDate\":1371451698,\"expiryDate\":null,\"enabled\":1,\"tags\":[],\"fields\":{\"5\":[\"16\"],\"6\":\"\",\"3\":\"<p>\\r\\n\\tA spinning song...\\r\\n<\\/p>\",\"8\":\"9000\",\"7\":[{\"col1\":\"\"}],\"11\":\"audio\",\"9\":\"\",\"10\":\"\",\"14\":\"1980\"}}', '2013-06-17 06:48:19', '2013-06-17 06:48:19', '5a758cb3-b2bb-4502-a69c-3edf54d28f89'),
 ('13', '17', '3', '1', 'en_us', NULL, '{\"authorId\":\"1\",\"title\":\"the spinning song\",\"slug\":\"the-spinning-song\",\"postDate\":1371451680,\"expiryDate\":null,\"enabled\":1,\"tags\":[],\"fields\":{\"5\":[\"16\"],\"6\":\"\",\"3\":\"<p>\\r\\n\\t A spinning song...\\r\\n<\\/p>\",\"8\":\"9000\",\"7\":[{\"col1\":\"\"}],\"11\":\"audio\",\"9\":\"\",\"10\":\"\",\"14\":\"1980\"}}', '2013-06-17 06:48:29', '2013-06-17 06:48:29', '9b416e36-ed8a-430b-993e-45dcadc8e50a'),
 ('15', '17', '3', '1', 'en_us', NULL, '{\"authorId\":\"1\",\"title\":\"the spinning song\",\"slug\":\"the-spinning-song\",\"postDate\":1371451680,\"expiryDate\":null,\"enabled\":1,\"tags\":[],\"fields\":{\"5\":[\"16\"],\"4\":[\"19\",\"20\"],\"6\":\"\",\"3\":\"<p>\\r\\n\\t  A spinning song...\\r\\n<\\/p>\",\"8\":\"9000\",\"7\":[{\"col1\":\"\"}],\"11\":\"audio\",\"9\":\"\",\"10\":\"\",\"14\":\"1980\"}}', '2013-06-19 01:15:55', '2013-06-19 01:15:55', '6c3aeca6-be38-4cae-964e-51cb280a52f9'),
 ('16', '17', '3', '1', 'en_us', NULL, '{\"authorId\":\"1\",\"title\":\"the spinning song\",\"slug\":\"the-spinning-song\",\"postDate\":1371451680,\"expiryDate\":null,\"enabled\":1,\"tags\":[],\"fields\":{\"5\":[\"16\"],\"4\":[\"19\",\"20\"],\"6\":\"\",\"3\":\"<p>\\r\\n\\t   A spinning song...\\r\\n<\\/p>\",\"8\":\"9000\",\"7\":[{\"col1\":\"\"}],\"11\":\"audio\",\"9\":\"\",\"10\":\"\",\"14\":\"1980\"}}', '2013-06-19 01:16:52', '2013-06-19 01:16:52', '3038953e-ee71-467b-9a36-4f2962bb9417'),
 ('17', '4', '3', '1', 'en_us', NULL, '{\"authorId\":\"1\",\"title\":\"the school of artist\",\"slug\":\"the-school-of-artist\",\"postDate\":1371156120,\"expiryDate\":null,\"enabled\":1,\"tags\":[],\"fields\":{\"5\":[\"13\"],\"4\":[\"19\"],\"6\":\"\",\"3\":\"<p>\\r\\n\\t   This is the song description.\\r\\n<\\/p>\",\"8\":\"\",\"7\":[{\"col1\":\"\"}],\"11\":\"audio\",\"9\":\"\",\"10\":\"\",\"14\":\"1999\"}}', '2013-06-19 01:17:02', '2013-06-19 01:17:02', '1b511ccd-5574-469c-811e-b51de98e56c8'),
 ('18', '17', '3', '1', 'en_us', NULL, '{\"authorId\":\"1\",\"title\":\"the spinning song\",\"slug\":\"the-spinning-song\",\"postDate\":1371451680,\"expiryDate\":null,\"enabled\":1,\"tags\":[],\"fields\":{\"5\":[\"21\",\"16\"],\"4\":[\"19\",\"20\"],\"6\":\"\",\"3\":\"<p>\\r\\n\\t    A spinning song...\\r\\n<\\/p>\",\"8\":\"9000\",\"7\":[{\"col1\":\"\"}],\"11\":\"audio\",\"9\":\"\",\"10\":\"\",\"14\":\"1980\"}}', '2013-06-19 04:07:32', '2013-06-19 04:07:32', '2dc82fda-b589-45e7-b990-d8391a8c3e5a'),
 ('19', '4', '3', '1', 'en_us', NULL, '{\"authorId\":\"1\",\"title\":\"the school of artist\",\"slug\":\"the-school-of-artist\",\"postDate\":1371156120,\"expiryDate\":null,\"enabled\":1,\"tags\":[],\"fields\":{\"5\":[\"13\"],\"4\":[\"22\"],\"6\":\"\",\"3\":\"<p>\\r\\n\\t    This is the song description.\\r\\n<\\/p>\",\"8\":\"\",\"7\":[{\"col1\":\"\"}],\"11\":\"audio\",\"9\":\"\",\"10\":\"\",\"14\":\"1999\"}}', '2013-06-19 07:02:09', '2013-06-19 07:02:09', 'bbf37b95-812b-4936-8767-072056143a30'),
 ('20', '4', '3', '1', 'en_us', NULL, '{\"authorId\":\"1\",\"title\":\"the school of artist\",\"slug\":\"the-school-of-artist\",\"postDate\":1371156120,\"expiryDate\":null,\"enabled\":1,\"tags\":[],\"fields\":{\"5\":[\"13\",\"24\",\"23\"],\"4\":[\"22\"],\"6\":\"\",\"3\":\"<p>\\r\\n\\t     This is the song description.\\r\\n<\\/p>\",\"8\":\"\",\"7\":[{\"col1\":\"\"}],\"11\":\"audio\",\"9\":\"\",\"10\":\"\",\"14\":\"1999\"}}', '2013-06-19 07:06:48', '2013-06-19 07:06:48', '2eac46c6-9c2e-4fcb-89ea-fef5276d5689'),
 ('21', '4', '3', '1', 'en_us', NULL, '{\"authorId\":\"1\",\"title\":\"the school of artist\",\"slug\":\"the-school-of-artist\",\"postDate\":1371156120,\"expiryDate\":null,\"enabled\":1,\"tags\":[],\"fields\":{\"5\":[\"13\",\"24\",\"23\"],\"4\":[\"22\",\"25\"],\"6\":\"\",\"3\":\"<p>\\r\\n\\t      This is the song description.\\r\\n<\\/p>\",\"8\":\"\",\"7\":[{\"col1\":\"\"}],\"11\":\"audio\",\"9\":\"\",\"10\":\"\",\"14\":\"1999\"}}', '2013-06-20 03:47:28', '2013-06-20 03:47:28', '78fa7465-cd96-494a-9eb2-0e856e52e904'),
 ('22', '26', '3', '1', 'en_us', NULL, '{\"authorId\":\"1\",\"title\":\"in the darkest night we sing\",\"slug\":\"in-the-darkest-night-we-sing\",\"postDate\":1371700208,\"expiryDate\":null,\"enabled\":1,\"tags\":[],\"fields\":{\"6\":\"\",\"3\":\"<p>\\r\\n\\tIntroduction of <span style=\\\"font-family: Arial, Helvetica, Verdana, Tahoma, sans-serif;\\\">in the darkest night we sing...<\\/span>\\r\\n<\\/p>\",\"8\":\"\",\"7\":[{\"col1\":\"\"}],\"11\":\"audio\",\"9\":\"\",\"12\":[\"17\",\"4\"],\"10\":\"\",\"14\":\"2012\"}}', '2013-06-20 03:50:08', '2013-06-20 03:50:08', '1bd876b1-0583-4af1-97b8-7a0ead006be9'),
 ('23', '26', '3', '1', 'en_us', NULL, '{\"authorId\":\"1\",\"title\":\"in the darkest night we sing\",\"slug\":\"in-the-darkest-night-we-sing\",\"postDate\":1371700200,\"expiryDate\":null,\"enabled\":1,\"tags\":[],\"fields\":{\"4\":[\"28\",\"27\"],\"6\":\"\",\"3\":\"<p>\\r\\n\\t Introduction of <span style=\\\"font-family: Arial, Helvetica, Verdana, Tahoma, sans-serif;\\\">in the darkest night we sing...<\\/span>\\r\\n<\\/p>\",\"8\":\"\",\"7\":[{\"col1\":\"\"}],\"11\":\"audio\",\"9\":\"\",\"12\":[\"17\",\"4\"],\"10\":\"\",\"14\":\"2012\"}}', '2013-06-20 03:51:43', '2013-06-20 03:51:43', '13a10348-b520-4e7e-9b30-eedd3146f652'),
 ('25', '17', '3', '1', 'en_us', NULL, '{\"authorId\":\"1\",\"title\":\"the spinning song\",\"slug\":\"the-spinning-song\",\"postDate\":1371451680,\"expiryDate\":null,\"enabled\":1,\"tags\":[],\"fields\":{\"5\":[\"21\",\"16\"],\"4\":[\"19\",\"20\"],\"6\":\"Hsin-Lei Chen\",\"3\":\"<p>\\r\\n\\t     A spinning song...\\r\\n<\\/p>\",\"8\":\"9000\",\"7\":[{\"col1\":\"\"}],\"11\":\"audio\",\"9\":\"\",\"10\":\"\",\"14\":\"1980\"}}', '2013-06-27 22:04:00', '2013-06-27 22:04:00', '880d4977-2f4a-4595-8a78-be1040b98a92'),
 ('26', '17', '3', '1', 'en_us', NULL, '{\"authorId\":\"1\",\"title\":\"the spinning song\",\"slug\":\"the-spinning-song\",\"postDate\":1371451680,\"expiryDate\":null,\"enabled\":1,\"tags\":[],\"fields\":{\"5\":[\"21\",\"16\"],\"4\":[\"19\",\"20\"],\"6\":\"Hsin-Lei Chen\",\"3\":\"<p>\\r\\n\\t      A spinning song...\\r\\n<\\/p>\",\"8\":\"9000\",\"7\":[{\"col1\":\"Piano\"},{\"col1\":\"Guitar\"}],\"11\":\"audio\",\"9\":\"\",\"10\":\"\",\"14\":\"1980\"}}', '2013-06-27 22:09:45', '2013-06-27 22:09:45', '43b6d1bc-5570-4610-ba8c-31305a9a3ed3'),
 ('27', '17', '3', '1', 'en_us', NULL, '{\"authorId\":\"1\",\"title\":\"the spinning song\",\"slug\":\"the-spinning-song\",\"postDate\":1371451680,\"expiryDate\":null,\"enabled\":1,\"tags\":[],\"fields\":{\"5\":[\"21\",\"16\"],\"4\":[\"19\",\"20\"],\"6\":\"Hsin-Lei Chen\",\"3\":\"<p>\\r\\n\\t       A spinning song...\\r\\n<\\/p>\",\"8\":\"9000\",\"7\":[{\"col1\":\"piano\"},{\"col1\":\"guitar\"}],\"11\":\"audio\",\"9\":\"\",\"10\":\"\",\"14\":\"1980\"}}', '2013-06-27 22:11:13', '2013-06-27 22:11:13', '3999c2b7-48d3-4fcc-8cee-31487cb99979'),
 ('28', '17', '3', '1', 'en_us', NULL, '{\"authorId\":\"1\",\"title\":\"the spinning song\",\"slug\":\"the-spinning-song\",\"postDate\":1371451680,\"expiryDate\":null,\"enabled\":1,\"tags\":[],\"fields\":{\"5\":[\"21\",\"16\"],\"4\":[\"19\",\"20\"],\"6\":\"Hsin-Lei Chen\",\"3\":\"<p>\\r\\n\\t        A spinning song...\\r\\n<\\/p>\",\"8\":\"9000\",\"7\":[{\"col1\":\"piano\"},{\"col1\":\"guitar\"}],\"11\":\"audio\",\"9\":\"Calvin Cui\",\"10\":\"\",\"14\":\"1980\"}}', '2013-06-27 22:15:26', '2013-06-27 22:15:26', '439a87ab-4cdd-4962-b1c3-d0682b296d59'),
 ('29', '17', '3', '1', 'en_us', NULL, '{\"authorId\":\"1\",\"title\":\"the spinning song\",\"slug\":\"the-spinning-song\",\"postDate\":1371451680,\"expiryDate\":null,\"enabled\":1,\"tags\":[],\"fields\":{\"43\":[\"No\"],\"5\":[\"21\",\"16\"],\"4\":[\"19\",\"20\"],\"6\":\"Hsin-Lei Chen\",\"3\":\"<p>\\r\\n\\t         A spinning song...\\r\\n<\\/p>\",\"8\":\"9000\",\"7\":[{\"col1\":\"piano\"},{\"col1\":\"guitar\"}],\"11\":\"audio\",\"9\":\"Calvin Cui\",\"10\":\"\",\"14\":\"1980\"}}', '2013-06-27 22:23:33', '2013-06-27 22:23:33', 'ca280e9c-7798-4b6a-b73c-86be1e0785e8'),
 ('30', '17', '3', '1', 'en_us', NULL, '{\"authorId\":\"1\",\"title\":\"the spinning song\",\"slug\":\"the-spinning-song\",\"postDate\":1371451680,\"expiryDate\":null,\"enabled\":1,\"tags\":[],\"fields\":{\"43\":[\"Yes\"],\"5\":[\"21\",\"16\"],\"4\":[\"19\",\"20\"],\"6\":\"Hsin-Lei Chen\",\"3\":\"<p>\\r\\n\\t          A spinning song...\\r\\n<\\/p>\",\"8\":\"9000\",\"7\":[{\"col1\":\"piano\"},{\"col1\":\"guitar\"}],\"11\":\"audio\",\"9\":\"Calvin Cui\",\"10\":\"\",\"14\":\"1980\"}}', '2013-06-27 22:23:38', '2013-06-27 22:23:38', 'e1953bce-20c6-455a-94d4-63f123c2c721'),
 ('31', '17', '3', '1', 'en_us', NULL, '{\"authorId\":\"1\",\"title\":\"the spinning song\",\"slug\":\"the-spinning-song\",\"postDate\":1371451680,\"expiryDate\":null,\"enabled\":1,\"tags\":[],\"fields\":{\"43\":\"Yes\",\"5\":[\"21\",\"16\"],\"4\":[\"19\",\"20\"],\"6\":\"Hsin-Lei Chen\",\"3\":\"<p>\\r\\n\\t           A spinning song...\\r\\n<\\/p>\",\"8\":\"9000\",\"7\":[{\"col1\":\"piano\"},{\"col1\":\"guitar\"}],\"11\":\"audio\",\"9\":\"Calvin Cui\",\"10\":\"\",\"14\":\"1980\"}}', '2013-06-27 22:25:03', '2013-06-27 22:25:03', 'a6e7bdcd-4aa7-43f1-89db-0e70cbe01036'),
 ('32', '17', '3', '1', 'en_us', NULL, '{\"authorId\":\"1\",\"title\":\"the spinning song\",\"slug\":\"the-spinning-song\",\"postDate\":1371451680,\"expiryDate\":null,\"enabled\":1,\"tags\":[],\"fields\":{\"43\":\"y\",\"5\":[\"21\",\"16\"],\"4\":[\"19\",\"20\"],\"6\":\"Hsin-Lei Chen\",\"3\":\"<p>\\r\\n\\t            A spinning song...\\r\\n<\\/p>\",\"8\":\"9000\",\"7\":[{\"col1\":\"piano\"},{\"col1\":\"guitar\"}],\"11\":\"audio\",\"9\":\"Calvin Cui\",\"10\":\"\",\"14\":\"1980\"}}', '2013-06-27 22:36:15', '2013-06-27 22:36:15', '06b50ace-e51c-4ad3-8f16-2ea6f952a32f'),
 ('33', '4', '3', '1', 'en_us', NULL, '{\"authorId\":\"1\",\"title\":\"the school of artist\",\"slug\":\"the-school-of-artist\",\"postDate\":1371156120,\"expiryDate\":null,\"enabled\":1,\"tags\":[],\"fields\":{\"43\":\"n\",\"5\":[\"13\",\"24\",\"23\"],\"4\":[\"22\",\"25\"],\"6\":\"\",\"3\":\"<p>\\r\\n\\t       This is the song description.\\r\\n<\\/p>\",\"8\":\"\",\"7\":[{\"col1\":\"\"}],\"11\":\"audio\",\"9\":\"\",\"10\":\"\",\"14\":\"1999\"}}', '2013-06-27 22:36:19', '2013-06-27 22:36:19', '3689ccd8-8b82-4219-8acc-48213e52b56c'),
 ('34', '17', '3', '1', 'en_us', NULL, '{\"authorId\":\"1\",\"title\":\"the spinning song\",\"slug\":\"the-spinning-song\",\"postDate\":1371451680,\"expiryDate\":null,\"enabled\":1,\"tags\":[],\"fields\":{\"43\":\"y\",\"5\":[\"21\",\"16\"],\"4\":[\"19\",\"20\"],\"6\":\"Hsin-Lei Chen\",\"3\":\"<p>\\r\\n\\t             A spinning song...\\r\\n<\\/p>\",\"8\":\"9000\",\"7\":[{\"col1\":\"piano\"},{\"col1\":\"guitar\"}],\"11\":\"audio\",\"9\":\"Calvin Cui\",\"12\":[\"26\",\"4\"],\"10\":\"\",\"14\":\"1980\"}}', '2013-06-27 22:41:54', '2013-06-27 22:41:54', 'c843a66c-bb53-43ff-9fa3-9849e3bf9453'),
 ('35', '17', '3', '1', 'en_us', NULL, '{\"authorId\":\"1\",\"title\":\"the spinning song\",\"slug\":\"the-spinning-song\",\"postDate\":1371451680,\"expiryDate\":null,\"enabled\":1,\"tags\":[],\"fields\":{\"43\":\"y\",\"5\":[\"21\",\"16\"],\"4\":[\"19\",\"20\"],\"6\":\"Hsin-Lei Chen\",\"3\":\"<p>\\r\\n\\t<span style=\\\"font-family: Arial, Helvetica, Verdana, Tahoma, sans-serif;\\\">Lorem ipsum dolor sit amet, consectetur adipiscing elit. Nullam id purus mauris. Morbi dapibus augue sapien, eget ultricies diam consequat vitae. Praesent lacus ante, ornare at libero a, volutpat volutpat erat. Etiam non convallis diam. Duis sed magna tincidunt velit dignissim mattis. Proin placerat sagittis purus, sed aliquam nunc rutrum vel. Maecenas sit amet luctus felis. Sed scelerisque vitae magna a malesuada. Nullam id aliquet neque, eget pulvinar sem. Aliquam mattis urna et semper porta. Pellentesque sed lacus ullamcorper, faucibus velit venenatis, vestibulum ipsum. Aliquam ante dui, fermentum quis mi et, laoreet faucibus lacus. Vestibulum sit amet nunc vitae felis ornare malesuada sed vel ante. Proin ante sapien, tristique quis turpis nec, commodo luctus tortor. Donec vel risus ligula. Suspendisse diam sem, pulvinar sed velit non, ullamcorper viverra erat.<\\/span>\\r\\n<\\/p>\\r\\n<p>\\r\\n\\t<span style=\\\"font-family: Arial, Helvetica, Verdana, Tahoma, sans-serif;\\\">Phasellus at orci vitae ipsum suscipit dignissim semper sed sapien. Vestibulum ante ipsum primis in faucibus orci luctus et ultrices posuere cubilia Curae; Phasellus augue justo, pellentesque nec mi quis, posuere tempus mi. Suspendisse sit amet scelerisque urna. Sed mollis odio non velit dignissim luctus. Ut tortor velit, tristique et porttitor quis, sagittis non purus. Phasellus at nisi varius, mollis tortor eget, eleifend ipsum. Interdum et malesuada fames ac ante ipsum primis in faucibus. Lorem ipsum dolor sit amet, consectetur adipiscing elit.<\\/span>\\r\\n<\\/p>\",\"8\":\"9000\",\"7\":[{\"col1\":\"piano\"},{\"col1\":\"guitar\"}],\"11\":\"audio\",\"9\":\"Calvin Cui\",\"12\":[\"26\",\"4\"],\"10\":\"\",\"14\":\"1980\"}}', '2013-06-29 20:38:29', '2013-06-29 20:38:29', '39a972ec-64c0-46f8-ae74-8e05d1c9a5d4'),
 ('36', '17', '3', '1', 'en_us', NULL, '{\"authorId\":\"1\",\"title\":\"the spinning song\",\"slug\":\"the-spinning-song\",\"postDate\":1371451680,\"expiryDate\":null,\"enabled\":1,\"tags\":[],\"fields\":{\"43\":\"y\",\"5\":[\"21\",\"16\"],\"4\":[\"19\",\"20\"],\"6\":\"Hsin-Lei Chen\",\"3\":\"<p>\\r\\n\\t<span style=\\\"font-family: Arial, Helvetica, Verdana, Tahoma, sans-serif;\\\">Lorem ipsum dolor sit amet, consectetur adipiscing elit. Nullam id purus mauris. Morbi dapibus augue sapien, eget ultricies diam consequat vitae. Praesent lacus ante, ornare at libero a, volutpat volutpat erat. Etiam non convallis diam. Duis sed magna tincidunt velit dignissim mattis. Proin placerat sagittis purus, sed aliquam nunc rutrum vel. Maecenas sit amet luctus felis. Sed scelerisque vitae magna a malesuada. Nullam id aliquet neque, eget pulvinar sem. Aliquam mattis urna et semper porta. Pellentesque sed lacus ullamcorper, faucibus velit venenatis, vestibulum ipsum. Aliquam ante dui, fermentum quis mi et, laoreet faucibus lacus. Vestibulum sit amet nunc vitae felis ornare malesuada sed vel ante. Proin ante sapien, tristique quis turpis nec, commodo luctus tortor. Donec vel risus ligula. Suspendisse diam sem, pulvinar sed velit non, ullamcorper viverra erat.<\\/span>\\r\\n<\\/p>\\r\\n<p>\\r\\n\\tPhasellus at orci vitae ipsum suscipit dignissim semper sed sapien. Vestibulum ante ipsum primis in faucibus orci luctus et ultrices posuere cubilia Curae; Phasellus augue justo, pellentesque nec mi quis, posuere tempus mi. Suspendisse sit amet scelerisque urna. Sed mollis odio non velit dignissim luctus. Ut tortor velit, tristique et porttitor quis, sagittis non purus. Phasellus at nisi varius, mollis tortor eget, eleifend ipsum. Interdum et malesuada fames ac ante ipsum primis in faucibus. Lorem ipsum dolor sit amet, consectetur adipiscing elit.\\r\\n<\\/p>\",\"8\":\"9000\",\"7\":[{\"col1\":\"piano\"},{\"col1\":\"guitar\"}],\"11\":\"audio\",\"9\":\"Calvin Cui\",\"12\":[\"26\",\"4\"],\"10\":\"\",\"14\":\"1980\"}}', '2013-06-29 20:39:52', '2013-06-29 20:39:52', '383041b9-3fa4-4c38-a5ec-b948d7ccd4bc'),
 ('37', '17', '3', '1', 'en_us', NULL, '{\"authorId\":\"1\",\"title\":\"the spinning song\",\"slug\":\"the-spinning-song\",\"postDate\":1371451680,\"expiryDate\":null,\"enabled\":1,\"tags\":[],\"fields\":{\"43\":\"y\",\"5\":[\"21\",\"16\"],\"4\":[\"19\",\"20\"],\"6\":\"Hsin-Lei Chen\",\"3\":\"<p>\\r\\n\\t<span style=\\\"font-family: Arial, Helvetica, Verdana, Tahoma, sans-serif;\\\">Lorem ipsum dolor sit amet, consectetur adipiscing elit. Nullam id purus mauris. Morbi dapibus augue sapien, eget ultricies diam consequat vitae. Praesent lacus ante, ornare at libero a, volutpat volutpat erat. Etiam non convallis diam. Duis sed magna tincidunt velit dignissim mattis. Proin placerat sagittis purus, sed aliquam nunc rutrum vel. Maecenas sit amet luctus felis. Sed scelerisque vitae magna a malesuada. Nullam id aliquet neque, eget pulvinar sem. Aliquam mattis urna et semper porta. Pellentesque sed lacus ullamcorper, faucibus velit venenatis, vestibulum ipsum. Aliquam ante dui, fermentum quis mi et, laoreet faucibus lacus. Vestibulum sit amet nunc vitae felis ornare malesuada sed vel ante. Proin ante sapien, tristique quis turpis nec, commodo luctus tortor. Donec vel risus ligula. Suspendisse diam sem, pulvinar sed velit non, ullamcorper viverra erat.<\\/span>\\r\\n<\\/p>\\r\\n<p>\\r\\n\\tPhasellus at orci vitae ipsum suscipit dignissim semper sed sapien. Vestibulum ante ipsum primis in faucibus orci luctus et ultrices posuere cubilia Curae; Phasellus augue justo, pellentesque nec mi quis, posuere tempus mi. Suspendisse sit amet scelerisque urna. Sed mollis odio non velit dignissim luctus. Ut tortor velit, tristique et porttitor quis, sagittis non purus. Phasellus at nisi varius, mollis tortor eget, eleifend ipsum. Interdum et malesuada fames ac ante ipsum primis in faucibus. Lorem ipsum dolor sit amet, consectetur adipiscing elit.\\r\\n<\\/p>\",\"8\":\"9000\",\"7\":[{\"col1\":\"piano\"},{\"col1\":\"guitar\"}],\"11\":\"audio\",\"9\":\"Calvin Cui\",\"12\":[\"26\",\"4\"],\"10\":\"\",\"14\":\"1980\"}}', '2013-06-29 20:41:10', '2013-06-29 20:41:10', '1e3cdd78-c2a0-467e-a113-1d77b91c45e3'),
 ('41', '33', '3', '1', 'en_us', NULL, '{\"authorId\":\"1\",\"title\":\"Norcturne Op.37\",\"slug\":\"norcturne-op-37\",\"postDate\":1374027462,\"expiryDate\":null,\"enabled\":1,\"tags\":[],\"fields\":{\"43\":\"n\",\"4\":[\"31\",\"32\"],\"6\":\"\",\"3\":\"<p>\\r\\n\\t<span style=\\\"font-family: Arial, Helvetica, Verdana, Tahoma, sans-serif;\\\">Lorem ipsum dolor sit amet, consectetur adipiscing elit. Morbi posuere ligula justo, in condimentum tortor venenatis a. Vestibulum ante ipsum primis in faucibus orci luctus et ultrices posuere cubilia Curae; Nullam tellus urna, eleifend vel nulla sit amet, ullamcorper ultricies neque. Aliquam cursus elementum leo quis eleifend. Nulla feugiat ultrices consequat. Mauris a ligula gravida, laoreet orci pulvinar, imperdiet dolor. Donec vehicula sagittis sapien. Aenean lorem nisi, auctor vel vehicula semper, imperdiet at erat. Pellentesque suscipit, lorem non fermentum luctus, magna leo facilisis mi, viverra convallis purus elit nec est. Vivamus varius, leo at viverra lobortis, nunc urna malesuada urna, in commodo tortor libero egestas mauris. Vestibulum vel tellus sed erat lobortis sollicitudin vel id tellus. Sed at dolor eu nunc feugiat fringilla. Proin nec lorem consequat, auctor libero eget, euismod libero. Quisque ornare pellentesque felis, sed interdum nisi pulvinar non. Fusce vitae quam eget massa sodales tristique. Etiam euismod odio diam, vitae rutrum arcu lobortis sit amet.<\\/span>\\r\\n<\\/p>\",\"8\":\"9000\",\"7\":[{\"col1\":\"Piano\"}],\"11\":\"audio\",\"9\":\"Yixiong Zhou\",\"12\":[\"26\",\"17\",\"4\"],\"10\":\"\",\"14\":\"2010\"}}', '2013-07-17 02:17:42', '2013-07-17 02:17:42', '2ae3d9c8-2d05-42ba-8e68-acb19c24ed6c'),
 ('45', '33', '3', '1', 'en_us', NULL, '{\"authorId\":\"1\",\"title\":\"Norcturne Op.37\",\"slug\":\"norcturne-op-37\",\"postDate\":1374027420,\"expiryDate\":null,\"enabled\":1,\"tags\":[],\"fields\":{\"43\":\"n\",\"5\":[\"34\"],\"4\":[\"31\",\"32\"],\"6\":\"\",\"3\":\"<p>\\r\\n\\t Lorem ipsum dolor sit amet, consectetur adipiscing elit. Morbi posuere ligula justo, in condimentum tortor venenatis a. Vestibulum ante ipsum primis in faucibus orci luctus et ultrices posuere cubilia Curae; Nullam tellus urna, eleifend vel nulla sit amet, ullamcorper ultricies neque. Aliquam cursus elementum leo quis eleifend. Nulla feugiat ultrices consequat. Mauris a ligula gravida, laoreet orci pulvinar, imperdiet dolor. Donec vehicula sagittis sapien. Aenean lorem nisi, auctor vel vehicula semper, imperdiet at erat. Pellentesque suscipit, lorem non fermentum luctus, magna leo facilisis mi, viverra convallis purus elit nec est. Vivamus varius, leo at viverra lobortis, nunc urna malesuada urna, in commodo tortor libero egestas mauris. Vestibulum vel tellus sed erat lobortis sollicitudin vel id tellus. Sed at dolor eu nunc feugiat fringilla. Proin nec lorem consequat, auctor libero eget, euismod libero. Quisque ornare pellentesque felis, sed interdum nisi pulvinar non. Fusce vitae quam eget massa sodales tristique. Etiam euismod odio diam, vitae rutrum arcu lobortis sit amet.\\r\\n<\\/p>\",\"8\":\"9000\",\"7\":[{\"col1\":\"Piano\"}],\"11\":\"audio\",\"9\":\"Yixiong Zhou\",\"12\":[\"26\",\"17\",\"4\"],\"10\":\"\",\"14\":\"2010\"}}', '2013-07-17 04:31:20', '2013-07-17 04:31:20', 'fd1202fc-8f7b-4cb2-ac3c-35430a2cf59a'),
 ('46', '33', '3', '1', 'en_us', NULL, '{\"authorId\":\"1\",\"title\":\"Norcturne Op.37\",\"slug\":\"norcturne-op-37\",\"postDate\":1374027420,\"expiryDate\":null,\"enabled\":1,\"tags\":[],\"fields\":{\"43\":\"n\",\"5\":[\"34\",\"36\"],\"4\":[\"31\",\"32\"],\"6\":\"\",\"3\":\"<p>\\r\\n\\t  Lorem ipsum dolor sit amet, consectetur adipiscing elit. Morbi posuere ligula justo, in condimentum tortor venenatis a. Vestibulum ante ipsum primis in faucibus orci luctus et ultrices posuere cubilia Curae; Nullam tellus urna, eleifend vel nulla sit amet, ullamcorper ultricies neque. Aliquam cursus elementum leo quis eleifend. Nulla feugiat ultrices consequat. Mauris a ligula gravida, laoreet orci pulvinar, imperdiet dolor. Donec vehicula sagittis sapien. Aenean lorem nisi, auctor vel vehicula semper, imperdiet at erat. Pellentesque suscipit, lorem non fermentum luctus, magna leo facilisis mi, viverra convallis purus elit nec est. Vivamus varius, leo at viverra lobortis, nunc urna malesuada urna, in commodo tortor libero egestas mauris. Vestibulum vel tellus sed erat lobortis sollicitudin vel id tellus. Sed at dolor eu nunc feugiat fringilla. Proin nec lorem consequat, auctor libero eget, euismod libero. Quisque ornare pellentesque felis, sed interdum nisi pulvinar non. Fusce vitae quam eget massa sodales tristique. Etiam euismod odio diam, vitae rutrum arcu lobortis sit amet.\\r\\n<\\/p>\",\"8\":\"9000\",\"7\":[{\"col1\":\"Piano\"}],\"11\":\"audio\",\"9\":\"Yixiong Zhou\",\"12\":[\"26\",\"17\",\"4\"],\"10\":\"\",\"14\":\"2010\"}}', '2013-07-17 04:34:55', '2013-07-17 04:34:55', 'b1fa5c47-ca4c-4f66-9260-624a68d5dcdf'),
 ('47', '33', '3', '1', 'en_us', NULL, '{\"authorId\":\"1\",\"title\":\"Norcturne Op.37\",\"slug\":\"norcturne-op-37\",\"postDate\":1374027420,\"expiryDate\":null,\"enabled\":1,\"tags\":[],\"fields\":{\"43\":\"n\",\"5\":[\"34\",\"36\"],\"4\":[\"31\",\"32\"],\"6\":\"\",\"3\":\"<p>\\r\\n\\t   Lorem ipsum dolor sit amet, consectetur adipiscing elit. Morbi posuere ligula justo, in condimentum tortor venenatis a. Vestibulum ante ipsum primis in faucibus orci luctus et ultrices posuere cubilia Curae; Nullam tellus urna, eleifend vel nulla sit amet, ullamcorper ultricies neque. Aliquam cursus elementum leo quis eleifend. Nulla feugiat ultrices consequat. Mauris a ligula gravida, laoreet orci pulvinar, imperdiet dolor. Donec vehicula sagittis sapien. Aenean lorem nisi, auctor vel vehicula semper, imperdiet at erat. Pellentesque suscipit, lorem non fermentum luctus, magna leo facilisis mi, viverra convallis purus elit nec est. Vivamus varius, leo at viverra lobortis, nunc urna malesuada urna, in commodo tortor libero egestas mauris. Vestibulum vel tellus sed erat lobortis sollicitudin vel id tellus. Sed at dolor eu nunc feugiat fringilla. Proin nec lorem consequat, auctor libero eget, euismod libero. Quisque ornare pellentesque felis, sed interdum nisi pulvinar non. Fusce vitae quam eget massa sodales tristique. Etiam euismod odio diam, vitae rutrum arcu lobortis sit amet.\\r\\n<\\/p>\",\"8\":\"9000\",\"7\":[{\"col1\":\"Piano\"}],\"11\":\"audio\",\"9\":\"Yixiong Zhou\",\"41\":[\"37\"],\"12\":[\"26\",\"17\",\"4\"],\"10\":\"\",\"14\":\"2010\"}}', '2013-07-20 15:09:39', '2013-07-20 15:09:39', 'b08e2de4-4795-4caf-98bf-d7cf26f6dfa8'),
 ('48', '26', '3', '1', 'en_us', NULL, '{\"authorId\":\"1\",\"title\":\"in the darkest night we sing\",\"slug\":\"in-the-darkest-night-we-sing\",\"postDate\":1371700200,\"expiryDate\":null,\"enabled\":1,\"tags\":[],\"fields\":{\"43\":\"n\",\"4\":[\"28\",\"27\"],\"41\":[\"39\"],\"6\":\"\",\"3\":\"<p>\\r\\n\\t  Introduction of <span style=\\\"font-family: Arial, Helvetica, Verdana, Tahoma, sans-serif;\\\">in the darkest night we sing...<\\/span>\\r\\n<\\/p>\",\"8\":\"\",\"7\":[{\"col1\":\"\"}],\"11\":\"audio\",\"9\":\"\",\"12\":[\"17\",\"4\"],\"10\":\"\",\"14\":\"2012\"}}', '2013-07-20 17:30:56', '2013-07-20 17:30:56', 'c7c91354-7d89-4b7f-8f57-e2c31702c995'),
 ('49', '17', '3', '1', 'en_us', NULL, '{\"authorId\":\"1\",\"title\":\"the spinning song\",\"slug\":\"the-spinning-song\",\"postDate\":1371451680,\"expiryDate\":null,\"enabled\":1,\"tags\":[],\"fields\":{\"43\":\"y\",\"5\":[\"21\",\"16\"],\"4\":[\"19\",\"20\"],\"41\":[\"40\"],\"6\":\"Hsin-Lei Chen\",\"3\":\"<p>\\r\\n\\t Lorem ipsum dolor sit amet, consectetur adipiscing elit. Nullam id purus mauris. Morbi dapibus augue sapien, eget ultricies diam consequat vitae. Praesent lacus ante, ornare at libero a, volutpat volutpat erat. Etiam non convallis diam. Duis sed magna tincidunt velit dignissim mattis. Proin placerat sagittis purus, sed aliquam nunc rutrum vel. Maecenas sit amet luctus felis. Sed scelerisque vitae magna a malesuada. Nullam id aliquet neque, eget pulvinar sem. Aliquam mattis urna et semper porta. Pellentesque sed lacus ullamcorper, faucibus velit venenatis, vestibulum ipsum. Aliquam ante dui, fermentum quis mi et, laoreet faucibus lacus. Vestibulum sit amet nunc vitae felis ornare malesuada sed vel ante. Proin ante sapien, tristique quis turpis nec, commodo luctus tortor. Donec vel risus ligula. Suspendisse diam sem, pulvinar sed velit non, ullamcorper viverra erat.\\r\\n<\\/p>\\r\\n<p>\\r\\n\\t Phasellus at orci vitae ipsum suscipit dignissim semper sed sapien. Vestibulum ante ipsum primis in faucibus orci luctus et ultrices posuere cubilia Curae; Phasellus augue justo, pellentesque nec mi quis, posuere tempus mi. Suspendisse sit amet scelerisque urna. Sed mollis odio non velit dignissim luctus. Ut tortor velit, tristique et porttitor quis, sagittis non purus. Phasellus at nisi varius, mollis tortor eget, eleifend ipsum. Interdum et malesuada fames ac ante ipsum primis in faucibus. Lorem ipsum dolor sit amet, consectetur adipiscing elit.\\r\\n<\\/p>\",\"8\":\"9000\",\"7\":[{\"col1\":\"piano\"},{\"col1\":\"guitar\"}],\"11\":\"audio\",\"9\":\"Calvin Cui\",\"12\":[\"26\",\"4\"],\"10\":\"\",\"14\":\"1980\"}}', '2013-07-20 17:31:04', '2013-07-20 17:31:04', '0bde30e7-fab8-4f44-b0ec-05c2da872396'),
 ('50', '4', '3', '1', 'en_us', NULL, '{\"authorId\":\"1\",\"title\":\"the school of artist\",\"slug\":\"the-school-of-artist\",\"postDate\":1371156120,\"expiryDate\":null,\"enabled\":1,\"tags\":[],\"fields\":{\"43\":\"n\",\"5\":[\"13\",\"24\",\"23\"],\"4\":[\"22\",\"25\"],\"41\":[\"38\"],\"6\":\"\",\"3\":\"<p>\\r\\n\\t        This is the song description.\\r\\n<\\/p>\",\"8\":\"\",\"7\":[{\"col1\":\"\"}],\"11\":\"audio\",\"9\":\"\",\"10\":\"\",\"14\":\"1999\"}}', '2013-07-20 17:31:15', '2013-07-20 17:31:15', '747faa54-da32-4ee6-814a-98eeaf217464'),
 ('53', '33', '3', '1', 'en_us', NULL, '{\"authorId\":\"1\",\"title\":\"Norcturne Op.37\",\"slug\":\"norcturne-op-37\",\"postDate\":1374027420,\"expiryDate\":null,\"enabled\":1,\"tags\":[],\"fields\":{\"43\":\"y\",\"5\":[\"34\",\"36\"],\"4\":[\"31\",\"32\"],\"41\":[\"37\"],\"6\":\"\",\"3\":\"<p>\\r\\n\\t    Lorem ipsum dolor sit amet, consectetur adipiscing elit. Morbi posuere ligula justo, in condimentum tortor venenatis a. Vestibulum ante ipsum primis in faucibus orci luctus et ultrices posuere cubilia Curae; Nullam tellus urna, eleifend vel nulla sit amet, ullamcorper ultricies neque. Aliquam cursus elementum leo quis eleifend. Nulla feugiat ultrices consequat. Mauris a ligula gravida, laoreet orci pulvinar, imperdiet dolor. Donec vehicula sagittis sapien. Aenean lorem nisi, auctor vel vehicula semper, imperdiet at erat. Pellentesque suscipit, lorem non fermentum luctus, magna leo facilisis mi, viverra convallis purus elit nec est. Vivamus varius, leo at viverra lobortis, nunc urna malesuada urna, in commodo tortor libero egestas mauris. Vestibulum vel tellus sed erat lobortis sollicitudin vel id tellus. Sed at dolor eu nunc feugiat fringilla. Proin nec lorem consequat, auctor libero eget, euismod libero. Quisque ornare pellentesque felis, sed interdum nisi pulvinar non. Fusce vitae quam eget massa sodales tristique. Etiam euismod odio diam, vitae rutrum arcu lobortis sit amet.\\r\\n<\\/p>\",\"8\":\"9000\",\"7\":[{\"col1\":\"Piano\"}],\"11\":\"audio\",\"9\":\"Yixiong Zhou\",\"12\":[\"26\",\"17\",\"4\"],\"10\":\"\",\"14\":\"2010\"}}', '2013-07-22 05:04:31', '2013-07-22 05:04:31', 'd9ebb24d-04d8-4061-89bc-1a312ed43ed5'),
 ('55', '51', '3', '1', 'en_us', NULL, '{\"authorId\":\"1\",\"title\":\"Suite No.2 in B minor\",\"slug\":\"suite-no-2-in-b-minor\",\"postDate\":1375422300,\"expiryDate\":null,\"enabled\":1,\"fields\":{\"43\":\"y\",\"4\":[\"22\",\"25\"],\"41\":[\"38\"],\"6\":\"Hsin-Lei Chen\",\"3\":\"<p>\\r\\n\\t The four orchestral suites (called ouvertures by their author), BWV 1066\\u20131069 are four suites by Johann Sebastian Bach. The name ouverture refers only in part to the opening movement in the style of the French overture, in which a majestic opening section in relatively slow dotted-note rhythm in duple meter is followed by a fast fugal section in triple meter, then rounded off with a short recapitulation of the opening music. More broadly, the term was used in Baroque Germany for a suite of dance-pieces in French Baroque style preceded by such an ouverture. This genre was extremely popular in Germany during Bach\'s day, and he showed far less interest in it than was usual: Robin Stowell writes that \\\"Telemann\'s 135 surviving examples [represent] only a fraction of those he is known to have written\\\";[1] Christoph Graupner left 85 (listed in his Wikipedia entry); and Johann Friedrich Fasch left almost 100 (listed in his Wikipedia entry). Bach did write several other ouverture (suites) for solo instruments, notably the Cello Suite no. 5, BWV 1011, which also exists in the autograph Lute Suite in G minor, BWV 995, the Keyboard Partita no. 4 in D, BWV 828, and the Overture in the French style, BWV 831 for keyboard. The two keyboard works are among the few Bach published, and he prepared the lute suite for a \\\"Monsieur Schouster,\\\" presumably for a fee, so all three may attest to the form\'s popularity,\\r\\n<\\/p>\\r\\n<p>\\r\\n\\t Scholars believe that Bach did not conceive of the four Orchestral Suites as a set (in the way he conceived of the Brandenburg Concertos), since the sources are various, as detailed below.\\r\\n<\\/p>\",\"8\":\"1000\",\"7\":[{\"col1\":\"Flute\"},{\"col1\":\"Viola\"}],\"11\":\"audio\",\"9\":\"Bach\",\"12\":[\"26\"],\"10\":\"\",\"14\":\"1980\"}}', '2013-08-02 05:45:12', '2013-08-02 05:45:12', '523bb818-7849-463b-884e-75c6fbc35376'),
 ('57', '51', '3', '1', 'en_us', NULL, '{\"authorId\":\"1\",\"title\":\"Suite No.2 in B minor\",\"slug\":\"suite-no-2-in-b-minor\",\"postDate\":1375422300,\"expiryDate\":null,\"enabled\":1,\"fields\":{\"43\":\"y\",\"4\":[\"47\",\"48\"],\"41\":[\"49\"],\"6\":\"Hsin-Lei Chen\",\"3\":\"<p>\\r\\n\\t  The four orchestral suites (called ouvertures by their author), BWV 1066\\u20131069 are four suites by Johann Sebastian Bach. The name ouverture refers only in part to the opening movement in the style of the French overture, in which a majestic opening section in relatively slow dotted-note rhythm in duple meter is followed by a fast fugal section in triple meter, then rounded off with a short recapitulation of the opening music. More broadly, the term was used in Baroque Germany for a suite of dance-pieces in French Baroque style preceded by such an ouverture. This genre was extremely popular in Germany during Bach\'s day, and he showed far less interest in it than was usual: Robin Stowell writes that \\\"Telemann\'s 135 surviving examples [represent] only a fraction of those he is known to have written\\\";[1] Christoph Graupner left 85 (listed in his Wikipedia entry); and Johann Friedrich Fasch left almost 100 (listed in his Wikipedia entry). Bach did write several other ouverture (suites) for solo instruments, notably the Cello Suite no. 5, BWV 1011, which also exists in the autograph Lute Suite in G minor, BWV 995, the Keyboard Partita no. 4 in D, BWV 828, and the Overture in the French style, BWV 831 for keyboard. The two keyboard works are among the few Bach published, and he prepared the lute suite for a \\\"Monsieur Schouster,\\\" presumably for a fee, so all three may attest to the form\'s popularity,\\r\\n<\\/p>\\r\\n<p>\\r\\n\\t  Scholars believe that Bach did not conceive of the four Orchestral Suites as a set (in the way he conceived of the Brandenburg Concertos), since the sources are various, as detailed below.\\r\\n<\\/p>\",\"8\":\"1000\",\"7\":[{\"col1\":\"Flute\"},{\"col1\":\"Viola\"}],\"11\":\"audio\",\"9\":\"Bach\",\"12\":[\"26\"],\"10\":\"\",\"14\":\"1980\"}}', '2013-08-02 05:47:51', '2013-08-02 05:47:51', '441ab074-2e82-4a65-8dc0-73cd84e2e7f8'),
 ('58', '51', '3', '1', 'en_us', NULL, '{\"authorId\":\"1\",\"title\":\"Suite No.2 in B minor\",\"slug\":\"suite-no-2-in-b-minor\",\"postDate\":1375422300,\"expiryDate\":null,\"enabled\":1,\"fields\":{\"43\":\"y\",\"5\":[\"52\"],\"4\":[\"47\",\"48\"],\"41\":[\"49\"],\"6\":\"Hsin-Lei Chen\",\"3\":\"<p>\\r\\n\\t   The four orchestral suites (called ouvertures by their author), BWV 1066\\u20131069 are four suites by Johann Sebastian Bach. The name ouverture refers only in part to the opening movement in the style of the French overture, in which a majestic opening section in relatively slow dotted-note rhythm in duple meter is followed by a fast fugal section in triple meter, then rounded off with a short recapitulation of the opening music. More broadly, the term was used in Baroque Germany for a suite of dance-pieces in French Baroque style preceded by such an ouverture. This genre was extremely popular in Germany during Bach\'s day, and he showed far less interest in it than was usual: Robin Stowell writes that \\\"Telemann\'s 135 surviving examples [represent] only a fraction of those he is known to have written\\\";[1] Christoph Graupner left 85 (listed in his Wikipedia entry); and Johann Friedrich Fasch left almost 100 (listed in his Wikipedia entry). Bach did write several other ouverture (suites) for solo instruments, notably the Cello Suite no. 5, BWV 1011, which also exists in the autograph Lute Suite in G minor, BWV 995, the Keyboard Partita no. 4 in D, BWV 828, and the Overture in the French style, BWV 831 for keyboard. The two keyboard works are among the few Bach published, and he prepared the lute suite for a \\\"Monsieur Schouster,\\\" presumably for a fee, so all three may attest to the form\'s popularity,\\r\\n<\\/p>\\r\\n<p>\\r\\n\\t   Scholars believe that Bach did not conceive of the four Orchestral Suites as a set (in the way he conceived of the Brandenburg Concertos), since the sources are various, as detailed below.\\r\\n<\\/p>\",\"8\":\"1000\",\"7\":[{\"col1\":\"Flute\"},{\"col1\":\"Viola\"}],\"11\":\"audio\",\"9\":\"Bach\",\"12\":[\"26\"],\"10\":\"\",\"14\":\"1980\"}}', '2013-08-02 05:50:55', '2013-08-02 05:50:55', 'd5003245-f68b-416b-b707-2fe6e2fc9782'),
 ('61', '54', '2', '1', 'en_us', NULL, '{\"authorId\":\"1\",\"title\":\"Solo\",\"slug\":\"solo\",\"postDate\":1377528380,\"expiryDate\":null,\"enabled\":1,\"fields\":{\"40\":[\"53\"]}}', '2013-08-26 14:46:20', '2013-08-26 14:46:20', '817d6d96-7ee9-4d3c-8a3e-83a7a49fe4a5'),
 ('62', '55', '2', '1', 'en_us', NULL, '{\"authorId\":\"1\",\"title\":\"Chamber\",\"slug\":\"chamber\",\"postDate\":1377528405,\"expiryDate\":null,\"enabled\":1,\"fields\":{\"40\":[\"53\"]}}', '2013-08-26 14:46:45', '2013-08-26 14:46:45', '622bc9f3-d7ef-4eaf-ad91-e46cdaffa5fc'),
 ('63', '56', '2', '1', 'en_us', NULL, '{\"authorId\":\"1\",\"title\":\"Orchestra\",\"slug\":\"orchestra\",\"postDate\":1377528420,\"expiryDate\":null,\"enabled\":1,\"fields\":{\"40\":[\"53\"]}}', '2013-08-26 14:47:00', '2013-08-26 14:47:00', '9a49b2c0-267a-4272-a5d5-86eb6b381de5'),
 ('64', '57', '2', '1', 'en_us', NULL, '{\"authorId\":\"1\",\"title\":\"Large Ensemble\",\"slug\":\"large-ensemble\",\"postDate\":1377528449,\"expiryDate\":null,\"enabled\":1,\"fields\":{\"40\":[\"53\"]}}', '2013-08-26 14:47:29', '2013-08-26 14:47:29', '2f4d6814-d3e8-46c9-834b-eecfbd791aff'),
 ('65', '58', '2', '1', 'en_us', NULL, '{\"authorId\":\"1\",\"title\":\"Choir\",\"slug\":\"choir\",\"postDate\":1377528470,\"expiryDate\":null,\"enabled\":1,\"fields\":{\"40\":[\"53\"]}}', '2013-08-26 14:47:51', '2013-08-26 14:47:51', '43721eeb-0830-46bf-a8aa-1d92f6064d21'),
 ('66', '59', '2', '1', 'en_us', NULL, '{\"authorId\":\"1\",\"title\":\"Movie\",\"slug\":\"movie\",\"postDate\":1377528481,\"expiryDate\":null,\"enabled\":1,\"fields\":{\"40\":[\"53\"]}}', '2013-08-26 14:48:01', '2013-08-26 14:48:01', '3bc69d8c-d9fd-445e-a446-2532899c1908'),
 ('68', '61', '3', '1', 'en_us', NULL, '{\"authorId\":\"1\",\"title\":\"Tibet\",\"slug\":\"tibet\",\"postDate\":1377528986,\"expiryDate\":null,\"enabled\":1,\"fields\":{\"43\":\"n\",\"6\":\"\",\"3\":\"<p>\\r\\n\\tWith wind, tibetan singing bowls\' sound flows by. Marimba is like the heartbeats of the earth and the dance of spirits on the great plateau.\\r\\n<\\/p>\",\"8\":\"11:35\",\"7\":[{\"col1\":\"cow bells\"},{\"col1\":\"bass drum\"},{\"col1\":\"marimba\"}],\"11\":\"audio\",\"9\":\"\",\"10\":\"\",\"14\":\"2013\"}}', '2013-08-26 14:56:27', '2013-08-26 14:56:27', 'cef38140-3308-45ad-a56a-38e1117c40c8'),
 ('69', '61', '3', '1', 'en_us', NULL, '{\"authorId\":\"1\",\"title\":\"Tibet\",\"slug\":\"tibet\",\"postDate\":1377528960,\"expiryDate\":null,\"enabled\":1,\"fields\":{\"43\":\"n\",\"3\":\"<p>\\r\\n\\t With wind, tibetan singing bowls\' sound flows by. Marimba is like the heartbeats of the earth and the dance of spirits on the great plateau.\\r\\n<\\/p>\",\"8\":\"11:35\",\"7\":[{\"col1\":\"cow bells\"},{\"col1\":\"bass drum\"},{\"col1\":\"marimba\"}],\"11\":\"audio\",\"9\":[{\"col1\":\"Percussion\",\"col2\":\"Wei-chen Lin\"}],\"10\":\"\",\"14\":\"2013\"}}', '2013-08-26 15:01:27', '2013-08-26 15:01:27', '2e711bd0-fbe0-4202-b9ec-e318337266c2'),
 ('70', '61', '3', '1', 'en_us', NULL, '{\"authorId\":\"1\",\"title\":\"Tibet\",\"slug\":\"tibet\",\"postDate\":1377528960,\"expiryDate\":null,\"enabled\":1,\"fields\":{\"43\":\"n\",\"3\":\"<p>\\r\\n\\t  With wind, tibetan singing bowls\' sound flows by. Marimba is like the heartbeats of the earth and the dance of spirits on the great plateau.\\r\\n<\\/p>\",\"8\":\"11:35\",\"7\":[{\"col1\":\"cow bells\"},{\"col1\":\"bass drum\"},{\"col1\":\"marimba\"}],\"11\":\"audio\",\"9\":[{\"col1\":\"Percussion\",\"col2\":\"Wei-chen Lin\"}],\"10\":\"\",\"14\":\"2013\"}}', '2013-08-26 15:02:16', '2013-08-26 15:02:16', '495f6462-d643-4ee7-9fb2-b6ce077a1518'),
 ('71', '61', '3', '1', 'en_us', NULL, '{\"authorId\":\"1\",\"title\":\"Tibet\",\"slug\":\"tibet\",\"postDate\":1377528960,\"expiryDate\":null,\"enabled\":1,\"fields\":{\"43\":\"n\",\"3\":\"<p>\\r\\n\\t   With wind, tibetan singing bowls\' sound flows by. Marimba is like the heartbeats of the earth and the dance of spirits on the great plateau.\\r\\n<\\/p>\",\"8\":\"11:35\",\"7\":[{\"col1\":\"cow bells\"},{\"col1\":\"bass drum\"},{\"col1\":\"marimba\"}],\"11\":\"audio\",\"9\":[{\"col1\":\"Percussion\",\"col2\":\"Wei-chen Lin\"}],\"10\":\"\",\"14\":\"2013\"}}', '2013-08-26 15:07:37', '2013-08-26 15:07:37', '657c783a-adef-42d8-8f9b-05ca68eedcea'),
 ('72', '61', '3', '1', 'en_us', NULL, '{\"authorId\":\"1\",\"title\":\"Tibet\",\"slug\":\"tibet\",\"postDate\":1377528960,\"expiryDate\":null,\"enabled\":1,\"fields\":{\"43\":\"n\",\"4\":[\"63\",\"64\"],\"41\":[\"62\"],\"3\":\"<p>\\r\\n\\t    With wind, tibetan singing bowls\' sound flows by. Marimba is like the heartbeats of the earth and the dance of spirits on the great plateau.\\r\\n<\\/p>\",\"8\":\"11:35\",\"7\":[{\"col1\":\"cow bells\"},{\"col1\":\"bass drum\"},{\"col1\":\"marimba\"}],\"11\":\"audio\",\"9\":[{\"col1\":\"Percussion\",\"col2\":\"Wei-chen Lin\"}],\"10\":\"\",\"14\":\"2013\"}}', '2013-08-26 15:21:12', '2013-08-26 15:21:12', '8899dd56-6167-407b-a150-acfd62189d49'),
 ('73', '54', '2', '1', 'en_us', NULL, '{\"authorId\":\"1\",\"title\":\"Solo\",\"slug\":\"solo\",\"postDate\":1377528360,\"expiryDate\":null,\"enabled\":1,\"fields\":{\"40\":[\"53\"],\"13\":[\"61\"]}}', '2013-08-26 15:21:32', '2013-08-26 15:21:32', '33546b97-ed53-4699-8d20-9ffdb46d08ca'),
 ('74', '65', '3', '1', 'en_us', NULL, '{\"authorId\":\"1\",\"title\":\"Brass Quintet\",\"slug\":\"brass-quintet\",\"postDate\":1377530679,\"expiryDate\":null,\"enabled\":1,\"fields\":{\"43\":\"n\",\"3\":\"\",\"8\":\"3:18\",\"7\":[{\"col1\":\"2 trumpets\"},{\"col1\":\"horn\"},{\"col1\":\"2 trombones\"}],\"11\":\"audio\",\"9\":[{\"col1\":\"\",\"col2\":\"\"}],\"10\":\"\",\"14\":\"\"}}', '2013-08-26 15:24:39', '2013-08-26 15:24:39', '28d59c36-86d5-4a63-9873-cbf5e3ff325e'),
 ('75', '65', '3', '1', 'en_us', NULL, '{\"authorId\":\"1\",\"title\":\"Fugue\",\"slug\":\"brass-quintet\",\"postDate\":1377530640,\"expiryDate\":null,\"enabled\":1,\"fields\":{\"43\":\"n\",\"4\":[\"67\",\"68\"],\"41\":[\"66\"],\"3\":\"\",\"8\":\"3:18\",\"7\":[{\"col1\":\"2 trumpets\"},{\"col1\":\"horn\"},{\"col1\":\"2 trombones\"}],\"11\":\"audio\",\"9\":[{\"col1\":\"\",\"col2\":\"\"}],\"10\":\"\",\"14\":\"\"}}', '2013-08-26 15:28:41', '2013-08-26 15:28:41', '50b0849f-5070-4a35-aad2-c60e122f9ba5'),
 ('76', '55', '2', '1', 'en_us', NULL, '{\"authorId\":\"1\",\"title\":\"Chamber\",\"slug\":\"chamber\",\"postDate\":1377528360,\"expiryDate\":null,\"enabled\":1,\"fields\":{\"40\":[\"53\"],\"13\":[\"65\"]}}', '2013-08-26 15:28:56', '2013-08-26 15:28:56', 'a9f9c5e9-929c-4f72-9775-a866b5ad7e85'),
 ('77', '71', '3', '1', 'en_us', NULL, '{\"authorId\":\"1\",\"title\":\"Clarinet Concerto\",\"slug\":\"clarinet-concerto\",\"postDate\":1377535815,\"expiryDate\":null,\"enabled\":1,\"fields\":{\"43\":\"n\",\"4\":[\"69\",\"70\"],\"3\":\"\",\"8\":\"10:14\",\"7\":[{\"col1\":\"clarinet\"},{\"col1\":\"string orchestra\"},{\"col1\":\"piano\"}],\"11\":\"audio\",\"9\":[{\"col1\":\"clarinet\",\"col2\":\"Yi-jun Chen\"}],\"10\":\"\",\"14\":\"\"}}', '2013-08-26 16:50:15', '2013-08-26 16:50:15', '105489f6-87b9-4611-bd27-315610506bb4'),
 ('78', '71', '3', '1', 'en_us', NULL, '{\"authorId\":\"1\",\"title\":\"Clarinet Concerto\",\"slug\":\"clarinet-concerto\",\"postDate\":1377535800,\"expiryDate\":null,\"enabled\":1,\"fields\":{\"43\":\"n\",\"4\":[\"69\",\"70\"],\"41\":[\"72\"],\"3\":\"\",\"8\":\"10:14\",\"7\":[{\"col1\":\"clarinet\"},{\"col1\":\"string orchestra\"},{\"col1\":\"piano\"}],\"11\":\"audio\",\"9\":[{\"col1\":\"clarinet\",\"col2\":\"Yi-jun Chen\"}],\"10\":\"\",\"14\":\"\"}}', '2013-08-26 16:50:34', '2013-08-26 16:50:34', '277a3c66-2c52-42cf-b6ad-b8b50f356aaa'),
 ('79', '56', '2', '1', 'en_us', NULL, '{\"authorId\":\"1\",\"title\":\"Orchestra\",\"slug\":\"orchestra\",\"postDate\":1377528420,\"expiryDate\":null,\"enabled\":1,\"fields\":{\"40\":[\"53\"],\"13\":[\"71\"]}}', '2013-08-26 16:50:45', '2013-08-26 16:50:45', 'fe05de8f-feb6-4aac-84c1-ed58b2e8330d'),
 ('80', '73', '3', '1', 'en_us', NULL, '{\"authorId\":\"1\",\"title\":\"By the Light of Nature\",\"slug\":\"by-the-light-of-nature\",\"postDate\":1377536086,\"expiryDate\":null,\"enabled\":1,\"fields\":{\"43\":\"n\",\"3\":\"<p>\\r\\n\\tThe perception of achieving the concept of leaving blank for imagination to run without having the standard traditional Chinese music\'s hetrophony is the main topic of this work.\\r\\n<\\/p>\",\"8\":\"6:59\",\"7\":[{\"col1\":\"dizi\"},{\"col1\":\"sheng\"},{\"col1\":\"huqing\"},{\"col1\":\"pipa\"},{\"col1\":\"computer music\"}],\"11\":\"audio\",\"9\":[{\"col1\":\"conductor\",\"col2\":\"Aikhai Peng\"}],\"10\":\"\",\"14\":\"\"}}', '2013-08-26 16:54:46', '2013-08-26 16:54:46', '2fa0b3eb-71cd-4c87-b2fc-8552d00efb01'),
 ('81', '73', '3', '1', 'en_us', NULL, '{\"authorId\":\"1\",\"title\":\"By the Light of Nature\",\"slug\":\"by-the-light-of-nature\",\"postDate\":1377536040,\"expiryDate\":null,\"enabled\":1,\"fields\":{\"43\":\"n\",\"4\":[\"74\",\"75\"],\"41\":[\"76\"],\"3\":\"<p>\\r\\n\\t The perception of achieving the concept of leaving blank for imagination to run without having the standard traditional Chinese music\'s hetrophony is the main topic of this work.\\r\\n<\\/p>\\r\\n<p>\\r\\n\\tPerformance Review\\r\\n<\\/p>\\r\\n<p>\\r\\n\\tThe other premiere (played by all four musicians) was contemporary composer Chen Hsin-Lei\\u2019s By the Light of Nature, a musical realization of the concept of \\u201cnothingness\\u201d or \\u201cblankness,\\u201d described in the notes as \\u201cone of the spiritual cores of Chinese art.\\u201d To give you a partial idea of that concept, imagine something that is hidden from you, like a village that you can\\u2019t see because there\\u2019s a mountain in front of it. This most impressive work included some apparently pre-recorded digital sounds, thus it interrupt performers\' sense of coordination to count together. Performers can grad a hint or find their own clue of tempo from the tape part. Instruments are the color. Linearly, each instrument has limited freedom of it\'s own pulse. Their unique timbre gives diversity of texture. However, there are points they meet up together to create tension and resolve. Each single one of them has its sound world, yet, together, they are one work in harmony, a pleasing state of agreement or orderly combination of elements in a whole.\\r\\n<\\/p>\",\"8\":\"6:59\",\"7\":[{\"col1\":\"dizi\"},{\"col1\":\"sheng\"},{\"col1\":\"huqing\"},{\"col1\":\"pipa\"},{\"col1\":\"computer music\"}],\"11\":\"audio\",\"9\":[{\"col1\":\"conductor\",\"col2\":\"Aikhai Peng\"}],\"10\":\"\",\"14\":\"\"}}', '2013-08-26 16:56:24', '2013-08-26 16:56:24', '2061c75b-6368-473c-b871-7af2e827530f'),
 ('82', '57', '2', '1', 'en_us', NULL, '{\"authorId\":\"1\",\"title\":\"Large Ensemble\",\"slug\":\"large-ensemble\",\"postDate\":1377528420,\"expiryDate\":null,\"enabled\":1,\"fields\":{\"40\":[\"53\"],\"13\":[\"73\"]}}', '2013-08-26 16:56:34', '2013-08-26 16:56:34', 'abb1e4ec-5421-406b-8f86-bbdb57b6667f'),
 ('83', '80', '3', '1', 'en_us', NULL, '{\"authorId\":\"1\",\"title\":\"Calling\",\"slug\":\"calling\",\"postDate\":1377536402,\"expiryDate\":null,\"enabled\":1,\"fields\":{\"43\":\"n\",\"4\":[\"77\",\"78\"],\"41\":[\"79\"],\"3\":\"<p>\\r\\n\\tMovie\'s trailer.\\r\\n<\\/p>\",\"8\":\"3:18\",\"7\":[{\"col1\":\"\"}],\"11\":\"audio\",\"9\":[{\"col1\":\"director\",\"col2\":\"Si He Fan\"}],\"10\":\"\",\"14\":\"\"}}', '2013-08-26 17:00:02', '2013-08-26 17:00:02', 'd2e7fd2d-c8eb-4924-ae61-13b342ad3858'),
 ('84', '59', '2', '1', 'en_us', NULL, '{\"authorId\":\"1\",\"title\":\"Movie\",\"slug\":\"movie\",\"postDate\":1377528480,\"expiryDate\":null,\"enabled\":1,\"fields\":{\"40\":[\"53\"],\"13\":[\"80\"]}}', '2013-08-26 17:00:34', '2013-08-26 17:00:34', '16383200-8515-47f9-a927-578a9dac27b0'),
 ('85', '84', '3', '1', 'en_us', NULL, '{\"authorId\":\"1\",\"title\":\"Bach Buddha\",\"slug\":\"bach-buddha\",\"postDate\":1377536713,\"expiryDate\":null,\"enabled\":1,\"fields\":{\"43\":\"n\",\"4\":[\"81\",\"82\"],\"41\":[\"83\"],\"3\":\"\",\"8\":\"7:27\",\"7\":[{\"col1\":\"mixed choir\"},{\"col1\":\"computer music\"}],\"11\":\"audio\",\"9\":[{\"col1\":\"composer\",\"col2\":\"Hsin-Lei Chen\"},{\"col1\":\"conductor\",\"col2\":\"Yu-Chong Johnny Ku\"},{\"col1\":\"choir\",\"col2\":\"Taipei Philharmonics Chamber Choir\"}],\"10\":\"\",\"14\":\"\"}}', '2013-08-26 17:05:13', '2013-08-26 17:05:13', '91e56107-1016-4610-8c27-2eb9489b9e83'),
 ('86', '58', '2', '1', 'en_us', NULL, '{\"authorId\":\"1\",\"title\":\"Choir\",\"slug\":\"choir\",\"postDate\":1377528420,\"expiryDate\":null,\"enabled\":1,\"fields\":{\"40\":[\"53\"],\"13\":[\"84\"]}}', '2013-08-26 17:05:24', '2013-08-26 17:05:24', 'b12f31b4-343c-4a9d-9c83-1e8a10d01ea1'),
 ('88', '54', '2', '1', 'en_us', NULL, '{\"authorId\":\"1\",\"title\":\"Solo\",\"slug\":\"solo\",\"postDate\":1377475200,\"expiryDate\":null,\"enabled\":1,\"fields\":{\"40\":[\"53\"],\"13\":[\"61\"]}}', '2013-08-26 17:35:06', '2013-08-26 17:35:06', '8abf52b9-8c26-4fab-bed2-95fb67b2564d'),
 ('89', '55', '2', '1', 'en_us', NULL, '{\"authorId\":\"1\",\"title\":\"Chamber\",\"slug\":\"chamber\",\"postDate\":1377518460,\"expiryDate\":null,\"enabled\":1,\"fields\":{\"40\":[\"53\"],\"13\":[\"65\"]}}', '2013-08-26 17:35:20', '2013-08-26 17:35:20', 'a12c832c-1e18-4112-bbd9-c777a7c48d69'),
 ('90', '56', '2', '1', 'en_us', NULL, '{\"authorId\":\"1\",\"title\":\"Orchestra\",\"slug\":\"orchestra\",\"postDate\":1377518520,\"expiryDate\":null,\"enabled\":1,\"fields\":{\"40\":[\"53\"],\"13\":[\"71\"]}}', '2013-08-26 17:35:41', '2013-08-26 17:35:41', 'e95a2a10-4563-4b4b-b5be-133ab71c13b4'),
 ('91', '57', '2', '1', 'en_us', NULL, '{\"authorId\":\"1\",\"title\":\"Large Ensemble\",\"slug\":\"large-ensemble\",\"postDate\":1377518580,\"expiryDate\":null,\"enabled\":1,\"fields\":{\"40\":[\"53\"],\"13\":[\"73\"]}}', '2013-08-26 17:35:54', '2013-08-26 17:35:54', 'edb1d543-e171-4ea4-b70b-d1f2ca0cf0bb'),
 ('92', '58', '2', '1', 'en_us', NULL, '{\"authorId\":\"1\",\"title\":\"Choir\",\"slug\":\"choir\",\"postDate\":1377518640,\"expiryDate\":null,\"enabled\":1,\"fields\":{\"40\":[\"53\"],\"13\":[\"84\"]}}', '2013-08-26 17:36:06', '2013-08-26 17:36:06', '63966553-6369-429a-8c4c-e23b70406a34'),
 ('93', '59', '2', '1', 'en_us', NULL, '{\"authorId\":\"1\",\"title\":\"Movie\",\"slug\":\"movie\",\"postDate\":1377518700,\"expiryDate\":null,\"enabled\":1,\"fields\":{\"40\":[\"53\"],\"13\":[\"80\"]}}', '2013-08-26 17:36:17', '2013-08-26 17:36:17', 'efc53478-9744-46f0-9665-2accb8cdb175'),
 ('94', '84', '3', '1', 'en_us', NULL, '{\"authorId\":\"1\",\"title\":\"Bach Buddha\",\"slug\":\"bach-buddha\",\"postDate\":1377536700,\"expiryDate\":null,\"enabled\":1,\"fields\":{\"43\":\"n\",\"4\":[\"81\",\"82\"],\"41\":[\"83\"],\"3\":\"\",\"8\":\"7:27\",\"7\":[{\"col1\":\"mixed choir\"},{\"col1\":\"computer music\"}],\"11\":\"audio\",\"9\":[{\"col1\":\"composer\",\"col2\":\"Hsin-Lei Chen\"},{\"col1\":\"conductor\",\"col2\":\"Yu-Chong Johnny Ku\"},{\"col1\":\"choir\",\"col2\":\"Taipei Philharmonics Chamber Choir\"}],\"10\":\"\",\"14\":\"2012\"}}', '2013-08-26 17:43:16', '2013-08-26 17:43:16', '2549e69d-545b-4821-bd52-0374d5bcf645'),
 ('95', '80', '3', '1', 'en_us', NULL, '{\"authorId\":\"1\",\"title\":\"Calling\",\"slug\":\"calling\",\"postDate\":1377536400,\"expiryDate\":null,\"enabled\":1,\"fields\":{\"43\":\"n\",\"4\":[\"77\",\"78\"],\"41\":[\"79\"],\"3\":\"<p>\\r\\n\\t Movie\'s trailer.\\r\\n<\\/p>\",\"8\":\"3:18\",\"7\":[{\"col1\":\"\"}],\"11\":\"audio\",\"9\":[{\"col1\":\"director\",\"col2\":\"Si He Fan\"}],\"10\":\"\",\"14\":\"2011\"}}', '2013-08-26 17:43:24', '2013-08-26 17:43:24', '090b6f8d-ee2a-4e5d-ab1c-73bf10c55513'),
 ('96', '73', '3', '1', 'en_us', NULL, '{\"authorId\":\"1\",\"title\":\"By the Light of Nature\",\"slug\":\"by-the-light-of-nature\",\"postDate\":1377536040,\"expiryDate\":null,\"enabled\":1,\"fields\":{\"43\":\"n\",\"4\":[\"74\",\"75\"],\"41\":[\"76\"],\"3\":\"<p>\\r\\n\\t  The perception of achieving the concept of leaving blank for imagination to run without having the standard traditional Chinese music\'s hetrophony is the main topic of this work.\\r\\n<\\/p>\\r\\n<p>\\r\\n\\t Performance Review\\r\\n<\\/p>\\r\\n<p>\\r\\n\\t The other premiere (played by all four musicians) was contemporary composer Chen Hsin-Lei\\u2019s By the Light of Nature, a musical realization of the concept of \\u201cnothingness\\u201d or \\u201cblankness,\\u201d described in the notes as \\u201cone of the spiritual cores of Chinese art.\\u201d To give you a partial idea of that concept, imagine something that is hidden from you, like a village that you can\\u2019t see because there\\u2019s a mountain in front of it. This most impressive work included some apparently pre-recorded digital sounds, thus it interrupt performers\' sense of coordination to count together. Performers can grad a hint or find their own clue of tempo from the tape part. Instruments are the color. Linearly, each instrument has limited freedom of it\'s own pulse. Their unique timbre gives diversity of texture. However, there are points they meet up together to create tension and resolve. Each single one of them has its sound world, yet, together, they are one work in harmony, a pleasing state of agreement or orderly combination of elements in a whole.\\r\\n<\\/p>\",\"8\":\"6:59\",\"7\":[{\"col1\":\"dizi\"},{\"col1\":\"sheng\"},{\"col1\":\"huqing\"},{\"col1\":\"pipa\"},{\"col1\":\"computer music\"}],\"11\":\"audio\",\"9\":[{\"col1\":\"conductor\",\"col2\":\"Aikhai Peng\"}],\"10\":\"\",\"14\":\"2012\"}}', '2013-08-26 17:43:32', '2013-08-26 17:43:32', 'e9d941ea-919a-4a93-ae49-586d73bf0c59'),
 ('97', '71', '3', '1', 'en_us', NULL, '{\"authorId\":\"1\",\"title\":\"Clarinet Concerto\",\"slug\":\"clarinet-concerto\",\"postDate\":1377535800,\"expiryDate\":null,\"enabled\":1,\"fields\":{\"43\":\"n\",\"4\":[\"69\",\"70\"],\"41\":[\"72\"],\"3\":\"\",\"8\":\"10:14\",\"7\":[{\"col1\":\"clarinet\"},{\"col1\":\"string orchestra\"},{\"col1\":\"piano\"}],\"11\":\"audio\",\"9\":[{\"col1\":\"clarinet\",\"col2\":\"Yi-jun Chen\"}],\"10\":\"\",\"14\":\"2008\"}}', '2013-08-26 17:43:41', '2013-08-26 17:43:41', '6366be48-fea5-45df-ad7a-da0a55ecaac3'),
 ('98', '65', '3', '1', 'en_us', NULL, '{\"authorId\":\"1\",\"title\":\"Fugue\",\"slug\":\"brass-quintet\",\"postDate\":1377530640,\"expiryDate\":null,\"enabled\":1,\"fields\":{\"43\":\"n\",\"4\":[\"67\",\"68\"],\"41\":[\"66\"],\"3\":\"\",\"8\":\"3:18\",\"7\":[{\"col1\":\"2 trumpets\"},{\"col1\":\"horn\"},{\"col1\":\"2 trombones\"}],\"11\":\"audio\",\"9\":[{\"col1\":\"\",\"col2\":\"\"}],\"10\":\"\",\"14\":\"2001\"}}', '2013-08-26 17:43:50', '2013-08-26 17:43:50', '99589d6c-06e2-4970-a41f-77687d9cd7ba'),
 ('99', '88', '3', '1', 'en_us', NULL, '{\"authorId\":\"1\",\"title\":\"Soliloquy\",\"slug\":\"soliloquy\",\"postDate\":1377543590,\"expiryDate\":null,\"enabled\":1,\"fields\":{\"43\":\"n\",\"4\":[\"85\",\"86\"],\"41\":[\"87\"],\"3\":\"\",\"8\":\"2:42\",\"7\":[{\"col1\":\"piano\"}],\"11\":\"audio\",\"9\":[{\"col1\":\"composer\",\"col2\":\"Hsin-Lei Chen\"},{\"col1\":\"piano\",\"col2\":\"Ye-ren Lo\"}],\"10\":\"\",\"14\":\"2012\"}}', '2013-08-26 18:59:50', '2013-08-26 18:59:50', 'ebcc2522-05fe-4f4f-9054-0de1d4c41bb8'),
 ('100', '54', '2', '1', 'en_us', NULL, '{\"authorId\":\"1\",\"title\":\"Solo\",\"slug\":\"solo\",\"postDate\":1377475200,\"expiryDate\":null,\"enabled\":1,\"fields\":{\"40\":[\"53\"],\"13\":[\"61\",\"88\"]}}', '2013-08-26 19:00:05', '2013-08-26 19:00:05', 'e07c400e-a2f3-4e02-9d78-0cb77a1f81f6'),
 ('101', '89', '3', '1', 'en_us', NULL, '{\"authorId\":\"1\",\"title\":\"Five Pieces for Piano I\",\"slug\":\"five-pieces-for-piano-i\",\"postDate\":1377543855,\"expiryDate\":null,\"enabled\":1,\"fields\":{\"43\":\"n\",\"3\":\"<p>\\r\\n\\tEvery piece has unique atmosphere.\\r\\n<\\/p>\\r\\n<p>\\r\\n\\tI\\r\\n<\\/p>\\r\\n<p>\\r\\n\\tSounds of steps spreading in hospital\'s air, with the medical machines\' beeping, something is hidden.\\r\\n<\\/p>\\r\\n<p>\\r\\n\\tII\\r\\n<\\/p>\\r\\n<p>\\r\\n\\tCarousel music box plays some neurotic song.\\r\\n<\\/p>\\r\\n<p>\\r\\n\\tIII\\r\\n<\\/p>\\r\\n<p>\\r\\n\\tLow moan releases the concealed pain and anger of a lost soul.\\r\\n<\\/p>\\r\\n<p>\\r\\n\\tIV\\r\\n<\\/p>\\r\\n<p>\\r\\n\\tThe transparent and magical blue bird is unpredictable and uncatchable.\\r\\n<\\/p>\\r\\n<p>\\r\\n\\tV\\r\\n<\\/p>\\r\\n<p>\\r\\n\\tRepeat the mechanized motion once again and again.\\r\\n<\\/p>\",\"8\":\"2:10\",\"7\":[{\"col1\":\"piano\"}],\"11\":\"audio\",\"9\":[{\"col1\":\"composer\",\"col2\":\"Hsin-Lei Chen\"}],\"10\":\"\",\"14\":\"2002\"}}', '2013-08-26 19:04:16', '2013-08-26 19:04:16', 'd133ccb9-7f0a-4192-abbd-8c97ff93fd90'),
 ('102', '90', '3', '1', 'en_us', NULL, '{\"authorId\":\"1\",\"title\":\"Five Pieces for Piano II\",\"slug\":\"five-pieces-for-piano-ii\",\"postDate\":1377543888,\"expiryDate\":null,\"enabled\":1,\"fields\":{\"43\":\"n\",\"3\":\"<p>\\r\\n\\tEvery piece has unique atmosphere.\\r\\n<\\/p>\\r\\n<p>\\r\\n\\tI\\r\\n<\\/p>\\r\\n<p>\\r\\n\\tSounds of steps spreading in hospital\'s air, with the medical machines\' beeping, something is hidden.\\r\\n<\\/p>\\r\\n<p>\\r\\n\\tII\\r\\n<\\/p>\\r\\n<p>\\r\\n\\tCarousel music box plays some neurotic song.\\r\\n<\\/p>\\r\\n<p>\\r\\n\\tIII\\r\\n<\\/p>\\r\\n<p>\\r\\n\\tLow moan releases the concealed pain and anger of a lost soul.\\r\\n<\\/p>\\r\\n<p>\\r\\n\\tIV\\r\\n<\\/p>\\r\\n<p>\\r\\n\\tThe transparent and magical blue bird is unpredictable and uncatchable.\\r\\n<\\/p>\\r\\n<p>\\r\\n\\tV\\r\\n<\\/p>\\r\\n<p>\\r\\n\\tRepeat the mechanized motion once again and again.\\r\\n<\\/p>\",\"8\":\"0:57\",\"7\":[{\"col1\":\"piano\"}],\"11\":\"audio\",\"9\":[{\"col1\":\"composer\",\"col2\":\"Hsin-Lei Chen\"}],\"10\":\"\",\"14\":\"2002\"}}', '2013-08-26 19:04:48', '2013-08-26 19:04:48', 'a799922c-738b-459d-b70f-ef96110b3386'),
 ('103', '91', '3', '1', 'en_us', NULL, '{\"authorId\":\"1\",\"title\":\"Five Pieces for Piano III\",\"slug\":\"five-pieces-for-piano-iii\",\"postDate\":1377543923,\"expiryDate\":null,\"enabled\":1,\"fields\":{\"43\":\"n\",\"3\":\"<p>\\r\\n\\tEvery piece has unique atmosphere.\\r\\n<\\/p>\\r\\n<p>\\r\\n\\tI\\r\\n<\\/p>\\r\\n<p>\\r\\n\\tSounds of steps spreading in hospital\'s air, with the medical machines\' beeping, something is hidden.\\r\\n<\\/p>\\r\\n<p>\\r\\n\\tII\\r\\n<\\/p>\\r\\n<p>\\r\\n\\tCarousel music box plays some neurotic song.\\r\\n<\\/p>\\r\\n<p>\\r\\n\\tIII\\r\\n<\\/p>\\r\\n<p>\\r\\n\\tLow moan releases the concealed pain and anger of a lost soul.\\r\\n<\\/p>\\r\\n<p>\\r\\n\\tIV\\r\\n<\\/p>\\r\\n<p>\\r\\n\\tThe transparent and magical blue bird is unpredictable and uncatchable.\\r\\n<\\/p>\\r\\n<p>\\r\\n\\tV\\r\\n<\\/p>\\r\\n<p>\\r\\n\\tRepeat the mechanized motion once again and again.\\r\\n<\\/p>\",\"8\":\"1:03\",\"7\":[{\"col1\":\"piano\"}],\"11\":\"audio\",\"9\":[{\"col1\":\"composer\",\"col2\":\"Hsin-Lei Chen\"}],\"10\":\"\",\"14\":\"2002\"}}', '2013-08-26 19:05:24', '2013-08-26 19:05:24', '312615a7-e5d1-4a74-8dd4-656acdbb48f7'),
 ('104', '92', '3', '1', 'en_us', NULL, '{\"authorId\":\"1\",\"title\":\"Five Pieces for Piano IV\",\"slug\":\"five-pieces-for-piano-iv\",\"postDate\":1377544061,\"expiryDate\":null,\"enabled\":1,\"fields\":{\"43\":\"n\",\"3\":\"<p>\\r\\n\\tEvery piece has unique atmosphere.\\r\\n<\\/p>\\r\\n<p>\\r\\n\\tI\\r\\n<\\/p>\\r\\n<p>\\r\\n\\tSounds of steps spreading in hospital\'s air, with the medical machines\' beeping, something is hidden.\\r\\n<\\/p>\\r\\n<p>\\r\\n\\tII\\r\\n<\\/p>\\r\\n<p>\\r\\n\\tCarousel music box plays some neurotic song.\\r\\n<\\/p>\\r\\n<p>\\r\\n\\tIII\\r\\n<\\/p>\\r\\n<p>\\r\\n\\tLow moan releases the concealed pain and anger of a lost soul.\\r\\n<\\/p>\\r\\n<p>\\r\\n\\tIV\\r\\n<\\/p>\\r\\n<p>\\r\\n\\tThe transparent and magical blue bird is unpredictable and uncatchable.\\r\\n<\\/p>\\r\\n<p>\\r\\n\\tV\\r\\n<\\/p>\\r\\n<p>\\r\\n\\tRepeat the mechanized motion once again and again.\\r\\n<\\/p>\",\"8\":\"1:03\",\"7\":[{\"col1\":\"piano\"}],\"11\":\"audio\",\"9\":[{\"col1\":\"composer\",\"col2\":\"Hsin-Lei Chen\"}],\"10\":\"\",\"14\":\"2002\"}}', '2013-08-26 19:07:41', '2013-08-26 19:07:41', 'c5f846f5-8192-4f04-aeea-8312e516e323'),
 ('105', '93', '3', '1', 'en_us', NULL, '{\"authorId\":\"1\",\"title\":\"Five Pieces for Piano V\",\"slug\":\"five-pieces-for-piano-v\",\"postDate\":1377544088,\"expiryDate\":null,\"enabled\":1,\"fields\":{\"43\":\"n\",\"3\":\"<p>\\r\\n\\tEvery piece has unique atmosphere.\\r\\n<\\/p>\\r\\n<p>\\r\\n\\tI\\r\\n<\\/p>\\r\\n<p>\\r\\n\\tSounds of steps spreading in hospital\'s air, with the medical machines\' beeping, something is hidden.\\r\\n<\\/p>\\r\\n<p>\\r\\n\\tII\\r\\n<\\/p>\\r\\n<p>\\r\\n\\tCarousel music box plays some neurotic song.\\r\\n<\\/p>\\r\\n<p>\\r\\n\\tIII\\r\\n<\\/p>\\r\\n<p>\\r\\n\\tLow moan releases the concealed pain and anger of a lost soul.\\r\\n<\\/p>\\r\\n<p>\\r\\n\\tIV\\r\\n<\\/p>\\r\\n<p>\\r\\n\\tThe transparent and magical blue bird is unpredictable and uncatchable.\\r\\n<\\/p>\\r\\n<p>\\r\\n\\tV\\r\\n<\\/p>\\r\\n<p>\\r\\n\\tRepeat the mechanized motion once again and again.\\r\\n<\\/p>\",\"8\":\"0:38\",\"7\":[{\"col1\":\"piano\"}],\"11\":\"audio\",\"9\":[{\"col1\":\"composer\",\"col2\":\"Hsin-Lei Chen\"}],\"10\":\"\",\"14\":\"2002\"}}', '2013-08-26 19:08:08', '2013-08-26 19:08:08', '38882416-58d6-4c87-8247-755632a860d5'),
 ('106', '89', '3', '1', 'en_us', NULL, '{\"authorId\":\"1\",\"title\":\"Five Pieces for Piano I\",\"slug\":\"five-pieces-for-piano-i\",\"postDate\":1377543840,\"expiryDate\":null,\"enabled\":1,\"fields\":{\"43\":\"n\",\"4\":[\"95\",\"96\"],\"41\":[\"108\"],\"3\":\"<p>\\r\\n\\t Every piece has unique atmosphere.\\r\\n<\\/p>\\r\\n<p>\\r\\n\\t I\\r\\n<\\/p>\\r\\n<p>\\r\\n\\t Sounds of steps spreading in hospital\'s air, with the medical machines\' beeping, something is hidden.\\r\\n<\\/p>\\r\\n<p>\\r\\n\\t II\\r\\n<\\/p>\\r\\n<p>\\r\\n\\t Carousel music box plays some neurotic song.\\r\\n<\\/p>\\r\\n<p>\\r\\n\\t III\\r\\n<\\/p>\\r\\n<p>\\r\\n\\t Low moan releases the concealed pain and anger of a lost soul.\\r\\n<\\/p>\\r\\n<p>\\r\\n\\t IV\\r\\n<\\/p>\\r\\n<p>\\r\\n\\t The transparent and magical blue bird is unpredictable and uncatchable.\\r\\n<\\/p>\\r\\n<p>\\r\\n\\t V\\r\\n<\\/p>\\r\\n<p>\\r\\n\\t Repeat the mechanized motion once again and again.\\r\\n<\\/p>\",\"8\":\"2:10\",\"7\":[{\"col1\":\"piano\"}],\"11\":\"audio\",\"9\":[{\"col1\":\"composer\",\"col2\":\"Hsin-Lei Chen\"},{\"col1\":\"piano\",\"col2\":\"Ye-ren Lo\"}],\"10\":\"\",\"14\":\"2002\"}}', '2013-08-26 19:19:41', '2013-08-26 19:19:41', '76fe2240-6aba-4492-849b-735eae4ede1c'),
 ('107', '90', '3', '1', 'en_us', NULL, '{\"authorId\":\"1\",\"title\":\"Five Pieces for Piano II\",\"slug\":\"five-pieces-for-piano-ii\",\"postDate\":1377543840,\"expiryDate\":null,\"enabled\":1,\"fields\":{\"43\":\"n\",\"4\":[\"97\",\"98\"],\"41\":[\"109\"],\"3\":\"<p>\\r\\n\\t Every piece has unique atmosphere.\\r\\n<\\/p>\\r\\n<p>\\r\\n\\t I\\r\\n<\\/p>\\r\\n<p>\\r\\n\\t Sounds of steps spreading in hospital\'s air, with the medical machines\' beeping, something is hidden.\\r\\n<\\/p>\\r\\n<p>\\r\\n\\t II\\r\\n<\\/p>\\r\\n<p>\\r\\n\\t Carousel music box plays some neurotic song.\\r\\n<\\/p>\\r\\n<p>\\r\\n\\t III\\r\\n<\\/p>\\r\\n<p>\\r\\n\\t Low moan releases the concealed pain and anger of a lost soul.\\r\\n<\\/p>\\r\\n<p>\\r\\n\\t IV\\r\\n<\\/p>\\r\\n<p>\\r\\n\\t The transparent and magical blue bird is unpredictable and uncatchable.\\r\\n<\\/p>\\r\\n<p>\\r\\n\\t V\\r\\n<\\/p>\\r\\n<p>\\r\\n\\t Repeat the mechanized motion once again and again.\\r\\n<\\/p>\",\"8\":\"0:57\",\"7\":[{\"col1\":\"piano\"}],\"11\":\"audio\",\"9\":[{\"col1\":\"composer\",\"col2\":\"Hsin-Lei Chen\"},{\"col1\":\"piano\",\"col2\":\"Ye-ren Lo\"}],\"12\":[\"89\",\"91\",\"92\",\"93\"],\"10\":\"\",\"14\":\"2002\"}}', '2013-08-26 19:20:38', '2013-08-26 19:20:38', '1b680977-18d1-4cb4-8a4d-816137d5ce44'),
 ('108', '89', '3', '1', 'en_us', NULL, '{\"authorId\":\"1\",\"title\":\"Five Pieces for Piano I\",\"slug\":\"five-pieces-for-piano-i\",\"postDate\":1377543840,\"expiryDate\":null,\"enabled\":1,\"fields\":{\"43\":\"n\",\"4\":[\"95\",\"96\"],\"41\":[\"108\"],\"3\":\"<p>\\r\\n\\t  Every piece has unique atmosphere.\\r\\n<\\/p>\\r\\n<p>\\r\\n\\t  I\\r\\n<\\/p>\\r\\n<p>\\r\\n\\t  Sounds of steps spreading in hospital\'s air, with the medical machines\' beeping, something is hidden.\\r\\n<\\/p>\\r\\n<p>\\r\\n\\t  II\\r\\n<\\/p>\\r\\n<p>\\r\\n\\t  Carousel music box plays some neurotic song.\\r\\n<\\/p>\\r\\n<p>\\r\\n\\t  III\\r\\n<\\/p>\\r\\n<p>\\r\\n\\t  Low moan releases the concealed pain and anger of a lost soul.\\r\\n<\\/p>\\r\\n<p>\\r\\n\\t  IV\\r\\n<\\/p>\\r\\n<p>\\r\\n\\t  The transparent and magical blue bird is unpredictable and uncatchable.\\r\\n<\\/p>\\r\\n<p>\\r\\n\\t  V\\r\\n<\\/p>\\r\\n<p>\\r\\n\\t  Repeat the mechanized motion once again and again.\\r\\n<\\/p>\",\"8\":\"2:10\",\"7\":[{\"col1\":\"piano\"}],\"11\":\"audio\",\"9\":[{\"col1\":\"composer\",\"col2\":\"Hsin-Lei Chen\"},{\"col1\":\"piano\",\"col2\":\"Ye-ren Lo\"}],\"12\":[\"90\",\"91\",\"92\",\"93\"],\"10\":\"\",\"14\":\"2002\"}}', '2013-08-26 19:20:55', '2013-08-26 19:20:55', '97300733-524c-4d3a-900e-5cc0a7b7ef91'),
 ('109', '91', '3', '1', 'en_us', NULL, '{\"authorId\":\"1\",\"title\":\"Five Pieces for Piano III\",\"slug\":\"five-pieces-for-piano-iii\",\"postDate\":1377543900,\"expiryDate\":null,\"enabled\":1,\"fields\":{\"43\":\"n\",\"4\":[\"100\",\"101\"],\"41\":[\"110\"],\"3\":\"<p>\\r\\n\\t Every piece has unique atmosphere.\\r\\n<\\/p>\\r\\n<p>\\r\\n\\t I\\r\\n<\\/p>\\r\\n<p>\\r\\n\\t Sounds of steps spreading in hospital\'s air, with the medical machines\' beeping, something is hidden.\\r\\n<\\/p>\\r\\n<p>\\r\\n\\t II\\r\\n<\\/p>\\r\\n<p>\\r\\n\\t Carousel music box plays some neurotic song.\\r\\n<\\/p>\\r\\n<p>\\r\\n\\t III\\r\\n<\\/p>\\r\\n<p>\\r\\n\\t Low moan releases the concealed pain and anger of a lost soul.\\r\\n<\\/p>\\r\\n<p>\\r\\n\\t IV\\r\\n<\\/p>\\r\\n<p>\\r\\n\\t The transparent and magical blue bird is unpredictable and uncatchable.\\r\\n<\\/p>\\r\\n<p>\\r\\n\\t V\\r\\n<\\/p>\\r\\n<p>\\r\\n\\t Repeat the mechanized motion once again and again.\\r\\n<\\/p>\",\"8\":\"1:03\",\"7\":[{\"col1\":\"piano\"}],\"11\":\"audio\",\"9\":[{\"col1\":\"composer\",\"col2\":\"Hsin-Lei Chen\"},{\"col1\":\"piano\",\"col2\":\"Ye-ren Lo\"}],\"12\":[\"89\",\"90\",\"92\",\"93\"],\"10\":\"\",\"14\":\"2002\"}}', '2013-08-26 19:36:50', '2013-08-26 19:36:50', '4fee5b1a-a0fb-4112-a070-26a9c245e95b'),
 ('110', '92', '3', '1', 'en_us', NULL, '{\"authorId\":\"1\",\"title\":\"Five Pieces for Piano IV\",\"slug\":\"five-pieces-for-piano-iv\",\"postDate\":1377544020,\"expiryDate\":null,\"enabled\":1,\"fields\":{\"43\":\"n\",\"4\":[\"103\",\"104\"],\"41\":[\"111\"],\"3\":\"<p>\\r\\n\\t Every piece has unique atmosphere.\\r\\n<\\/p>\\r\\n<p>\\r\\n\\t I\\r\\n<\\/p>\\r\\n<p>\\r\\n\\t Sounds of steps spreading in hospital\'s air, with the medical machines\' beeping, something is hidden.\\r\\n<\\/p>\\r\\n<p>\\r\\n\\t II\\r\\n<\\/p>\\r\\n<p>\\r\\n\\t Carousel music box plays some neurotic song.\\r\\n<\\/p>\\r\\n<p>\\r\\n\\t III\\r\\n<\\/p>\\r\\n<p>\\r\\n\\t Low moan releases the concealed pain and anger of a lost soul.\\r\\n<\\/p>\\r\\n<p>\\r\\n\\t IV\\r\\n<\\/p>\\r\\n<p>\\r\\n\\t The transparent and magical blue bird is unpredictable and uncatchable.\\r\\n<\\/p>\\r\\n<p>\\r\\n\\t V\\r\\n<\\/p>\\r\\n<p>\\r\\n\\t Repeat the mechanized motion once again and again.\\r\\n<\\/p>\",\"8\":\"1:03\",\"7\":[{\"col1\":\"piano\"}],\"11\":\"audio\",\"9\":[{\"col1\":\"composer\",\"col2\":\"Hsin-Lei Chen\"},{\"col1\":\"piano\",\"col2\":\"Ye-ren Lo\"}],\"12\":[\"89\",\"90\",\"91\",\"93\"],\"10\":\"\",\"14\":\"2002\"}}', '2013-08-26 19:37:30', '2013-08-26 19:37:30', '32087db6-7d2d-40e6-b4dc-ad7cef88eb32'),
 ('111', '93', '3', '1', 'en_us', NULL, '{\"authorId\":\"1\",\"title\":\"Five Pieces for Piano V\",\"slug\":\"five-pieces-for-piano-v\",\"postDate\":1377544080,\"expiryDate\":null,\"enabled\":1,\"fields\":{\"43\":\"n\",\"4\":[\"106\",\"107\"],\"41\":[\"112\"],\"3\":\"<p>\\r\\n\\t Every piece has unique atmosphere.\\r\\n<\\/p>\\r\\n<p>\\r\\n\\t I\\r\\n<\\/p>\\r\\n<p>\\r\\n\\t Sounds of steps spreading in hospital\'s air, with the medical machines\' beeping, something is hidden.\\r\\n<\\/p>\\r\\n<p>\\r\\n\\t II\\r\\n<\\/p>\\r\\n<p>\\r\\n\\t Carousel music box plays some neurotic song.\\r\\n<\\/p>\\r\\n<p>\\r\\n\\t III\\r\\n<\\/p>\\r\\n<p>\\r\\n\\t Low moan releases the concealed pain and anger of a lost soul.\\r\\n<\\/p>\\r\\n<p>\\r\\n\\t IV\\r\\n<\\/p>\\r\\n<p>\\r\\n\\t The transparent and magical blue bird is unpredictable and uncatchable.\\r\\n<\\/p>\\r\\n<p>\\r\\n\\t V\\r\\n<\\/p>\\r\\n<p>\\r\\n\\t Repeat the mechanized motion once again and again.\\r\\n<\\/p>\",\"8\":\"0:38\",\"7\":[{\"col1\":\"piano\"}],\"11\":\"audio\",\"9\":[{\"col1\":\"composer\",\"col2\":\"Hsin-Lei Chen\"},{\"col1\":\"piano\",\"col2\":\"Ye-ren Lo\"}],\"12\":[\"89\",\"90\",\"91\",\"92\"],\"10\":\"\",\"14\":\"2002\"}}', '2013-08-26 19:38:20', '2013-08-26 19:38:20', 'fc74de10-d60e-4d85-9114-fbb481ab8767'),
 ('112', '54', '2', '1', 'en_us', NULL, '{\"authorId\":\"1\",\"title\":\"Solo\",\"slug\":\"solo\",\"postDate\":1377475200,\"expiryDate\":null,\"enabled\":1,\"fields\":{\"40\":[\"53\"],\"13\":[\"61\",\"88\",\"89\",\"90\",\"91\",\"92\",\"93\"]}}', '2013-08-26 19:39:12', '2013-08-26 19:39:12', '48ac350d-2408-46a8-97ca-faab1f14ec9d'),
 ('113', '116', '3', '1', 'en_us', NULL, '{\"authorId\":\"1\",\"title\":\"Willow Catkins\",\"slug\":\"willow-catkins\",\"postDate\":1377546346,\"expiryDate\":null,\"enabled\":1,\"fields\":{\"43\":\"n\",\"4\":[\"114\",\"113\"],\"41\":[\"115\"],\"3\":\"<p>\\r\\n\\tWillow catkins fly in the wind like snow dancing under sunshine. Everything is like a dream. Everything freezes at that moment. Time does not move. Forever, perhaps exists in somewhere we see and do not see.\\r\\n<\\/p>\",\"8\":\"7:17\",\"7\":[{\"col1\":\"violin\"},{\"col1\":\"computer music\"}],\"11\":\"audio\",\"9\":[{\"col1\":\"composer\",\"col2\":\"Hsin-Lei Chen\"},{\"col1\":\"violin\",\"col2\":\"Hsiang-chun Chien\"}],\"10\":\"\",\"14\":\"1999\"}}', '2013-08-26 19:45:46', '2013-08-26 19:45:46', 'b0ace534-a8af-4a9b-bbed-c3da570d13f5'),
 ('114', '54', '2', '1', 'en_us', NULL, '{\"authorId\":\"1\",\"title\":\"Solo\",\"slug\":\"solo\",\"postDate\":1377475200,\"expiryDate\":null,\"enabled\":1,\"fields\":{\"40\":[\"53\"],\"13\":[\"61\",\"88\",\"89\",\"90\",\"91\",\"92\",\"93\",\"116\"]}}', '2013-08-26 19:45:57', '2013-08-26 19:45:57', '4e876637-d422-4d17-9d20-2d629c3c405e'),
 ('115', '117', '3', '1', 'en_us', NULL, '{\"authorId\":\"1\",\"title\":\"Poemes Fantastiques Mvt.I\",\"slug\":\"poemes-fantastiques-mvt-i\",\"postDate\":1377546532,\"expiryDate\":null,\"enabled\":1,\"fields\":{\"43\":\"n\",\"3\":\"<p>\\r\\n\\tMvt. 1\\r\\n<\\/p>\\r\\n<p>\\r\\n\\tThirds and minor seconds establish the theme. The composer tries to express tough but still flexible, full of life force. Use pizz. to imitate heartbeats, like pulsation.\\r\\n<\\/p>\\r\\n<p>\\r\\n\\tMvt. 2\\r\\n<\\/p>\\r\\n<p>\\r\\n\\tThe overtone imitates the sound of peaceful whistle. Strength flows out of the inner heart, calmly, and steadily.\\r\\n<\\/p>\\r\\n<p>\\r\\n\\tMvt. 3\\r\\n<\\/p>\\r\\n<p>\\r\\n\\tUnder the tense atmosphere, tempt to find a way out. Step by step, become frantic and crazy. At last, escape from the cage, breath in the air from the sky.\\r\\n<\\/p>\",\"8\":\"5:30\",\"7\":[{\"col1\":\"violin solo\"}],\"11\":\"audio\",\"9\":[{\"col1\":\"composer\",\"col2\":\"Hsin-Lei Chen\"},{\"col1\":\"violin\",\"col2\":\"Chia-lun Chang\"}],\"10\":\"\",\"14\":\"2000\"}}', '2013-08-26 19:48:52', '2013-08-26 19:48:52', '1c6858c9-fac3-46f5-beb0-8ee26a12fbf9'),
 ('116', '118', '3', '1', 'en_us', NULL, '{\"authorId\":\"1\",\"title\":\"Po\\u00e8mes Fantastiques Mvt.II\",\"slug\":\"poemes-fantastiques-mvt-ii\",\"postDate\":1377546615,\"expiryDate\":null,\"enabled\":1,\"fields\":{\"43\":\"n\",\"3\":\"<p>\\r\\n\\tMvt. 1\\r\\n<\\/p>\\r\\n<p>\\r\\n\\tThirds and minor seconds establish the theme. The composer tries to express tough but still flexible, full of life force. Use pizz. to imitate heartbeats, like pulsation.\\r\\n<\\/p>\\r\\n<p>\\r\\n\\tMvt. 2\\r\\n<\\/p>\\r\\n<p>\\r\\n\\tThe overtone imitates the sound of peaceful whistle. Strength flows out of the inner heart, calmly, and steadily.\\r\\n<\\/p>\\r\\n<p>\\r\\n\\tMvt. 3\\r\\n<\\/p>\\r\\n<p>\\r\\n\\tUnder the tense atmosphere, tempt to find a way out. Step by step, become frantic and crazy. At last, escape from the cage, breath in the air from the sky.\\r\\n<\\/p>\",\"8\":\"5:22\",\"7\":[{\"col1\":\"violin solo\"}],\"11\":\"audio\",\"9\":[{\"col1\":\"composer\",\"col2\":\"Hsin-Lei Chen\"},{\"col1\":\"violin\",\"col2\":\"Chia-lun Chang\"}],\"10\":\"\",\"14\":\"2000\"}}', '2013-08-26 19:50:15', '2013-08-26 19:50:15', 'a13f8065-6833-4422-aadf-8a1dda0e8981'),
 ('117', '117', '3', '1', 'en_us', NULL, '{\"authorId\":\"1\",\"title\":\"Po\\u00e8mes Fantastiques Mvt.I\",\"slug\":\"poemes-fantastiques-mvt-i\",\"postDate\":1377546480,\"expiryDate\":null,\"enabled\":1,\"fields\":{\"43\":\"n\",\"3\":\"<p>\\r\\n\\t Mvt. 1\\r\\n<\\/p>\\r\\n<p>\\r\\n\\t Thirds and minor seconds establish the theme. The composer tries to express tough but still flexible, full of life force. Use pizz. to imitate heartbeats, like pulsation.\\r\\n<\\/p>\\r\\n<p>\\r\\n\\t Mvt. 2\\r\\n<\\/p>\\r\\n<p>\\r\\n\\t The overtone imitates the sound of peaceful whistle. Strength flows out of the inner heart, calmly, and steadily.\\r\\n<\\/p>\\r\\n<p>\\r\\n\\t Mvt. 3\\r\\n<\\/p>\\r\\n<p>\\r\\n\\t Under the tense atmosphere, tempt to find a way out. Step by step, become frantic and crazy. At last, escape from the cage, breath in the air from the sky.\\r\\n<\\/p>\",\"8\":\"5:30\",\"7\":[{\"col1\":\"violin solo\"}],\"11\":\"audio\",\"9\":[{\"col1\":\"composer\",\"col2\":\"Hsin-Lei Chen\"},{\"col1\":\"violin\",\"col2\":\"Chia-lun Chang\"}],\"10\":\"\",\"14\":\"2000\"}}', '2013-08-26 19:50:30', '2013-08-26 19:50:30', '28f6091d-9142-4eba-8662-fe5b5e9a0010'),
 ('118', '119', '3', '1', 'en_us', NULL, '{\"authorId\":\"1\",\"title\":\"Po\\u00e8mes Fantastiques Mvt.III\",\"slug\":\"poemes-fantastiques-mvt-iii\",\"postDate\":1377546697,\"expiryDate\":null,\"enabled\":1,\"fields\":{\"43\":\"n\",\"3\":\"<p>\\r\\n\\tMvt. 1\\r\\n<\\/p>\\r\\n<p>\\r\\n\\tThirds and minor seconds establish the theme. The composer tries to express tough but still flexible, full of life force. Use pizz. to imitate heartbeats, like pulsation.\\r\\n<\\/p>\\r\\n<p>\\r\\n\\tMvt. 2\\r\\n<\\/p>\\r\\n<p>\\r\\n\\tThe overtone imitates the sound of peaceful whistle. Strength flows out of the inner heart, calmly, and steadily.\\r\\n<\\/p>\\r\\n<p>\\r\\n\\tMvt. 3\\r\\n<\\/p>\\r\\n<p>\\r\\n\\tUnder the tense atmosphere, tempt to find a way out. Step by step, become frantic and crazy. At last, escape from the cage, breath in the air from the sky.\\r\\n<\\/p>\",\"8\":\"7:20\",\"7\":[{\"col1\":\"violin solo\"}],\"11\":\"audio\",\"9\":[{\"col1\":\"composer\",\"col2\":\"Hsin-Lei Chen\"},{\"col1\":\"violin\",\"col2\":\"Chia-lun Chang\"}],\"10\":\"\",\"14\":\"2000\"}}', '2013-08-26 19:51:37', '2013-08-26 19:51:37', '042f7a81-e307-4958-8694-61a913b46106'),
 ('119', '117', '3', '1', 'en_us', NULL, '{\"authorId\":\"1\",\"title\":\"Po\\u00e8mes Fantastiques Mvt.I\",\"slug\":\"poemes-fantastiques-mvt-i\",\"postDate\":1377546480,\"expiryDate\":null,\"enabled\":1,\"fields\":{\"43\":\"n\",\"4\":[\"122\",\"120\"],\"41\":[\"126\"],\"3\":\"<p>\\r\\n\\t  Mvt. 1\\r\\n<\\/p>\\r\\n<p>\\r\\n\\t  Thirds and minor seconds establish the theme. The composer tries to express tough but still flexible, full of life force. Use pizz. to imitate heartbeats, like pulsation.\\r\\n<\\/p>\\r\\n<p>\\r\\n\\t  Mvt. 2\\r\\n<\\/p>\\r\\n<p>\\r\\n\\t  The overtone imitates the sound of peaceful whistle. Strength flows out of the inner heart, calmly, and steadily.\\r\\n<\\/p>\\r\\n<p>\\r\\n\\t  Mvt. 3\\r\\n<\\/p>\\r\\n<p>\\r\\n\\t  Under the tense atmosphere, tempt to find a way out. Step by step, become frantic and crazy. At last, escape from the cage, breath in the air from the sky.\\r\\n<\\/p>\",\"8\":\"5:30\",\"7\":[{\"col1\":\"violin solo\"}],\"11\":\"audio\",\"9\":[{\"col1\":\"composer\",\"col2\":\"Hsin-Lei Chen\"},{\"col1\":\"violin\",\"col2\":\"Chia-lun Chang\"}],\"12\":[\"118\",\"119\"],\"10\":\"\",\"14\":\"2000\"}}', '2013-08-26 20:02:25', '2013-08-26 20:02:25', '88b4cca6-caf1-4aac-bd9b-bfbb6ca8c005'),
 ('120', '118', '3', '1', 'en_us', NULL, '{\"authorId\":\"1\",\"title\":\"Po\\u00e8mes Fantastiques Mvt.II\",\"slug\":\"poemes-fantastiques-mvt-ii\",\"postDate\":1377546600,\"expiryDate\":null,\"enabled\":1,\"fields\":{\"43\":\"n\",\"4\":[\"121\",\"123\"],\"41\":[\"127\"],\"3\":\"<p>\\r\\n\\t Mvt. 1\\r\\n<\\/p>\\r\\n<p>\\r\\n\\t Thirds and minor seconds establish the theme. The composer tries to express tough but still flexible, full of life force. Use pizz. to imitate heartbeats, like pulsation.\\r\\n<\\/p>\\r\\n<p>\\r\\n\\t Mvt. 2\\r\\n<\\/p>\\r\\n<p>\\r\\n\\t The overtone imitates the sound of peaceful whistle. Strength flows out of the inner heart, calmly, and steadily.\\r\\n<\\/p>\\r\\n<p>\\r\\n\\t Mvt. 3\\r\\n<\\/p>\\r\\n<p>\\r\\n\\t Under the tense atmosphere, tempt to find a way out. Step by step, become frantic and crazy. At last, escape from the cage, breath in the air from the sky.\\r\\n<\\/p>\",\"8\":\"5:22\",\"7\":[{\"col1\":\"violin solo\"}],\"11\":\"audio\",\"9\":[{\"col1\":\"composer\",\"col2\":\"Hsin-Lei Chen\"},{\"col1\":\"violin\",\"col2\":\"Chia-lun Chang\"}],\"12\":[\"117\",\"119\"],\"10\":\"\",\"14\":\"2000\"}}', '2013-08-26 20:03:03', '2013-08-26 20:03:03', '00149bdf-9a73-4477-9de9-3c55d3cb5af0'),
 ('121', '119', '3', '1', 'en_us', NULL, '{\"authorId\":\"1\",\"title\":\"Po\\u00e8mes Fantastiques Mvt.III\",\"slug\":\"poemes-fantastiques-mvt-iii\",\"postDate\":1377546660,\"expiryDate\":null,\"enabled\":1,\"fields\":{\"43\":\"n\",\"4\":[\"124\",\"125\"],\"41\":[\"128\"],\"3\":\"<p>\\r\\n\\t Mvt. 1\\r\\n<\\/p>\\r\\n<p>\\r\\n\\t Thirds and minor seconds establish the theme. The composer tries to express tough but still flexible, full of life force. Use pizz. to imitate heartbeats, like pulsation.\\r\\n<\\/p>\\r\\n<p>\\r\\n\\t Mvt. 2\\r\\n<\\/p>\\r\\n<p>\\r\\n\\t The overtone imitates the sound of peaceful whistle. Strength flows out of the inner heart, calmly, and steadily.\\r\\n<\\/p>\\r\\n<p>\\r\\n\\t Mvt. 3\\r\\n<\\/p>\\r\\n<p>\\r\\n\\t Under the tense atmosphere, tempt to find a way out. Step by step, become frantic and crazy. At last, escape from the cage, breath in the air from the sky.\\r\\n<\\/p>\",\"8\":\"7:20\",\"7\":[{\"col1\":\"violin solo\"}],\"11\":\"audio\",\"9\":[{\"col1\":\"composer\",\"col2\":\"Hsin-Lei Chen\"},{\"col1\":\"violin\",\"col2\":\"Chia-lun Chang\"}],\"12\":[\"117\",\"118\"],\"10\":\"\",\"14\":\"2000\"}}', '2013-08-26 20:03:45', '2013-08-26 20:03:45', 'd9dc547c-9c5d-4261-9dfb-cc78f58e0b96'),
 ('122', '54', '2', '1', 'en_us', NULL, '{\"authorId\":\"1\",\"title\":\"Solo\",\"slug\":\"solo\",\"postDate\":1377475200,\"expiryDate\":null,\"enabled\":1,\"fields\":{\"40\":[\"53\"],\"13\":[\"61\",\"88\",\"89\",\"90\",\"91\",\"92\",\"93\",\"116\",\"117\",\"118\",\"119\"]}}', '2013-08-26 20:04:17', '2013-08-26 20:04:17', '547a51cb-8359-41e3-813b-776b695cf07c'),
 ('123', '132', '3', '1', 'en_us', NULL, '{\"authorId\":\"1\",\"title\":\"Colors of Clouds-A Beacon of Fire\",\"slug\":\"colors-of-clouds-a-beacon-of-fire\",\"postDate\":1377549864,\"expiryDate\":null,\"enabled\":1,\"fields\":{\"43\":\"n\",\"4\":[\"129\",\"130\"],\"41\":[\"131\"],\"3\":\"<p>\\r\\n\\t\\\"Cloud Colors\\\" contains 12 small piece. Each single pieces represents different atmosphere, the diversity of the colors of clouds, like open 12 doors of 12 moments.\\r\\n<\\/p>\",\"8\":\"0:20\",\"7\":[{\"col1\":\"bassoon\"},{\"col1\":\"2 violins\"},{\"col1\":\"viola\"},{\"col1\":\"cello\"},{\"col1\":\"contrabass\"}],\"11\":\"audio\",\"9\":[{\"col1\":\"composer\",\"col2\":\"Hsin-Lei Chen\"},{\"col1\":\"bassoon\",\"col2\":\"Christopher Sales\"},{\"col1\":\"violin\",\"col2\":\"Gao Can and Kaun Chang Tu\"},{\"col1\":\"viola\",\"col2\":\"Miks Silis\"},{\"col1\":\"cello\",\"col2\":\"Sunghan Seung\"},{\"col1\":\"contrabass\",\"col2\":\"Maurice Todd\"}],\"10\":\"\",\"14\":\"2000\"}}', '2013-08-26 20:44:24', '2013-08-26 20:44:24', '7c9b87d7-0289-4bb8-a73c-525e35d910bd'),
 ('124', '55', '2', '1', 'en_us', NULL, '{\"authorId\":\"1\",\"title\":\"Chamber\",\"slug\":\"chamber\",\"postDate\":1377518460,\"expiryDate\":null,\"enabled\":1,\"fields\":{\"40\":[\"53\"],\"13\":[\"65\",\"132\"]}}', '2013-08-26 20:44:37', '2013-08-26 20:44:37', 'c97eb6b4-e07c-4ea8-a6db-00fda9bbe918'),
 ('125', '136', '3', '1', 'en_us', NULL, '{\"authorId\":\"1\",\"title\":\"Colors of Clouds-A Concubine\'s Room\",\"slug\":\"colors-of-clouds-a-concubine-s-room\",\"postDate\":1377550452,\"expiryDate\":null,\"enabled\":1,\"fields\":{\"43\":\"n\",\"4\":[\"133\",\"134\"],\"41\":[\"135\"],\"3\":\"<p>\\r\\n\\t\\\"Cloud Colors\\\" contains 12 small piece. Each single pieces represents different atmosphere, the diversity of the colors of clouds, like open 12 doors of 12 moments.\\r\\n<\\/p>\",\"8\":\"0:51\",\"7\":[{\"col1\":\"bassoon\"},{\"col1\":\"2 violins\"},{\"col1\":\"viola\"},{\"col1\":\"cello\"},{\"col1\":\"contrabass\"}],\"11\":\"audio\",\"9\":[{\"col1\":\"composer\",\"col2\":\"Hsin-Lei Chen\"},{\"col1\":\"bassoon\",\"col2\":\"Christopher Sales\"},{\"col1\":\"violin\",\"col2\":\"Gao Can and Kaun Chang Tu\"},{\"col1\":\"viola\",\"col2\":\"Miks Silis\"},{\"col1\":\"cello\",\"col2\":\"Sunghan Seung\"},{\"col1\":\"contrabass\",\"col2\":\"Maurice Todd\"}],\"10\":\"\",\"14\":\"2000\"}}', '2013-08-26 20:54:12', '2013-08-26 20:54:12', '14acf448-4a14-4917-afb4-f40c3bf4cb6c'),
 ('126', '55', '2', '1', 'en_us', NULL, '{\"authorId\":\"1\",\"title\":\"Chamber\",\"slug\":\"chamber\",\"postDate\":1377518460,\"expiryDate\":null,\"enabled\":1,\"fields\":{\"40\":[\"53\"],\"13\":[\"65\",\"132\",\"136\"]}}', '2013-08-26 20:54:27', '2013-08-26 20:54:27', '469d5c8d-de05-413d-b3f4-3d4ba1ad2565'),
 ('127', '140', '3', '1', 'en_us', NULL, '{\"authorId\":\"1\",\"title\":\"Colors of Clouds-A Dark Valley\",\"slug\":\"colors-of-clouds-a-dark-valley\",\"postDate\":1377550671,\"expiryDate\":null,\"enabled\":1,\"fields\":{\"43\":\"n\",\"4\":[\"137\",\"138\"],\"41\":[\"139\"],\"3\":\"<p>\\r\\n\\t\\\"Cloud Colors\\\" contains 12 small piece. Each single pieces represents different atmosphere, the diversity of the colors of clouds, like open 12 doors of 12 moments.\\r\\n<\\/p>\",\"8\":\"1:02\",\"7\":[{\"col1\":\"bassoon\"},{\"col1\":\"2 violins\"},{\"col1\":\"viola\"},{\"col1\":\"cello\"},{\"col1\":\"contrabass\"}],\"11\":\"audio\",\"9\":[{\"col1\":\"composer\",\"col2\":\"Hsin-Lei Chen\"},{\"col1\":\"bassoon\",\"col2\":\"Christopher Sales\"},{\"col1\":\"violin\",\"col2\":\"Gao Can and Kaun Chang Tu\"},{\"col1\":\"viola\",\"col2\":\"Miks Silis\"},{\"col1\":\"cello\",\"col2\":\"Sunghan Seung\"},{\"col1\":\"contrabass\",\"col2\":\"Maurice Todd\"}],\"10\":\"\",\"14\":\"2000\"}}', '2013-08-26 20:57:51', '2013-08-26 20:57:51', '0ce7f32a-be0a-4e71-94cb-784655899093'),
 ('128', '55', '2', '1', 'en_us', NULL, '{\"authorId\":\"1\",\"title\":\"Chamber\",\"slug\":\"chamber\",\"postDate\":1377518460,\"expiryDate\":null,\"enabled\":1,\"fields\":{\"40\":[\"53\"],\"13\":[\"65\",\"132\",\"136\",\"140\"]}}', '2013-08-26 20:58:02', '2013-08-26 20:58:02', 'e45a14cb-751f-4167-ad39-6046904150ea'),
 ('129', '144', '3', '1', 'en_us', NULL, '{\"authorId\":\"1\",\"title\":\"Colors of Clouds-An Old General\'s Soliloquy\",\"slug\":\"colors-of-clouds-an-old-general-s-soliloquy\",\"postDate\":1377550980,\"expiryDate\":null,\"enabled\":1,\"fields\":{\"43\":\"n\",\"4\":[\"141\",\"142\"],\"41\":[\"143\"],\"3\":\"<p>\\r\\n\\t\\\"Cloud Colors\\\" contains 12 small piece. Each single pieces represents different atmosphere, the diversity of the colors of clouds, like open 12 doors of 12 moments.\\r\\n<\\/p>\",\"8\":\"1:42\",\"7\":[{\"col1\":\"bassoon\"},{\"col1\":\"2 violins\"},{\"col1\":\"viola\"},{\"col1\":\"cello\"},{\"col1\":\"contrabass\"}],\"11\":\"audio\",\"9\":[{\"col1\":\"composer\",\"col2\":\"Hsin-Lei Chen\"},{\"col1\":\"bassoon\",\"col2\":\"Christopher Sales\"},{\"col1\":\"violin\",\"col2\":\"Gao Can and Kaun Chang Tu\"},{\"col1\":\"viola\",\"col2\":\"Miks Silis\"},{\"col1\":\"cello\",\"col2\":\"Sunghan Seung\"},{\"col1\":\"contrabass\",\"col2\":\"Maurice Todd\"}],\"10\":\"\",\"14\":\"2000\"}}', '2013-08-26 21:03:00', '2013-08-26 21:03:00', '5f3d3f0b-297b-4578-9fce-ef586d9d2e7c'),
 ('130', '55', '2', '1', 'en_us', NULL, '{\"authorId\":\"1\",\"title\":\"Chamber\",\"slug\":\"chamber\",\"postDate\":1377518460,\"expiryDate\":null,\"enabled\":1,\"fields\":{\"40\":[\"53\"],\"13\":[\"65\",\"132\",\"136\",\"140\",\"144\"]}}', '2013-08-26 21:03:22', '2013-08-26 21:03:22', '7ddda17d-4097-41ac-b9e8-1c69816bf8f3'),
 ('131', '148', '3', '1', 'en_us', NULL, '{\"authorId\":\"1\",\"title\":\"Colors of Clouds-Butterfly\",\"slug\":\"colors-of-clouds-butterfly\",\"postDate\":1377551248,\"expiryDate\":null,\"enabled\":1,\"fields\":{\"43\":\"n\",\"4\":[\"145\",\"146\"],\"41\":[\"147\"],\"3\":\"<p>\\r\\n\\t\\\"Cloud Colors\\\" contains 12 small piece. Each single pieces represents different atmosphere, the diversity of the colors of clouds, like open 12 doors of 12 moments.\\r\\n<\\/p>\",\"8\":\"0:33\",\"7\":[{\"col1\":\"bassoon\"},{\"col1\":\"2 violins\"},{\"col1\":\"viola\"},{\"col1\":\"cello\"},{\"col1\":\"contrabass\"}],\"11\":\"audio\",\"9\":[{\"col1\":\"composer\",\"col2\":\"Hsin-Lei Chen\"},{\"col1\":\"bassoon\",\"col2\":\"Christopher Sales\"},{\"col1\":\"violin\",\"col2\":\"Gao Can and Kaun Chang Tu\"},{\"col1\":\"viola\",\"col2\":\"Miks Silis\"},{\"col1\":\"cello\",\"col2\":\"Sunghan Seung\"},{\"col1\":\"contrabass\",\"col2\":\"Maurice Todd\"}],\"10\":\"\",\"14\":\"2000\"}}', '2013-08-26 21:07:28', '2013-08-26 21:07:28', 'c0840c9b-6da7-420a-bdf5-8e972f4315c7'),
 ('132', '55', '2', '1', 'en_us', NULL, '{\"authorId\":\"1\",\"title\":\"Chamber\",\"slug\":\"chamber\",\"postDate\":1377518460,\"expiryDate\":null,\"enabled\":1,\"fields\":{\"40\":[\"53\"],\"13\":[\"65\",\"132\",\"136\",\"140\",\"144\",\"148\"]}}', '2013-08-26 21:07:45', '2013-08-26 21:07:45', 'a03df7be-ffd6-4dac-961b-09852cc4c857'),
 ('133', '152', '3', '1', 'en_us', NULL, '{\"authorId\":\"1\",\"title\":\"Colors of Clouds-Empty Temple\",\"slug\":\"colors-of-clouds-empty-temple\",\"postDate\":1377551530,\"expiryDate\":null,\"enabled\":1,\"fields\":{\"43\":\"n\",\"4\":[\"149\",\"150\"],\"41\":[\"151\"],\"3\":\"<p>\\r\\n\\t\\\"Cloud Colors\\\" contains 12 small piece. Each single pieces represents different atmosphere, the diversity of the colors of clouds, like open 12 doors of 12 moments.\\r\\n<\\/p>\",\"8\":\"0:47\",\"7\":[{\"col1\":\"bassoon\"},{\"col1\":\"2 violins\"},{\"col1\":\"viola\"},{\"col1\":\"cello\"},{\"col1\":\"contrabass\"}],\"11\":\"audio\",\"9\":[{\"col1\":\"composer\",\"col2\":\"Hsin-Lei Chen\"},{\"col1\":\"bassoon\",\"col2\":\"Christopher Sales\"},{\"col1\":\"violin\",\"col2\":\"Gao Can and Kaun Chang Tu\"},{\"col1\":\"viola\",\"col2\":\"Miks Silis\"},{\"col1\":\"cello\",\"col2\":\"Sunghan Seung\"},{\"col1\":\"contrabass\",\"col2\":\"Maurice Todd\"}],\"10\":\"\",\"14\":\"2000\"}}', '2013-08-26 21:12:10', '2013-08-26 21:12:10', '4390c917-06dc-4b16-8ada-97c1b3958fd2'),
 ('134', '55', '2', '1', 'en_us', NULL, '{\"authorId\":\"1\",\"title\":\"Chamber\",\"slug\":\"chamber\",\"postDate\":1377518460,\"expiryDate\":null,\"enabled\":1,\"fields\":{\"40\":[\"53\"],\"13\":[\"65\",\"132\",\"136\",\"140\",\"144\",\"148\",\"152\"]}}', '2013-08-26 21:12:21', '2013-08-26 21:12:21', 'ac8ec11d-6a4c-480a-8a05-3d0abf3752f4'),
 ('135', '156', '3', '1', 'en_us', NULL, '{\"authorId\":\"1\",\"title\":\"Colors of Clouds-Floating Air\",\"slug\":\"colors-of-clouds-floating-air\",\"postDate\":1377551773,\"expiryDate\":null,\"enabled\":1,\"fields\":{\"43\":\"n\",\"4\":[\"153\",\"154\"],\"41\":[\"155\"],\"3\":\"<p>\\r\\n\\t\\\"Cloud Colors\\\" contains 12 small piece. Each single pieces represents different atmosphere, the diversity of the colors of clouds, like open 12 doors of 12 moments.\\r\\n<\\/p>\",\"8\":\"0:29\",\"7\":[{\"col1\":\"bassoon\"},{\"col1\":\"2 violins\"},{\"col1\":\"viola\"},{\"col1\":\"cello\"},{\"col1\":\"contrabass\"}],\"11\":\"audio\",\"9\":[{\"col1\":\"composer\",\"col2\":\"Hsin-Lei Chen\"},{\"col1\":\"bassoon\",\"col2\":\"Christopher Sales\"},{\"col1\":\"violin\",\"col2\":\"Gao Can and Kaun Chang Tu\"},{\"col1\":\"viola\",\"col2\":\"Miks Silis\"},{\"col1\":\"cello\",\"col2\":\"Sunghan Seung\"},{\"col1\":\"contrabass\",\"col2\":\"Maurice Todd\"}],\"10\":\"\",\"14\":\"2000\"}}', '2013-08-26 21:16:13', '2013-08-26 21:16:13', 'fb137e9f-13bf-407c-851d-df68a33d0e52'),
 ('136', '55', '2', '1', 'en_us', NULL, '{\"authorId\":\"1\",\"title\":\"Chamber\",\"slug\":\"chamber\",\"postDate\":1377518460,\"expiryDate\":null,\"enabled\":1,\"fields\":{\"40\":[\"53\"],\"13\":[\"65\",\"132\",\"136\",\"140\",\"144\",\"148\",\"152\",\"156\"]}}', '2013-08-26 21:16:24', '2013-08-26 21:16:24', 'ecd56946-00ee-4838-91e5-dfb6362321e7'),
 ('137', '160', '3', '1', 'en_us', NULL, '{\"authorId\":\"1\",\"title\":\"Colors of Clouds-Old Palace\",\"slug\":\"colors-of-clouds-old-palace\",\"postDate\":1377551947,\"expiryDate\":null,\"enabled\":1,\"fields\":{\"43\":\"n\",\"4\":[\"157\",\"158\"],\"41\":[\"159\"],\"3\":\"<p>\\r\\n\\t\\\"Cloud Colors\\\" contains 12 small piece. Each single pieces represents different atmosphere, the diversity of the colors of clouds, like open 12 doors of 12 moments.\\r\\n<\\/p>\",\"8\":\"0:54\",\"7\":[{\"col1\":\"bassoon\"},{\"col1\":\"2 violins\"},{\"col1\":\"viola\"},{\"col1\":\"cello\"},{\"col1\":\"contrabass\"}],\"11\":\"audio\",\"9\":[{\"col1\":\"composer\",\"col2\":\"Hsin-Lei Chen\"}],\"10\":\"\",\"14\":\"2000\"}}', '2013-08-26 21:19:07', '2013-08-26 21:19:07', 'b278a5e1-2ad7-455e-a5d8-25e2ba915636'),
 ('138', '55', '2', '1', 'en_us', NULL, '{\"authorId\":\"1\",\"title\":\"Chamber\",\"slug\":\"chamber\",\"postDate\":1377518460,\"expiryDate\":null,\"enabled\":1,\"fields\":{\"40\":[\"53\"],\"13\":[\"65\",\"132\",\"136\",\"140\",\"144\",\"148\",\"152\",\"156\",\"160\"]}}', '2013-08-26 21:19:17', '2013-08-26 21:19:17', '44f6bc94-5104-4220-814b-c6369c98e86a'),
 ('139', '164', '3', '1', 'en_us', NULL, '{\"authorId\":\"1\",\"title\":\"Colors of Clouds-Silent Rage\",\"slug\":\"colors-of-clouds-silent-rage\",\"postDate\":1377552130,\"expiryDate\":null,\"enabled\":1,\"fields\":{\"43\":\"n\",\"4\":[\"161\",\"162\"],\"41\":[\"163\"],\"3\":\"<p>\\r\\n\\t\\\"Cloud Colors\\\" contains 12 small piece. Each single pieces represents different atmosphere, the diversity of the colors of clouds, like open 12 doors of 12 moments.\\r\\n<\\/p>\",\"8\":\"0:20\",\"7\":[{\"col1\":\"bassoon\"},{\"col1\":\"2 violins\"},{\"col1\":\"viola\"},{\"col1\":\"cello\"},{\"col1\":\"contrabass\"}],\"11\":\"audio\",\"9\":[{\"col1\":\"composer\",\"col2\":\"Hsin-Lei Chen\"},{\"col1\":\"bassoon\",\"col2\":\"Christopher Sales\"},{\"col1\":\"violin\",\"col2\":\"Gao Can and Kaun Chang Tu\"},{\"col1\":\"viola\",\"col2\":\"Miks Silis\"},{\"col1\":\"cello\",\"col2\":\"Sunghan Seung\"},{\"col1\":\"contrabass\",\"col2\":\"Maurice Todd\"}],\"10\":\"\",\"14\":\"2000\"}}', '2013-08-26 21:22:10', '2013-08-26 21:22:10', '24aefc72-aa0b-4008-a362-99b8e2afd85b'),
 ('140', '55', '2', '1', 'en_us', NULL, '{\"authorId\":\"1\",\"title\":\"Chamber\",\"slug\":\"chamber\",\"postDate\":1377518460,\"expiryDate\":null,\"enabled\":1,\"fields\":{\"40\":[\"53\"],\"13\":[\"65\",\"132\",\"136\",\"140\",\"144\",\"148\",\"152\",\"156\",\"160\",\"164\"]}}', '2013-08-26 21:22:25', '2013-08-26 21:22:25', '3a1c5bf1-b2a0-4e67-b9b9-2eddca4c9035'),
 ('141', '168', '3', '1', 'en_us', NULL, '{\"authorId\":\"1\",\"title\":\"Colors of Clouds-Swimming in between Streams of Light\",\"slug\":\"colors-of-clouds-swimming-in-between-streams-of-light\",\"postDate\":1377552318,\"expiryDate\":null,\"enabled\":1,\"fields\":{\"43\":\"n\",\"4\":[\"166\",\"165\"],\"41\":[\"167\"],\"3\":\"<p>\\r\\n\\t\\\"Cloud Colors\\\" contains 12 small piece. Each single pieces represents different atmosphere, the diversity of the colors of clouds, like open 12 doors of 12 moments.\\r\\n<\\/p>\",\"8\":\"0:48\",\"7\":[{\"col1\":\"bassoon\"},{\"col1\":\"2 violins\"},{\"col1\":\"viola\"},{\"col1\":\"cello\"},{\"col1\":\"contrabass\"}],\"11\":\"audio\",\"9\":[{\"col1\":\"composer\",\"col2\":\"Hsin-Lei Chen\"},{\"col1\":\"bassoon\",\"col2\":\"Christopher Sales\"},{\"col1\":\"violin\",\"col2\":\"Gao Can and Kaun Chang Tu\"},{\"col1\":\"viola\",\"col2\":\"Miks Silis\"},{\"col1\":\"cello\",\"col2\":\"Sunghan Seung\"},{\"col1\":\"contrabass\",\"col2\":\"Maurice Todd\"}],\"10\":\"\",\"14\":\"2000\"}}', '2013-08-26 21:25:18', '2013-08-26 21:25:18', '58b52568-48de-47d4-800a-d3305bba4f67'),
 ('142', '55', '2', '1', 'en_us', NULL, '{\"authorId\":\"1\",\"title\":\"Chamber\",\"slug\":\"chamber\",\"postDate\":1377518460,\"expiryDate\":null,\"enabled\":1,\"fields\":{\"40\":[\"53\"],\"13\":[\"65\",\"132\",\"136\",\"140\",\"144\",\"148\",\"152\",\"156\",\"160\",\"164\",\"168\"]}}', '2013-08-26 21:25:29', '2013-08-26 21:25:29', 'a4178ddc-9e92-40bf-bfa6-671d245b30cb'),
 ('143', '172', '3', '1', 'en_us', NULL, '{\"authorId\":\"1\",\"title\":\"Colors of Clouds-Tinkly Jewels\",\"slug\":\"colors-of-clouds-tinkly-jewels\",\"postDate\":1377552476,\"expiryDate\":null,\"enabled\":1,\"fields\":{\"43\":\"n\",\"4\":[\"169\",\"170\"],\"41\":[\"171\"],\"3\":\"<p>\\r\\n\\t\\\"Cloud Colors\\\" contains 12 small piece. Each single pieces represents different atmosphere, the diversity of the colors of clouds, like open 12 doors of 12 moments.\\r\\n<\\/p>\",\"8\":\"0:31\",\"7\":[{\"col1\":\"bassoon\"},{\"col1\":\"2 violins\"},{\"col1\":\"viola\"},{\"col1\":\"cello\"},{\"col1\":\"contrabass\"}],\"11\":\"audio\",\"9\":[{\"col1\":\"composer\",\"col2\":\"Hsin-Lei Chen\"},{\"col1\":\"bassoon\",\"col2\":\"Christopher Sales\"},{\"col1\":\"violin\",\"col2\":\"Gao Can and Kaun Chang Tu\"},{\"col1\":\"viola\",\"col2\":\"Miks Silis\"},{\"col1\":\"cello\",\"col2\":\"Sunghan Seung\"},{\"col1\":\"contrabass\",\"col2\":\"Maurice Todd\"}],\"10\":\"\",\"14\":\"2000\"}}', '2013-08-26 21:27:56', '2013-08-26 21:27:56', '126585ab-9979-4bba-9aee-794ef2d17da3'),
 ('144', '55', '2', '1', 'en_us', NULL, '{\"authorId\":\"1\",\"title\":\"Chamber\",\"slug\":\"chamber\",\"postDate\":1377518460,\"expiryDate\":null,\"enabled\":1,\"fields\":{\"40\":[\"53\"],\"13\":[\"65\",\"132\",\"136\",\"140\",\"144\",\"148\",\"152\",\"156\",\"160\",\"164\",\"168\",\"172\"]}}', '2013-08-26 21:28:11', '2013-08-26 21:28:11', '5ff2608d-1e1d-47d2-949b-37776af038cd'),
 ('145', '176', '3', '1', 'en_us', NULL, '{\"authorId\":\"1\",\"title\":\"Colors of Clouds-To the Sky Line\",\"slug\":\"colors-of-clouds-to-the-sky-line\",\"postDate\":1377552640,\"expiryDate\":null,\"enabled\":1,\"fields\":{\"43\":\"n\",\"4\":[\"175\",\"174\"],\"41\":[\"173\"],\"3\":\"<p>\\r\\n\\t\\\"Cloud Colors\\\" contains 12 small piece. Each single pieces represents different atmosphere, the diversity of the colors of clouds, like open 12 doors of 12 moments.\\r\\n<\\/p>\",\"8\":\"0:30\",\"7\":[{\"col1\":\"bassoon\"},{\"col1\":\"2 violins\"},{\"col1\":\"viola\"},{\"col1\":\"cello\"},{\"col1\":\"contrabass\"}],\"11\":\"audio\",\"9\":[{\"col1\":\"composer\",\"col2\":\"Hsin-Lei Chen\"},{\"col1\":\"bassoon\",\"col2\":\"Christopher Sales\"},{\"col1\":\"violin\",\"col2\":\"Gao Can and Kaun Chang Tu\"},{\"col1\":\"viola\",\"col2\":\"Miks Silis\"},{\"col1\":\"cello\",\"col2\":\"Sunghan Seung\"},{\"col1\":\"contrabass\",\"col2\":\"Maurice Todd\"}],\"10\":\"\",\"14\":\"2000\"}}', '2013-08-26 21:30:40', '2013-08-26 21:30:40', 'a45e2535-dea5-4470-967c-eefa2758c8cc'),
 ('146', '55', '2', '1', 'en_us', NULL, '{\"authorId\":\"1\",\"title\":\"Chamber\",\"slug\":\"chamber\",\"postDate\":1377518460,\"expiryDate\":null,\"enabled\":1,\"fields\":{\"40\":[\"53\"],\"13\":[\"65\",\"132\",\"136\",\"140\",\"144\",\"148\",\"152\",\"156\",\"160\",\"164\",\"168\",\"172\",\"176\"]}}', '2013-08-26 21:31:55', '2013-08-26 21:31:55', 'fc6f0130-37cf-43d8-b4d9-1870a5cc644c'),
 ('147', '176', '3', '1', 'en_us', NULL, '{\"authorId\":\"1\",\"title\":\"Colors of Clouds-To the Sky Line\",\"slug\":\"colors-of-clouds-to-the-sky-line\",\"postDate\":1377552600,\"expiryDate\":null,\"enabled\":1,\"fields\":{\"43\":\"n\",\"4\":[\"175\",\"174\"],\"41\":[\"173\"],\"3\":\"<p>\\r\\n\\t \\\"Cloud Colors\\\" contains 12 small piece. Each single pieces represents different atmosphere, the diversity of the colors of clouds, like open 12 doors of 12 moments.\\r\\n<\\/p>\",\"8\":\"0:30\",\"7\":[{\"col1\":\"bassoon\"},{\"col1\":\"2 violins\"},{\"col1\":\"viola\"},{\"col1\":\"cello\"},{\"col1\":\"contrabass\"}],\"11\":\"audio\",\"9\":[{\"col1\":\"composer\",\"col2\":\"Hsin-Lei Chen\"},{\"col1\":\"bassoon\",\"col2\":\"Christopher Sales\"},{\"col1\":\"violin\",\"col2\":\"Gao Can and Kaun Chang Tu\"},{\"col1\":\"viola\",\"col2\":\"Miks Silis\"},{\"col1\":\"cello\",\"col2\":\"Sunghan Seung\"},{\"col1\":\"contrabass\",\"col2\":\"Maurice Todd\"}],\"12\":[\"172\",\"168\",\"164\",\"160\"],\"10\":\"\",\"14\":\"2000\"}}', '2013-08-26 21:33:36', '2013-08-26 21:33:36', '990faeac-2569-4448-a11f-cff8f68577ac'),
 ('148', '172', '3', '1', 'en_us', NULL, '{\"authorId\":\"1\",\"title\":\"Colors of Clouds-Tinkly Jewels\",\"slug\":\"colors-of-clouds-tinkly-jewels\",\"postDate\":1377552420,\"expiryDate\":null,\"enabled\":1,\"fields\":{\"43\":\"n\",\"4\":[\"169\",\"170\"],\"41\":[\"171\"],\"3\":\"<p>\\r\\n\\t \\\"Cloud Colors\\\" contains 12 small piece. Each single pieces represents different atmosphere, the diversity of the colors of clouds, like open 12 doors of 12 moments.\\r\\n<\\/p>\",\"8\":\"0:31\",\"7\":[{\"col1\":\"bassoon\"},{\"col1\":\"2 violins\"},{\"col1\":\"viola\"},{\"col1\":\"cello\"},{\"col1\":\"contrabass\"}],\"11\":\"audio\",\"9\":[{\"col1\":\"composer\",\"col2\":\"Hsin-Lei Chen\"},{\"col1\":\"bassoon\",\"col2\":\"Christopher Sales\"},{\"col1\":\"violin\",\"col2\":\"Gao Can and Kaun Chang Tu\"},{\"col1\":\"viola\",\"col2\":\"Miks Silis\"},{\"col1\":\"cello\",\"col2\":\"Sunghan Seung\"},{\"col1\":\"contrabass\",\"col2\":\"Maurice Todd\"}],\"12\":[\"176\",\"168\",\"164\",\"160\"],\"10\":\"\",\"14\":\"2000\"}}', '2013-08-26 21:34:12', '2013-08-26 21:34:12', '744b27c9-e5a3-4e1f-af0a-25c4c716dacb'),
 ('149', '168', '3', '1', 'en_us', NULL, '{\"authorId\":\"1\",\"title\":\"Colors of Clouds-Swimming in between Streams of Light\",\"slug\":\"colors-of-clouds-swimming-in-between-streams-of-light\",\"postDate\":1377552300,\"expiryDate\":null,\"enabled\":1,\"fields\":{\"43\":\"n\",\"4\":[\"166\",\"165\"],\"41\":[\"167\"],\"3\":\"<p>\\r\\n\\t \\\"Cloud Colors\\\" contains 12 small piece. Each single pieces represents different atmosphere, the diversity of the colors of clouds, like open 12 doors of 12 moments.\\r\\n<\\/p>\",\"8\":\"0:48\",\"7\":[{\"col1\":\"bassoon\"},{\"col1\":\"2 violins\"},{\"col1\":\"viola\"},{\"col1\":\"cello\"},{\"col1\":\"contrabass\"}],\"11\":\"audio\",\"9\":[{\"col1\":\"composer\",\"col2\":\"Hsin-Lei Chen\"},{\"col1\":\"bassoon\",\"col2\":\"Christopher Sales\"},{\"col1\":\"violin\",\"col2\":\"Gao Can and Kaun Chang Tu\"},{\"col1\":\"viola\",\"col2\":\"Miks Silis\"},{\"col1\":\"cello\",\"col2\":\"Sunghan Seung\"},{\"col1\":\"contrabass\",\"col2\":\"Maurice Todd\"}],\"12\":[\"176\",\"172\",\"164\",\"160\"],\"10\":\"\",\"14\":\"2000\"}}', '2013-08-26 21:34:29', '2013-08-26 21:34:29', 'ac779dab-e308-4eaf-9ff4-ea205e0dc964'),
 ('150', '164', '3', '1', 'en_us', NULL, '{\"authorId\":\"1\",\"title\":\"Colors of Clouds-Silent Rage\",\"slug\":\"colors-of-clouds-silent-rage\",\"postDate\":1377552120,\"expiryDate\":null,\"enabled\":1,\"fields\":{\"43\":\"n\",\"4\":[\"161\",\"162\"],\"41\":[\"163\"],\"3\":\"<p>\\r\\n\\t \\\"Cloud Colors\\\" contains 12 small piece. Each single pieces represents different atmosphere, the diversity of the colors of clouds, like open 12 doors of 12 moments.\\r\\n<\\/p>\",\"8\":\"0:20\",\"7\":[{\"col1\":\"bassoon\"},{\"col1\":\"2 violins\"},{\"col1\":\"viola\"},{\"col1\":\"cello\"},{\"col1\":\"contrabass\"}],\"11\":\"audio\",\"9\":[{\"col1\":\"composer\",\"col2\":\"Hsin-Lei Chen\"},{\"col1\":\"bassoon\",\"col2\":\"Christopher Sales\"},{\"col1\":\"violin\",\"col2\":\"Gao Can and Kaun Chang Tu\"},{\"col1\":\"viola\",\"col2\":\"Miks Silis\"},{\"col1\":\"cello\",\"col2\":\"Sunghan Seung\"},{\"col1\":\"contrabass\",\"col2\":\"Maurice Todd\"}],\"12\":[\"176\",\"172\",\"168\",\"160\"],\"10\":\"\",\"14\":\"2000\"}}', '2013-08-26 21:34:43', '2013-08-26 21:34:43', '8ac6c894-b7e3-48d8-9861-696fe2d94828'),
 ('151', '160', '3', '1', 'en_us', NULL, '{\"authorId\":\"1\",\"title\":\"Colors of Clouds-Old Palace\",\"slug\":\"colors-of-clouds-old-palace\",\"postDate\":1377551940,\"expiryDate\":null,\"enabled\":1,\"fields\":{\"43\":\"n\",\"4\":[\"157\",\"158\"],\"41\":[\"159\"],\"3\":\"<p>\\r\\n\\t \\\"Cloud Colors\\\" contains 12 small piece. Each single pieces represents different atmosphere, the diversity of the colors of clouds, like open 12 doors of 12 moments.\\r\\n<\\/p>\",\"8\":\"0:54\",\"7\":[{\"col1\":\"bassoon\"},{\"col1\":\"2 violins\"},{\"col1\":\"viola\"},{\"col1\":\"cello\"},{\"col1\":\"contrabass\"}],\"11\":\"audio\",\"9\":[{\"col1\":\"composer\",\"col2\":\"Hsin-Lei Chen\"}],\"12\":[\"176\",\"172\",\"168\",\"164\"],\"10\":\"\",\"14\":\"2000\"}}', '2013-08-26 21:34:56', '2013-08-26 21:34:56', '89854035-772a-4841-8620-b3fabffbd5d5'),
 ('152', '132', '3', '1', 'en_us', NULL, '{\"authorId\":\"1\",\"title\":\"Colors of Clouds-A Beacon of Fire\",\"slug\":\"colors-of-clouds-a-beacon-of-fire\",\"postDate\":1377549840,\"expiryDate\":null,\"enabled\":1,\"fields\":{\"43\":\"n\",\"4\":[\"129\",\"130\"],\"41\":[\"131\"],\"3\":\"<p>\\r\\n\\t \\\"Cloud Colors\\\" contains 12 small piece. Each single pieces represents different atmosphere, the diversity of the colors of clouds, like open 12 doors of 12 moments.\\r\\n<\\/p>\",\"8\":\"0:20\",\"7\":[{\"col1\":\"bassoon\"},{\"col1\":\"2 violins\"},{\"col1\":\"viola\"},{\"col1\":\"cello\"},{\"col1\":\"contrabass\"}],\"11\":\"audio\",\"9\":[{\"col1\":\"composer\",\"col2\":\"Hsin-Lei Chen\"},{\"col1\":\"bassoon\",\"col2\":\"Christopher Sales\"},{\"col1\":\"violin\",\"col2\":\"Gao Can and Kaun Chang Tu\"},{\"col1\":\"viola\",\"col2\":\"Miks Silis\"},{\"col1\":\"cello\",\"col2\":\"Sunghan Seung\"},{\"col1\":\"contrabass\",\"col2\":\"Maurice Todd\"}],\"12\":[\"176\",\"172\",\"168\",\"164\"],\"10\":\"\",\"14\":\"2000\"}}', '2013-08-26 21:35:24', '2013-08-26 21:35:24', 'a27cff4e-7617-4a6c-a15d-b650e97c9141'),
 ('153', '136', '3', '1', 'en_us', NULL, '{\"authorId\":\"1\",\"title\":\"Colors of Clouds-A Concubine\'s Room\",\"slug\":\"colors-of-clouds-a-concubine-s-room\",\"postDate\":1377550440,\"expiryDate\":null,\"enabled\":1,\"fields\":{\"43\":\"n\",\"4\":[\"133\",\"134\"],\"41\":[\"135\"],\"3\":\"<p>\\r\\n\\t \\\"Cloud Colors\\\" contains 12 small piece. Each single pieces represents different atmosphere, the diversity of the colors of clouds, like open 12 doors of 12 moments.\\r\\n<\\/p>\",\"8\":\"0:51\",\"7\":[{\"col1\":\"bassoon\"},{\"col1\":\"2 violins\"},{\"col1\":\"viola\"},{\"col1\":\"cello\"},{\"col1\":\"contrabass\"}],\"11\":\"audio\",\"9\":[{\"col1\":\"composer\",\"col2\":\"Hsin-Lei Chen\"},{\"col1\":\"bassoon\",\"col2\":\"Christopher Sales\"},{\"col1\":\"violin\",\"col2\":\"Gao Can and Kaun Chang Tu\"},{\"col1\":\"viola\",\"col2\":\"Miks Silis\"},{\"col1\":\"cello\",\"col2\":\"Sunghan Seung\"},{\"col1\":\"contrabass\",\"col2\":\"Maurice Todd\"}],\"12\":[\"176\",\"172\",\"168\",\"164\"],\"10\":\"\",\"14\":\"2000\"}}', '2013-08-26 21:35:39', '2013-08-26 21:35:39', 'af2a880a-011b-4fd0-a93f-814624cb09eb'),
 ('154', '140', '3', '1', 'en_us', NULL, '{\"authorId\":\"1\",\"title\":\"Colors of Clouds-A Dark Valley\",\"slug\":\"colors-of-clouds-a-dark-valley\",\"postDate\":1377550620,\"expiryDate\":null,\"enabled\":1,\"fields\":{\"43\":\"n\",\"4\":[\"137\",\"138\"],\"41\":[\"139\"],\"3\":\"<p>\\r\\n\\t \\\"Cloud Colors\\\" contains 12 small piece. Each single pieces represents different atmosphere, the diversity of the colors of clouds, like open 12 doors of 12 moments.\\r\\n<\\/p>\",\"8\":\"1:02\",\"7\":[{\"col1\":\"bassoon\"},{\"col1\":\"2 violins\"},{\"col1\":\"viola\"},{\"col1\":\"cello\"},{\"col1\":\"contrabass\"}],\"11\":\"audio\",\"9\":[{\"col1\":\"composer\",\"col2\":\"Hsin-Lei Chen\"},{\"col1\":\"bassoon\",\"col2\":\"Christopher Sales\"},{\"col1\":\"violin\",\"col2\":\"Gao Can and Kaun Chang Tu\"},{\"col1\":\"viola\",\"col2\":\"Miks Silis\"},{\"col1\":\"cello\",\"col2\":\"Sunghan Seung\"},{\"col1\":\"contrabass\",\"col2\":\"Maurice Todd\"}],\"12\":[\"176\",\"172\",\"168\",\"164\"],\"10\":\"\",\"14\":\"2000\"}}', '2013-08-26 21:35:53', '2013-08-26 21:35:53', 'f6f316eb-d4ba-4d37-b42d-f6a4b543c063'),
 ('155', '144', '3', '1', 'en_us', NULL, '{\"authorId\":\"1\",\"title\":\"Colors of Clouds-An Old General\'s Soliloquy\",\"slug\":\"colors-of-clouds-an-old-general-s-soliloquy\",\"postDate\":1377550980,\"expiryDate\":null,\"enabled\":1,\"fields\":{\"43\":\"n\",\"4\":[\"141\",\"142\"],\"41\":[\"143\"],\"3\":\"<p>\\r\\n\\t \\\"Cloud Colors\\\" contains 12 small piece. Each single pieces represents different atmosphere, the diversity of the colors of clouds, like open 12 doors of 12 moments.\\r\\n<\\/p>\",\"8\":\"1:42\",\"7\":[{\"col1\":\"bassoon\"},{\"col1\":\"2 violins\"},{\"col1\":\"viola\"},{\"col1\":\"cello\"},{\"col1\":\"contrabass\"}],\"11\":\"audio\",\"9\":[{\"col1\":\"composer\",\"col2\":\"Hsin-Lei Chen\"},{\"col1\":\"bassoon\",\"col2\":\"Christopher Sales\"},{\"col1\":\"violin\",\"col2\":\"Gao Can and Kaun Chang Tu\"},{\"col1\":\"viola\",\"col2\":\"Miks Silis\"},{\"col1\":\"cello\",\"col2\":\"Sunghan Seung\"},{\"col1\":\"contrabass\",\"col2\":\"Maurice Todd\"}],\"12\":[\"176\",\"172\",\"168\",\"164\"],\"10\":\"\",\"14\":\"2000\"}}', '2013-08-26 21:36:07', '2013-08-26 21:36:07', '22f94b3c-c766-40ff-8731-1ac5d26b6286'),
 ('156', '148', '3', '1', 'en_us', NULL, '{\"authorId\":\"1\",\"title\":\"Colors of Clouds-Butterfly\",\"slug\":\"colors-of-clouds-butterfly\",\"postDate\":1377551220,\"expiryDate\":null,\"enabled\":1,\"fields\":{\"43\":\"n\",\"4\":[\"145\",\"146\"],\"41\":[\"147\"],\"3\":\"<p>\\r\\n\\t \\\"Cloud Colors\\\" contains 12 small piece. Each single pieces represents different atmosphere, the diversity of the colors of clouds, like open 12 doors of 12 moments.\\r\\n<\\/p>\",\"8\":\"0:33\",\"7\":[{\"col1\":\"bassoon\"},{\"col1\":\"2 violins\"},{\"col1\":\"viola\"},{\"col1\":\"cello\"},{\"col1\":\"contrabass\"}],\"11\":\"audio\",\"9\":[{\"col1\":\"composer\",\"col2\":\"Hsin-Lei Chen\"},{\"col1\":\"bassoon\",\"col2\":\"Christopher Sales\"},{\"col1\":\"violin\",\"col2\":\"Gao Can and Kaun Chang Tu\"},{\"col1\":\"viola\",\"col2\":\"Miks Silis\"},{\"col1\":\"cello\",\"col2\":\"Sunghan Seung\"},{\"col1\":\"contrabass\",\"col2\":\"Maurice Todd\"}],\"12\":[\"176\",\"172\",\"168\",\"164\"],\"10\":\"\",\"14\":\"2000\"}}', '2013-08-26 21:36:20', '2013-08-26 21:36:20', '9382daef-84cd-4c3d-96c7-488b64101d9c'),
 ('157', '152', '3', '1', 'en_us', NULL, '{\"authorId\":\"1\",\"title\":\"Colors of Clouds-Empty Temple\",\"slug\":\"colors-of-clouds-empty-temple\",\"postDate\":1377551520,\"expiryDate\":null,\"enabled\":1,\"fields\":{\"43\":\"n\",\"4\":[\"149\",\"150\"],\"41\":[\"151\"],\"3\":\"<p>\\r\\n\\t \\\"Cloud Colors\\\" contains 12 small piece. Each single pieces represents different atmosphere, the diversity of the colors of clouds, like open 12 doors of 12 moments.\\r\\n<\\/p>\",\"8\":\"0:47\",\"7\":[{\"col1\":\"bassoon\"},{\"col1\":\"2 violins\"},{\"col1\":\"viola\"},{\"col1\":\"cello\"},{\"col1\":\"contrabass\"}],\"11\":\"audio\",\"9\":[{\"col1\":\"composer\",\"col2\":\"Hsin-Lei Chen\"},{\"col1\":\"bassoon\",\"col2\":\"Christopher Sales\"},{\"col1\":\"violin\",\"col2\":\"Gao Can and Kaun Chang Tu\"},{\"col1\":\"viola\",\"col2\":\"Miks Silis\"},{\"col1\":\"cello\",\"col2\":\"Sunghan Seung\"},{\"col1\":\"contrabass\",\"col2\":\"Maurice Todd\"}],\"12\":[\"176\",\"172\",\"168\",\"164\"],\"10\":\"\",\"14\":\"2000\"}}', '2013-08-26 21:36:33', '2013-08-26 21:36:33', '07579069-4d3e-4bed-808f-e7e42440acb9'),
 ('158', '156', '3', '1', 'en_us', NULL, '{\"authorId\":\"1\",\"title\":\"Colors of Clouds-Floating Air\",\"slug\":\"colors-of-clouds-floating-air\",\"postDate\":1377551760,\"expiryDate\":null,\"enabled\":1,\"fields\":{\"43\":\"n\",\"4\":[\"153\",\"154\"],\"41\":[\"155\"],\"3\":\"<p>\\r\\n\\t \\\"Cloud Colors\\\" contains 12 small piece. Each single pieces represents different atmosphere, the diversity of the colors of clouds, like open 12 doors of 12 moments.\\r\\n<\\/p>\",\"8\":\"0:29\",\"7\":[{\"col1\":\"bassoon\"},{\"col1\":\"2 violins\"},{\"col1\":\"viola\"},{\"col1\":\"cello\"},{\"col1\":\"contrabass\"}],\"11\":\"audio\",\"9\":[{\"col1\":\"composer\",\"col2\":\"Hsin-Lei Chen\"},{\"col1\":\"bassoon\",\"col2\":\"Christopher Sales\"},{\"col1\":\"violin\",\"col2\":\"Gao Can and Kaun Chang Tu\"},{\"col1\":\"viola\",\"col2\":\"Miks Silis\"},{\"col1\":\"cello\",\"col2\":\"Sunghan Seung\"},{\"col1\":\"contrabass\",\"col2\":\"Maurice Todd\"}],\"12\":[\"176\",\"172\",\"168\",\"164\"],\"10\":\"\",\"14\":\"2000\"}}', '2013-08-26 21:36:46', '2013-08-26 21:36:46', 'e049553c-3953-4669-b33e-adff9dba5206'),
 ('159', '26', '3', '1', 'en_us', NULL, '{\"authorId\":\"1\",\"title\":\"in the darkest night we sing\",\"slug\":\"in-the-darkest-night-we-sing\",\"postDate\":1371700200,\"expiryDate\":null,\"enabled\":1,\"fields\":{\"43\":\"n\",\"4\":[\"28\",\"27\"],\"41\":[\"39\"],\"3\":\"\",\"8\":\"8:14\",\"7\":[{\"col1\":\"Marimba\"},{\"col1\":\"Harp\"}],\"11\":\"audio\",\"9\":[{\"col1\":\"Marimba\",\"col2\":\"Brian Graiser\"},{\"col1\":\"Harp\",\"col2\":\"Liya Huang\"}],\"10\":\"\",\"14\":\"2012\"}}', '2013-08-26 21:41:23', '2013-08-26 21:41:23', '9d30beb4-7153-4dcb-9716-f402d9ee2e16'),
 ('160', '55', '2', '1', 'en_us', NULL, '{\"authorId\":\"1\",\"title\":\"Chamber\",\"slug\":\"chamber\",\"postDate\":1377518460,\"expiryDate\":null,\"enabled\":1,\"fields\":{\"40\":[\"53\"],\"13\":[\"65\",\"132\",\"136\",\"140\",\"144\",\"148\",\"152\",\"156\",\"160\",\"164\",\"168\",\"172\",\"176\",\"26\"]}}', '2013-08-26 21:41:38', '2013-08-26 21:41:38', 'cece98ce-01ea-4018-8b99-ce3300245460'),
 ('161', '180', '3', '1', 'en_us', NULL, '{\"authorId\":\"1\",\"title\":\"Rustling Leaves\",\"slug\":\"rustling-leaves\",\"postDate\":1377554034,\"expiryDate\":null,\"enabled\":1,\"fields\":{\"43\":\"n\",\"4\":[\"178\",\"177\"],\"41\":[\"179\"],\"3\":\"<p>\\r\\n\\tIn Rustling Leaves I am trying to depict the sound of leaves. The music is about the special experience of the great nature.  These is a mandarin term that I could not understand, which is \\u201c\\u5c71\\u6fe4\\u201d. It means \\u201cmountain waves\\u201d. Until one day, I went to a park. I was surrounded by trees. While wind was blowing, the sound of leaves was almost like ocean\\u2019s waves. For a moment, I thought that I am by the beach. The only difference was that the \\u201cwaves\\u201d actually go thought my body. I felt like that I am floating in the air with the ebb and flow. Up and down, up and down\\u2026\\r\\n<\\/p>\",\"8\":\"9:42\",\"7\":[{\"col1\":\"violin\"},{\"col1\":\"viola\"}],\"11\":\"audio\",\"9\":[{\"col1\":\"composer\",\"col2\":\"Hsin-Lei Chen\"},{\"col1\":\"violin\",\"col2\":\"Nick Naegele\"},{\"col1\":\"viola\",\"col2\":\"Momchil Monchev\"}],\"10\":\"\",\"14\":\"1998\"}}', '2013-08-26 21:53:54', '2013-08-26 21:53:54', 'a7404f5b-8050-4e4d-9284-bb048df92ea9'),
 ('162', '55', '2', '1', 'en_us', NULL, '{\"authorId\":\"1\",\"title\":\"Chamber\",\"slug\":\"chamber\",\"postDate\":1377518460,\"expiryDate\":null,\"enabled\":1,\"fields\":{\"40\":[\"53\"],\"13\":[\"65\",\"132\",\"136\",\"140\",\"144\",\"148\",\"152\",\"156\",\"160\",\"164\",\"168\",\"172\",\"176\",\"26\",\"180\"]}}', '2013-08-26 21:54:09', '2013-08-26 21:54:09', 'c20dcf3b-a60e-4ea6-9d18-4549c89e52e9'),
 ('163', '26', '3', '1', 'en_us', NULL, '{\"authorId\":\"1\",\"title\":\"In the Darkest Night, We SIng......\",\"slug\":\"in-the-darkest-night-we-sing\",\"postDate\":1371700200,\"expiryDate\":null,\"enabled\":1,\"fields\":{\"43\":\"n\",\"4\":[\"28\",\"27\"],\"41\":[\"39\"],\"3\":\"\",\"8\":\"8:14\",\"7\":[{\"col1\":\"Marimba\"},{\"col1\":\"Harp\"}],\"11\":\"audio\",\"9\":[{\"col1\":\"Marimba\",\"col2\":\"Brian Graiser\"},{\"col1\":\"Harp\",\"col2\":\"Liya Huang\"}],\"10\":\"\",\"14\":\"2012\"}}', '2013-08-26 21:54:40', '2013-08-26 21:54:40', 'b6fab467-6554-4b9d-9dba-cafd9ea32c6e'),
 ('164', '26', '3', '1', 'en_us', NULL, '{\"authorId\":\"1\",\"title\":\"In the Darkest Night, We Sing......\",\"slug\":\"in-the-darkest-night-we-sing\",\"postDate\":1371700200,\"expiryDate\":null,\"enabled\":1,\"fields\":{\"43\":\"n\",\"4\":[\"28\",\"27\"],\"41\":[\"39\"],\"3\":\"\",\"8\":\"8:14\",\"7\":[{\"col1\":\"Marimba\"},{\"col1\":\"Harp\"}],\"11\":\"audio\",\"9\":[{\"col1\":\"Marimba\",\"col2\":\"Brian Graiser\"},{\"col1\":\"Harp\",\"col2\":\"Liya Huang\"}],\"10\":\"\",\"14\":\"2012\"}}', '2013-08-26 21:55:11', '2013-08-26 21:55:11', 'fd21560f-4a00-4268-ad38-c3f563060255'),
 ('165', '184', '3', '1', 'en_us', NULL, '{\"authorId\":\"1\",\"title\":\"In THE Love\",\"slug\":\"in-the-love\",\"postDate\":1377554575,\"expiryDate\":null,\"enabled\":1,\"fields\":{\"43\":\"n\",\"4\":[\"182\",\"181\"],\"41\":[\"183\"],\"3\":\"<p>\\r\\n\\tLove is not to die for, not to possess, but to let it be. No matter in love or losing one, you should set the other free.\\r\\n<\\/p>\",\"8\":\"6:44\",\"7\":[{\"col1\":\"violin\"},{\"col1\":\"cello\"},{\"col1\":\"piano\"}],\"11\":\"audio\",\"9\":[{\"col1\":\"composer\",\"col2\":\"Hsin-Lei Chen\"},{\"col1\":\"violin\",\"col2\":\"Jingye Zhang\"},{\"col1\":\"cello\",\"col2\":\"Song Zhao\"},{\"col1\":\"piano\",\"col2\":\"Jia Lin Zhang\"}],\"10\":\"\",\"14\":\"2011\"}}', '2013-08-26 22:02:55', '2013-08-26 22:02:55', '7985c6c0-69ec-4af0-b1ac-eea9277e14fe'),
 ('166', '55', '2', '1', 'en_us', NULL, '{\"authorId\":\"1\",\"title\":\"Chamber\",\"slug\":\"chamber\",\"postDate\":1377518460,\"expiryDate\":null,\"enabled\":1,\"fields\":{\"40\":[\"53\"],\"13\":[\"65\",\"132\",\"136\",\"140\",\"144\",\"148\",\"152\",\"156\",\"160\",\"164\",\"168\",\"172\",\"176\",\"26\",\"180\",\"184\"]}}', '2013-08-26 22:03:13', '2013-08-26 22:03:13', '2246a1ad-2a4f-444d-91f6-dd718afaace3'),
 ('167', '188', '3', '1', 'en_us', NULL, '{\"authorId\":\"1\",\"title\":\"The Glance\",\"slug\":\"the-glance\",\"postDate\":1377611567,\"expiryDate\":null,\"enabled\":1,\"fields\":{\"43\":\"n\",\"4\":[\"185\",\"186\"],\"41\":[\"187\"],\"3\":\"<p>\\r\\n\\tStarts with the beginning of a pop song, \\\"Because of the glance of you among people, I can\'t forget your face.\\\" After the glance, you are stuck. Everything is already written; is destined. I was a very rational; love life was never my priority. Thus I could not understand Johannes Brahms\' love to the one woman through out life. Until I met a person, i realized that staying quietly beside Clara might have been the only thing Brahms wished for. I love this person more and more, day by day. The happier I felt; the more painful I experienced.\\r\\n<\\/p>\\r\\n<p>\\r\\n\\tThe piece describes the contrasts in between the extreme emotions, from tonal to atonal;  from purity to density; from rational to emotional. Life is a process of repeating and circulating, however, every time, it does not go back to exactly same place; it changes a little.\\r\\n<\\/p>\\r\\n<p>\\r\\n\\tThe piece ends in E major, which is a major this higher than the beginning. It contains quotation another pop song, At Least I Have You, \\\"I am afraid that it\'s gonna be too late, and I am going to hold you tight\\\", which is symbolization of sublime.\\r\\n<\\/p>\\r\\n<p>\\r\\n\\tNo matter what, I am thankful that I loved.\\r\\n<\\/p>\",\"8\":\"5:14\",\"7\":[{\"col1\":\"violin\"},{\"col1\":\"cello\"},{\"col1\":\"piano\"}],\"11\":\"audio\",\"9\":[{\"col1\":\"composer\",\"col2\":\"Hsin-Lei Chen\"}],\"10\":\"\",\"14\":\"2008\"}}', '2013-08-27 13:52:48', '2013-08-27 13:52:48', '1191ed58-59e3-4d29-aee6-3e94d0b4b354'),
 ('168', '55', '2', '1', 'en_us', NULL, '{\"authorId\":\"1\",\"title\":\"Chamber\",\"slug\":\"chamber\",\"postDate\":1377518460,\"expiryDate\":null,\"enabled\":1,\"fields\":{\"40\":[\"53\"],\"13\":[\"65\",\"132\",\"136\",\"140\",\"144\",\"148\",\"152\",\"156\",\"160\",\"164\",\"168\",\"172\",\"176\",\"26\",\"180\",\"184\",\"188\"]}}', '2013-08-27 13:52:59', '2013-08-27 13:52:59', 'c2f92311-9556-427c-8d24-8ac1273a867f'),
 ('169', '192', '3', '1', 'en_us', NULL, '{\"authorId\":\"1\",\"title\":\"Immaculate Snow\",\"slug\":\"immaculate-snow\",\"postDate\":1377611759,\"expiryDate\":null,\"enabled\":1,\"fields\":{\"43\":\"n\",\"4\":[\"189\",\"190\"],\"41\":[\"191\"],\"3\":\"<p>\\r\\n\\tThe title in Chinese means \\\"the lean air and light after thunderstorm or snowstorm.\\\" Deeper meaning is about being calm in this material world.\\r\\n<\\/p>\\r\\n<p>\\r\\n\\tI was inspired by the last snow in Beijing. It snowed heavily. The snow\'s crystal was very light and large, so it looks like feather. I was standing in front of a huge glass. The snow was so light so it flowed in the air sometimes up towards the sky. I felt like that I was in a glass snow ball. The snow leaned up the city and covered every noise. The world was full of tranquility.\\r\\n<\\/p>\",\"8\":\"7:23\",\"7\":[{\"col1\":\"string quartet\"}],\"11\":\"audio\",\"9\":[{\"col1\":\"composer\",\"col2\":\"Hsin-Lei Chen\"},{\"col1\":\"violin\",\"col2\":\"Can Gao and YaJing Su\"},{\"col1\":\"viola\",\"col2\":\"WenTing Kang\"},{\"col1\":\"cello\",\"col2\":\"YiChen Yang\"}],\"10\":\"\",\"14\":\"2004\"}}', '2013-08-27 13:55:59', '2013-08-27 13:55:59', 'b635cb9a-4d87-42dd-8e07-0d7ea98eea75'),
 ('170', '55', '2', '1', 'en_us', NULL, '{\"authorId\":\"1\",\"title\":\"Chamber\",\"slug\":\"chamber\",\"postDate\":1377518460,\"expiryDate\":null,\"enabled\":1,\"fields\":{\"40\":[\"53\"],\"13\":[\"65\",\"132\",\"136\",\"140\",\"144\",\"148\",\"152\",\"156\",\"160\",\"164\",\"168\",\"172\",\"176\",\"26\",\"180\",\"184\",\"188\",\"192\"]}}', '2013-08-27 13:56:08', '2013-08-27 13:56:08', 'cbd81ef1-0ca4-4869-b472-cf670232485f'),
 ('171', '196', '3', '1', 'en_us', NULL, '{\"authorId\":\"1\",\"title\":\"Lurching Ambush from All Directions\",\"slug\":\"lurching-ambush-from-all-directions\",\"postDate\":1377611949,\"expiryDate\":null,\"enabled\":1,\"fields\":{\"43\":\"n\",\"4\":[\"194\",\"193\"],\"41\":[\"195\"],\"3\":\"<p>\\r\\n\\tBased on a traditional pipa work.\\r\\n<\\/p>\",\"8\":\"7:56\",\"7\":[{\"col1\":\"string quartet\"}],\"11\":\"audio\",\"9\":[{\"col1\":\"composer\",\"col2\":\"Hsin-Lei Chen\"},{\"col1\":\"string quartet\",\"col2\":\"Marco POLO string Quartet, Yabing Tan, Yang Liu, Qing Li and Hao Yu Wang\"}],\"10\":\"\",\"14\":\"\"}}', '2013-08-27 13:59:09', '2013-08-27 13:59:09', '99e11cb3-974a-4d07-a82a-ad7a20855b5b'),
 ('172', '55', '2', '1', 'en_us', NULL, '{\"authorId\":\"1\",\"title\":\"Chamber\",\"slug\":\"chamber\",\"postDate\":1377518460,\"expiryDate\":null,\"enabled\":1,\"fields\":{\"40\":[\"53\"],\"13\":[\"65\",\"132\",\"136\",\"140\",\"144\",\"148\",\"152\",\"156\",\"160\",\"164\",\"168\",\"172\",\"176\",\"26\",\"180\",\"184\",\"188\",\"192\",\"196\"]}}', '2013-08-27 13:59:19', '2013-08-27 13:59:19', '448885da-faa9-4250-96ab-78e24e1e7356'),
 ('173', '200', '3', '1', 'en_us', NULL, '{\"authorId\":\"1\",\"title\":\"Mvt. I, Mei, Lan-Fang\",\"slug\":\"mvt-i-mei-lan-fang\",\"postDate\":1377612125,\"expiryDate\":null,\"enabled\":1,\"fields\":{\"43\":\"n\",\"4\":[\"197\",\"198\"],\"41\":[\"199\"],\"3\":\"<p>\\r\\n\\tThe main character of Chinese opera stands on the stage.\\r\\n<\\/p>\",\"8\":\"5:15\",\"7\":[{\"col1\":\"string quartet\"}],\"11\":\"audio\",\"9\":[{\"col1\":\"composer\",\"col2\":\"Hsin-Lei Chen\"},{\"col1\":\"vioin\",\"col2\":\"Pei-yun Hsiao and Kai-si Fan\"},{\"col1\":\"viola\",\"col2\":\"Jun-Yan Lai\"},{\"col1\":\"cello\",\"col2\":\"Peng-yun Hsu\"}],\"10\":\"\",\"14\":\"2006\"}}', '2013-08-27 14:02:05', '2013-08-27 14:02:05', '00eddb76-1c34-4af1-a17c-345007f35976'),
 ('174', '204', '3', '1', 'en_us', NULL, '{\"authorId\":\"1\",\"title\":\"Mvt. II, Recitative\",\"slug\":\"mvt-ii-recitative\",\"postDate\":1377612256,\"expiryDate\":null,\"enabled\":1,\"fields\":{\"43\":\"n\",\"4\":[\"201\",\"202\"],\"41\":[\"203\"],\"3\":\"<p>\\r\\n\\tIn the dark and empty theater, after taking off the oil cosmetics and mask for the character in Chinese opera, a person sits there; aspirates; breath and hum.\\r\\n<\\/p>\",\"8\":\"4:52\",\"7\":[{\"col1\":\"string quartet\"}],\"11\":\"audio\",\"9\":[{\"col1\":\"composer\",\"col2\":\"Hsin-Lei Chen\"},{\"col1\":\"vioin\",\"col2\":\"Pei-yun Hsiao and Kai-si Fan\"},{\"col1\":\"viola\",\"col2\":\"Jun-Yan Lai\"},{\"col1\":\"cello\",\"col2\":\"Peng-yun Hsu\"}],\"10\":\"\",\"14\":\"2006\"}}', '2013-08-27 14:04:17', '2013-08-27 14:04:17', 'ed771ae1-a2ee-4c4a-9a5d-75005601c586'),
 ('175', '55', '2', '1', 'en_us', NULL, '{\"authorId\":\"1\",\"title\":\"Chamber\",\"slug\":\"chamber\",\"postDate\":1377518460,\"expiryDate\":null,\"enabled\":1,\"fields\":{\"40\":[\"53\"],\"13\":[\"65\",\"132\",\"136\",\"140\",\"144\",\"148\",\"152\",\"156\",\"160\",\"164\",\"168\",\"172\",\"176\",\"26\",\"180\",\"184\",\"188\",\"192\",\"196\",\"200\",\"204\"]}}', '2013-08-27 14:04:38', '2013-08-27 14:04:38', '7f3acefb-6fb8-44d4-8a81-b3cbda5acc73'),
 ('176', '196', '3', '1', 'en_us', NULL, '{\"authorId\":\"1\",\"title\":\"Lurching Ambush from All Directions\",\"slug\":\"lurching-ambush-from-all-directions\",\"postDate\":1377611940,\"expiryDate\":null,\"enabled\":1,\"fields\":{\"43\":\"n\",\"4\":[\"194\",\"193\"],\"41\":[\"195\"],\"3\":\"<p>\\r\\n\\t Based on a traditional pipa work.\\r\\n<\\/p>\",\"8\":\"7:56\",\"7\":[{\"col1\":\"string quartet\"}],\"11\":\"audio\",\"9\":[{\"col1\":\"composer\",\"col2\":\"Hsin-Lei Chen\"},{\"col1\":\"string quartet\",\"col2\":\"Marco POLO string Quartet, Yabing Tan, Yang Liu, Qing Li and Hao Yu Wang\"}],\"10\":\"\",\"14\":\"2008\"}}', '2013-08-27 14:05:35', '2013-08-27 14:05:35', '0cfd37fe-bce3-4723-a302-3170d356d003'),
 ('177', '208', '3', '1', 'en_us', NULL, '{\"authorId\":\"1\",\"title\":\"Ink Painting\",\"slug\":\"ink-painting\",\"postDate\":1377612622,\"expiryDate\":null,\"enabled\":1,\"fields\":{\"43\":\"n\",\"4\":[\"205\",\"206\"],\"41\":[\"207\"],\"3\":\"<p>\\r\\n\\tEach single instrument of the quartet represents a basic nature element. first violin is the fire of war (fire), second violin is the wind in forest (wind), viola is the deep ocean (water), and cello is the shifting sands of desert (earth).\\r\\n<\\/p>\",\"8\":\"14:32\",\"7\":[{\"col1\":\"string quartet\"},{\"col1\":\"orchestra\"}],\"11\":\"audio\",\"9\":[{\"col1\":\"composer\",\"col2\":\"Hsin-Lei Chen\"},{\"col1\":\"conductor\",\"col2\":\"Mark Gibson\"},{\"col1\":\"violin\",\"col2\":\"Gao Can and Kuan Chang Tu\"},{\"col1\":\"viola\",\"col2\":\"Yan-ting Wu\"},{\"col1\":\"cello\",\"col2\":\"Chang Pan\"}],\"10\":\"\",\"14\":\"2011\"}}', '2013-08-27 14:10:23', '2013-08-27 14:10:23', '4bb6a5f1-d671-4a04-8da3-cea159f91657'),
 ('178', '56', '2', '1', 'en_us', NULL, '{\"authorId\":\"1\",\"title\":\"Orchestra\",\"slug\":\"orchestra\",\"postDate\":1377518520,\"expiryDate\":null,\"enabled\":1,\"fields\":{\"40\":[\"53\"],\"13\":[\"71\",\"208\"]}}', '2013-08-27 14:10:32', '2013-08-27 14:10:32', '1ec71963-dffb-4845-a4c4-9f13043788eb'),
 ('179', '212', '3', '1', 'en_us', NULL, '{\"authorId\":\"1\",\"title\":\"Tinkly Jade\",\"slug\":\"tinkly-jade\",\"postDate\":1377612856,\"expiryDate\":null,\"enabled\":1,\"fields\":{\"43\":\"n\",\"4\":[\"209\",\"210\"],\"41\":[\"211\"],\"3\":\"<p>\\r\\n\\tIn an empty palace that is so quiet, even the tinkling sound of jade hung on concubine\'s belt can be heard easily.\\r\\n<\\/p>\",\"8\":\"10:19\",\"7\":[{\"col1\":\"marimba\"},{\"col1\":\"string quartet\"}],\"11\":\"audio\",\"9\":[{\"col1\":\"composer\",\"col2\":\"Hsin-Lei Chen\"},{\"col1\":\"conductor\",\"col2\":\"Jingye Zhang\"},{\"col1\":\"marimba\",\"col2\":\"Bingye Chen\"},{\"col1\":\"string orchestra\",\"col2\":\"EOS orchestra\"}],\"10\":\"\",\"14\":\"2007\"}}', '2013-08-27 14:14:17', '2013-08-27 14:14:17', 'f26b1f6d-e7ef-445f-b918-d265415bb1f8'),
 ('180', '56', '2', '1', 'en_us', NULL, '{\"authorId\":\"1\",\"title\":\"Orchestra\",\"slug\":\"orchestra\",\"postDate\":1377518520,\"expiryDate\":null,\"enabled\":1,\"fields\":{\"40\":[\"53\"],\"13\":[\"71\",\"208\",\"212\"]}}', '2013-08-27 14:14:24', '2013-08-27 14:14:24', '9d2e0be6-1694-44d3-8004-f17be0ae98af'),
 ('181', '216', '3', '1', 'en_us', NULL, '{\"authorId\":\"1\",\"title\":\"Ebb and Flow\",\"slug\":\"ebb-and-flow\",\"postDate\":1377613081,\"expiryDate\":null,\"enabled\":1,\"fields\":{\"43\":\"n\",\"4\":[\"213\",\"214\"],\"41\":[\"215\"],\"3\":\"<p>\\r\\n\\tEbb and Flow is inspired by the idea of cause and effect. All things, as well as the sections of this work, start with a strike, and followed by series of effects that create different outcomes. These unpredictable results lead this work to conflict or cohesive sections that create emotional tension to propel the music forward.\\r\\n<\\/p>\\r\\n<p>\\r\\n\\tThe piece is constructed around two groups of pitches \\u2013 C, C<sup>#<\\/sup>, D, D<sup>#<\\/sup>, E, and F<sup>#<\\/sup>, G, G<sup>#<\\/sup>, A, B<sup>b<\\/sup>. They start the work together as a whole, and go apart through out the piece in variation. The sets are presented wholly or partially in forms of pillar chords, melodic components, accompanying forces, and harmonic backdrop. Furthermore, the two sets sometimes compete with each other, and sometimes combine to compliment each other.\\r\\n<\\/p>\\r\\n<p>\\r\\n\\tF and B, the two among the twelve pitches that are not presented in the main pitch materials, play an insignificant role in the composition. They act as the filling of the twelve-tone-chord sonority, but don\\u2019t draw melodic or thematic attention. It is not until the end, after all instruments reach the climax, that the vibraphone hit these two notes strongly to conclude this piece with a satisfying completion of twelve pitches.\\r\\n<\\/p>\",\"8\":\"10:09\",\"7\":[{\"col1\":\"orchestra\"}],\"11\":\"audio\",\"9\":[{\"col1\":\"composer\",\"col2\":\"Hsin-Lei Chen\"},{\"col1\":\"orchestra\",\"col2\":\"Kiev Philoharmonics\"}],\"10\":\"\",\"14\":\"2007\"}}', '2013-08-27 14:18:01', '2013-08-27 14:18:01', '09eeef22-cf96-4806-90c8-932423f3c9ce'),
 ('182', '56', '2', '1', 'en_us', NULL, '{\"authorId\":\"1\",\"title\":\"Orchestra\",\"slug\":\"orchestra\",\"postDate\":1377518520,\"expiryDate\":null,\"enabled\":1,\"fields\":{\"40\":[\"53\"],\"13\":[\"71\",\"208\",\"212\",\"216\"]}}', '2013-08-27 14:18:09', '2013-08-27 14:18:09', '72935a1a-2f76-40a8-bcff-5f4c229d7fe5'),
 ('183', '220', '3', '1', 'en_us', NULL, '{\"authorId\":\"1\",\"title\":\"The Four Immeasurable\",\"slug\":\"the-four-immeasurable\",\"postDate\":1377613291,\"expiryDate\":null,\"enabled\":1,\"fields\":{\"43\":\"n\",\"4\":[\"218\",\"217\"],\"41\":[\"219\"],\"3\":\"<p>\\r\\n\\tWish everything has happiness and the cause of happiness.\\r\\n<\\/p>\\r\\n<p>\\r\\n\\tWish everything has no bitterness and away from the cause of bitterness.\\r\\n<\\/p>\\r\\n<p>\\r\\n\\tWish everything has luck and the cause of luck.\\r\\n<\\/p>\\r\\n<p>\\r\\n\\tWish everything has no hatry, desire, lust and anger.\\r\\n<\\/p>\",\"8\":\"8:28\",\"7\":[{\"col1\":\"soprano\"},{\"col1\":\"alto\"},{\"col1\":\"tenor\"},{\"col1\":\"bass\"},{\"col1\":\"mixed choir\"},{\"col1\":\"orchestra\"}],\"11\":\"audio\",\"9\":[{\"col1\":\"composer\",\"col2\":\"Hsin-Lei Chen\"},{\"col1\":\"conductor\",\"col2\":\"Jun-Chiang Chiu\"},{\"col1\":\"orchestra\",\"col2\":\"Taipei Philharmonics\"}],\"10\":\"\",\"14\":\"2007\"}}', '2013-08-27 14:21:31', '2013-08-27 14:21:31', '2fac8334-25b8-4dec-8a11-0e85bbf9352a'),
 ('184', '56', '2', '1', 'en_us', NULL, '{\"authorId\":\"1\",\"title\":\"Orchestra\",\"slug\":\"orchestra\",\"postDate\":1377518520,\"expiryDate\":null,\"enabled\":1,\"fields\":{\"40\":[\"53\"],\"13\":[\"71\",\"208\",\"212\",\"216\",\"220\"]}}', '2013-08-27 14:21:41', '2013-08-27 14:21:41', 'd46b5a77-eb45-4d82-bc9c-0fc247abbcd4'),
 ('185', '200', '3', '1', 'en_us', NULL, '{\"authorId\":\"1\",\"title\":\"Mvt. I, Mei, Lan-Fang\",\"slug\":\"mvt-i-mei-lan-fang\",\"postDate\":1377612120,\"expiryDate\":null,\"enabled\":1,\"fields\":{\"43\":\"n\",\"4\":[\"197\",\"198\"],\"41\":[\"199\"],\"3\":\"<p>\\r\\n\\t The main character of Chinese opera stands on the stage.\\r\\n<\\/p>\",\"8\":\"5:15\",\"7\":[{\"col1\":\"string quartet\"}],\"11\":\"audio\",\"9\":[{\"col1\":\"composer\",\"col2\":\"Hsin-Lei Chen\"},{\"col1\":\"vioin\",\"col2\":\"Pei-yun Hsiao and Kai-si Fan\"},{\"col1\":\"viola\",\"col2\":\"Jun-Yan Lai\"},{\"col1\":\"cello\",\"col2\":\"Peng-yun Hsu\"}],\"12\":[\"204\"],\"10\":\"\",\"14\":\"2006\"}}', '2013-08-27 14:21:56', '2013-08-27 14:21:56', '1dfbfeb8-b0ac-4361-ae96-e4eb35eb410f'),
 ('186', '204', '3', '1', 'en_us', NULL, '{\"authorId\":\"1\",\"title\":\"Mvt. II, Recitative\",\"slug\":\"mvt-ii-recitative\",\"postDate\":1377612240,\"expiryDate\":null,\"enabled\":1,\"fields\":{\"43\":\"n\",\"4\":[\"201\",\"202\"],\"41\":[\"203\"],\"3\":\"<p>\\r\\n\\t In the dark and empty theater, after taking off the oil cosmetics and mask for the character in Chinese opera, a person sits there; aspirates; breath and hum.\\r\\n<\\/p>\",\"8\":\"4:52\",\"7\":[{\"col1\":\"string quartet\"}],\"11\":\"audio\",\"9\":[{\"col1\":\"composer\",\"col2\":\"Hsin-Lei Chen\"},{\"col1\":\"vioin\",\"col2\":\"Pei-yun Hsiao and Kai-si Fan\"},{\"col1\":\"viola\",\"col2\":\"Jun-Yan Lai\"},{\"col1\":\"cello\",\"col2\":\"Peng-yun Hsu\"}],\"12\":[\"200\"],\"10\":\"\",\"14\":\"2006\"}}', '2013-08-27 14:22:06', '2013-08-27 14:22:06', 'caa2ce47-8804-43d5-886d-2c01cd709e1f'),
 ('187', '224', '3', '1', 'en_us', NULL, '{\"authorId\":\"1\",\"title\":\"Long-lived Buddhism Goddess Sutra\",\"slug\":\"long-lived-buddhism-goddess-sutra\",\"postDate\":1377613497,\"expiryDate\":null,\"enabled\":1,\"fields\":{\"43\":\"n\",\"4\":[\"222\",\"221\"],\"41\":[\"223\"],\"3\":\"<p>\\r\\n\\tBuddhism Goddess\\r\\n<\\/p>\\r\\n<p>\\r\\n\\tBuddha\\r\\n<\\/p>\\r\\n<p>\\r\\n\\tAffinity with Her\\r\\n<\\/p>\\r\\n<p>\\r\\n\\tKarma with Her\\r\\n<\\/p>\\r\\n<p>\\r\\n\\tDharma and phase as one\\r\\n<\\/p>\\r\\n<p>\\r\\n\\tHappiness with me\\r\\n<\\/p>\\r\\n<p>\\r\\n\\tIn the morning read Her name\\r\\n<\\/p>\\r\\n<p>\\r\\n\\tIn the twilight think of Her\\r\\n<\\/p>\\r\\n<p>\\r\\n\\tThoughts from heart\\r\\n<\\/p>\\r\\n<p>\\r\\n\\tThoughts with heart\\r\\n<\\/p>\",\"8\":\"3:39\",\"7\":[{\"col1\":\"soprano\"},{\"col1\":\"mixed choir\"},{\"col1\":\"harp\"},{\"col1\":\"string orchestra\"}],\"11\":\"audio\",\"9\":[{\"col1\":\"composer\",\"col2\":\"Hsin-Lei Chen\"},{\"col1\":\"conductor\",\"col2\":\"Jun-Chiang Chiu\"},{\"col1\":\"orchestra\",\"col2\":\"Taipei Philharmonics\"}],\"10\":\"\",\"14\":\"2007\"}}', '2013-08-27 14:24:57', '2013-08-27 14:24:57', '8e37533c-3dcd-48c1-9890-4a45c38c559f'),
 ('188', '56', '2', '1', 'en_us', NULL, '{\"authorId\":\"1\",\"title\":\"Orchestra\",\"slug\":\"orchestra\",\"postDate\":1377518520,\"expiryDate\":null,\"enabled\":1,\"fields\":{\"40\":[\"53\"],\"13\":[\"71\",\"208\",\"212\",\"216\",\"220\",\"224\"]}}', '2013-08-27 14:25:07', '2013-08-27 14:25:07', '224597dc-1bb4-411d-a760-71da971c6ce3'),
 ('189', '228', '3', '1', 'en_us', NULL, '{\"authorId\":\"1\",\"title\":\"\\\"V\\\" to Transformative Lightness of Beings\",\"slug\":\"v-to-transformative-lightness-of-beings\",\"postDate\":1377614037,\"expiryDate\":null,\"enabled\":1,\"fields\":{\"43\":\"n\",\"4\":[\"225\",\"226\"],\"41\":[\"227\"],\"3\":\"<p>\\r\\n\\tMaestro Hu, Yongyen told me, \\\"Hsin-Lei, give me Wagner. We want Wagner.\\\" And I though, \\\"It\'s about time to go back to German style.\\\"\\r\\n<\\/p>\\r\\n<p>\\r\\n\\tThis piece is inspired by Wagner\'s Valkyrie, and quoted many leitmotivs.\\r\\n<\\/p>\\r\\n<p>\\r\\n\\tWagner\'s aesthetics to war, violence, destroy and the pleasant comes afterwards are too excitingly brutal for me to accept. There is no fatherly-kind reliable and warm spirit in the opera; it\'s restless. It\'s reality. It\'s way too close to us. After being through the delicatly-processed agony and force, here comes the hope and eager for piece.\\r\\n<\\/p>\\r\\n<p>\\r\\n\\tBeethoven\'s motive, orchestration, phrasing and chord is the foundation of this piece. If Wagner is the deep ocean that can swallow and destroy everything, Beethoven is the broad sea that give the world life. With Beethoven\'s spirit, there is courage to floor in the waves of thunderstorm.\\r\\n<\\/p>\\r\\n<p>\\r\\n\\tThis piece is about struggling. Struggle in between hope and desperation, against lust and desire like black hole of humanity, and yet, after everything have been through, still peruse the brightness, the reflection of sun, the light of the promise land.\\r\\n<\\/p>\",\"8\":\"19:24\",\"7\":[{\"col1\":\"orchestra\"}],\"11\":\"audio\",\"9\":[{\"col1\":\"composer\",\"col2\":\"Hsin-Lei Chen\"},{\"col1\":\"conductor\",\"col2\":\"Xu, Zhi Lian\"},{\"col1\":\"orchestra\",\"col2\":\"EOS orchestra\"}],\"10\":\"\",\"14\":\"2005\"}}', '2013-08-27 14:33:57', '2013-08-27 14:33:57', '1fdd4dc4-add1-4e1c-9ccd-802bc54553cd'),
 ('190', '56', '2', '1', 'en_us', NULL, '{\"authorId\":\"1\",\"title\":\"Orchestra\",\"slug\":\"orchestra\",\"postDate\":1377518520,\"expiryDate\":null,\"enabled\":1,\"fields\":{\"40\":[\"53\"],\"13\":[\"71\",\"208\",\"212\",\"216\",\"220\",\"224\",\"228\"]}}', '2013-08-27 14:34:09', '2013-08-27 14:34:09', '2dc39289-8f39-4325-a88c-12e82d150253'),
 ('191', '232', '3', '1', 'en_us', NULL, '{\"authorId\":\"1\",\"title\":\"Deep - Movement 1\",\"slug\":\"deep-movement-1\",\"postDate\":1377614346,\"expiryDate\":null,\"enabled\":1,\"fields\":{\"43\":\"n\",\"4\":[\"230\",\"229\"],\"41\":[\"231\"],\"3\":\"\",\"8\":\"2:25\",\"7\":[{\"col1\":\"violin solo\"},{\"col1\":\"orchestra\"}],\"11\":\"audio\",\"9\":[{\"col1\":\"composer\",\"col2\":\"Hsin-Lei Chen\"},{\"col1\":\"conductor\",\"col2\":\"Dong Jie Chuang\"},{\"col1\":\"violin\",\"col2\":\"Kuan Chang Tu\"},{\"col1\":\"orchestra\",\"col2\":\"University of Cincinnati, College-Conservatory of Music, Concert Orchestra\"}],\"10\":\"\",\"14\":\"2009\"}}', '2013-08-27 14:39:06', '2013-08-27 14:39:06', '5dcd3242-9d7d-484b-9fab-746e6c56f509'),
 ('192', '56', '2', '1', 'en_us', NULL, '{\"authorId\":\"1\",\"title\":\"Orchestra\",\"slug\":\"orchestra\",\"postDate\":1377518520,\"expiryDate\":null,\"enabled\":1,\"fields\":{\"40\":[\"53\"],\"13\":[\"71\",\"208\",\"212\",\"216\",\"220\",\"224\",\"228\",\"232\"]}}', '2013-08-27 14:39:16', '2013-08-27 14:39:16', '52af8ab4-198a-42b3-ac1b-a02d2e4ebfc2'),
 ('193', '232', '3', '1', 'en_us', NULL, '{\"authorId\":\"1\",\"title\":\"Deep - Movement 1 \\\"Deep\\\"\",\"slug\":\"deep-movement-1\",\"postDate\":1377614340,\"expiryDate\":null,\"enabled\":1,\"fields\":{\"43\":\"n\",\"4\":[\"230\",\"229\"],\"41\":[\"231\"],\"3\":\"\",\"8\":\"2:25\",\"7\":[{\"col1\":\"violin solo\"},{\"col1\":\"orchestra\"}],\"11\":\"audio\",\"9\":[{\"col1\":\"composer\",\"col2\":\"Hsin-Lei Chen\"},{\"col1\":\"conductor\",\"col2\":\"Dong Jie Chuang\"},{\"col1\":\"violin\",\"col2\":\"Kuan Chang Tu\"},{\"col1\":\"orchestra\",\"col2\":\"University of Cincinnati, College-Conservatory of Music, Concert Orchestra\"}],\"10\":\"\",\"14\":\"2009\"}}', '2013-08-27 14:39:57', '2013-08-27 14:39:57', '66aee772-5354-4f06-9a4d-2d22d2fb43f9'),
 ('194', '236', '3', '1', 'en_us', NULL, '{\"authorId\":\"1\",\"title\":\"Deep - Movement 2 \\\"Lament\\\"\",\"slug\":\"deep-movement-2-lament\",\"postDate\":1377615031,\"expiryDate\":null,\"enabled\":1,\"fields\":{\"43\":\"n\",\"4\":[\"234\",\"233\"],\"41\":[\"235\"],\"3\":\"\",\"8\":\"6:58\",\"7\":[{\"col1\":\"violin solo\"},{\"col1\":\"orchestra\"}],\"11\":\"audio\",\"9\":[{\"col1\":\"composer\",\"col2\":\"Hsin-Lei Chen\"},{\"col1\":\"conductor\",\"col2\":\"Dong Jie Chuang\"},{\"col1\":\"violin\",\"col2\":\"Kuan Chang Tu\"},{\"col1\":\"orchestra\",\"col2\":\"University of Cincinnati, College-Conservatory of Music, Concert Orchestra\"}],\"10\":\"\",\"14\":\"2009\"}}', '2013-08-27 14:50:31', '2013-08-27 14:50:31', '7486c158-8d26-430e-8acd-942fb227ecbb'),
 ('195', '56', '2', '1', 'en_us', NULL, '{\"authorId\":\"1\",\"title\":\"Orchestra\",\"slug\":\"orchestra\",\"postDate\":1377518520,\"expiryDate\":null,\"enabled\":1,\"fields\":{\"40\":[\"53\"],\"13\":[\"71\",\"208\",\"212\",\"216\",\"220\",\"224\",\"228\",\"232\",\"236\"]}}', '2013-08-27 14:50:48', '2013-08-27 14:50:48', '7d81b5e6-a3a1-414d-b687-cd3159d53116'),
 ('196', '240', '3', '1', 'en_us', NULL, '{\"authorId\":\"1\",\"title\":\"Deep - Movement 3 \\\"Agony\\\"\",\"slug\":\"deep-movement-3-agony\",\"postDate\":1377615283,\"expiryDate\":null,\"enabled\":1,\"fields\":{\"43\":\"n\",\"4\":[\"238\",\"237\"],\"41\":[\"239\"],\"3\":\"\",\"8\":\"3:21\",\"7\":[{\"col1\":\"violin solo\"},{\"col1\":\"orchestra\"}],\"11\":\"audio\",\"9\":[{\"col1\":\"composer\",\"col2\":\"Hsin-Lei Chen\"},{\"col1\":\"conductor\",\"col2\":\"Dong Jie Chuang\"},{\"col1\":\"violin\",\"col2\":\"Kuan Chang Tu\"},{\"col1\":\"orchestra\",\"col2\":\"University of Cincinnati, College-Conservatory of Music, Concert Orchestra\"}],\"10\":\"\",\"14\":\"2009\"}}', '2013-08-27 14:54:43', '2013-08-27 14:54:43', '5a5af234-f327-4e9c-bf07-0ae5e5f20f32'),
 ('197', '56', '2', '1', 'en_us', NULL, '{\"authorId\":\"1\",\"title\":\"Orchestra\",\"slug\":\"orchestra\",\"postDate\":1377518520,\"expiryDate\":null,\"enabled\":1,\"fields\":{\"40\":[\"53\"],\"13\":[\"71\",\"208\",\"212\",\"216\",\"220\",\"224\",\"228\",\"232\",\"236\",\"240\"]}}', '2013-08-27 14:54:53', '2013-08-27 14:54:53', '1854344b-6550-4889-9699-c7c273ee92bb'),
 ('198', '232', '3', '1', 'en_us', NULL, '{\"authorId\":\"1\",\"title\":\"Deep - Mvt.I \\\"Deep\\\"\",\"slug\":\"deep-movement-1\",\"postDate\":1377614340,\"expiryDate\":null,\"enabled\":1,\"fields\":{\"43\":\"n\",\"4\":[\"230\",\"229\"],\"41\":[\"231\"],\"3\":\"\",\"8\":\"2:25\",\"7\":[{\"col1\":\"violin solo\"},{\"col1\":\"orchestra\"}],\"11\":\"audio\",\"9\":[{\"col1\":\"composer\",\"col2\":\"Hsin-Lei Chen\"},{\"col1\":\"conductor\",\"col2\":\"Dong Jie Chuang\"},{\"col1\":\"violin\",\"col2\":\"Kuan Chang Tu\"},{\"col1\":\"orchestra\",\"col2\":\"University of Cincinnati, College-Conservatory of Music, Concert Orchestra\"}],\"12\":[\"236\",\"240\"],\"10\":\"\",\"14\":\"2009\"}}', '2013-08-27 14:55:27', '2013-08-27 14:55:27', '4e53c0f2-69e2-4a0c-babf-0665f29169a0'),
 ('199', '236', '3', '1', 'en_us', NULL, '{\"authorId\":\"1\",\"title\":\"Deep - Mvt.II \\\"Lament\\\"\",\"slug\":\"deep-movement-2-lament\",\"postDate\":1377615000,\"expiryDate\":null,\"enabled\":1,\"fields\":{\"43\":\"n\",\"4\":[\"234\",\"233\"],\"41\":[\"235\"],\"3\":\"\",\"8\":\"6:58\",\"7\":[{\"col1\":\"violin solo\"},{\"col1\":\"orchestra\"}],\"11\":\"audio\",\"9\":[{\"col1\":\"composer\",\"col2\":\"Hsin-Lei Chen\"},{\"col1\":\"conductor\",\"col2\":\"Dong Jie Chuang\"},{\"col1\":\"violin\",\"col2\":\"Kuan Chang Tu\"},{\"col1\":\"orchestra\",\"col2\":\"University of Cincinnati, College-Conservatory of Music, Concert Orchestra\"}],\"12\":[\"232\",\"240\"],\"10\":\"\",\"14\":\"2009\"}}', '2013-08-27 14:55:45', '2013-08-27 14:55:45', '81df4f06-f099-4933-9ebf-5442b2c13ae4'),
 ('200', '240', '3', '1', 'en_us', NULL, '{\"authorId\":\"1\",\"title\":\"Deep - Mvt.III \\\"Agony\\\"\",\"slug\":\"deep-movement-3-agony\",\"postDate\":1377615240,\"expiryDate\":null,\"enabled\":1,\"fields\":{\"43\":\"n\",\"4\":[\"238\",\"237\"],\"41\":[\"239\"],\"3\":\"\",\"8\":\"3:21\",\"7\":[{\"col1\":\"violin solo\"},{\"col1\":\"orchestra\"}],\"11\":\"audio\",\"9\":[{\"col1\":\"composer\",\"col2\":\"Hsin-Lei Chen\"},{\"col1\":\"conductor\",\"col2\":\"Dong Jie Chuang\"},{\"col1\":\"violin\",\"col2\":\"Kuan Chang Tu\"},{\"col1\":\"orchestra\",\"col2\":\"University of Cincinnati, College-Conservatory of Music, Concert Orchestra\"}],\"12\":[\"232\",\"236\"],\"10\":\"\",\"14\":\"2009\"}}', '2013-08-27 14:56:04', '2013-08-27 14:56:04', '69bbd2a3-df08-412f-9840-710383ae9450'),
 ('201', '246', '3', '1', 'en_us', NULL, '{\"authorId\":\"1\",\"title\":\"Fleeting Glimpse\",\"slug\":\"fleeting-glimpse\",\"postDate\":1377616025,\"expiryDate\":null,\"enabled\":1,\"fields\":{\"43\":\"n\",\"4\":[\"244\",\"243\"],\"41\":[\"245\"],\"3\":\"<p>\\r\\n\\tIn a trance;\\r\\n<\\/p>\\r\\n<p>\\r\\n\\tIn between shadow and light;\\r\\n<\\/p>\\r\\n<p>\\r\\n\\tTo the other shore of thoughts,\\r\\n<\\/p>\\r\\n<p>\\r\\n\\tFloating were your teardrops.\\r\\n<\\/p>\",\"8\":\"8:11\",\"7\":[{\"col1\":\"2 pianos\"},{\"col1\":\"string quartet\"}],\"11\":\"audio\",\"9\":[{\"col1\":\"composer\",\"col2\":\"Hsin-Lei Chen\"},{\"col1\":\"conductor\",\"col2\":\"Aikhai Peng\"},{\"col1\":\"piano\",\"col2\":\"Jesse Leong and Rania Ejeilat\"},{\"col1\":\"violin\",\"col2\":\"Lu Li and Chun-Ni Hsieh\"},{\"col1\":\"viola\",\"col2\":\"Emily Voto\"},{\"col1\":\"cello\",\"col2\":\"Clair Yu-Hsuan Yang\"}],\"10\":\"\",\"14\":\"2010\"}}', '2013-08-27 15:07:05', '2013-08-27 15:07:05', 'edd6f7bc-1c66-4c6c-8cd0-7933a4b08b7c'),
 ('202', '57', '2', '1', 'en_us', NULL, '{\"authorId\":\"1\",\"title\":\"Large Ensemble\",\"slug\":\"large-ensemble\",\"postDate\":1377518580,\"expiryDate\":null,\"enabled\":1,\"fields\":{\"40\":[\"53\"],\"13\":[\"73\",\"246\"]}}', '2013-08-27 15:07:15', '2013-08-27 15:07:15', '6f3b957f-5da4-4731-91f3-d5ba4107a765'),
 ('203', '250', '3', '1', 'en_us', NULL, '{\"authorId\":\"1\",\"title\":\"Foreseeing\",\"slug\":\"foreseeing\",\"postDate\":1377616436,\"expiryDate\":null,\"enabled\":1,\"fields\":{\"43\":\"n\",\"4\":[\"248\",\"247\"],\"41\":[\"249\"],\"3\":\"\",\"8\":\"11:26\",\"7\":[{\"col1\":\"flute\"},{\"col1\":\"oboe\"},{\"col1\":\"clarinet in b flat\"},{\"col1\":\"bassoon\"},{\"col1\":\"horn in f\"},{\"col1\":\"trumpet in c\"},{\"col1\":\"trombone\"},{\"col1\":\"percussion\"},{\"col1\":\"piano\"},{\"col1\":\"2 violins\"},{\"col1\":\"viola\"},{\"col1\":\"cello\"},{\"col1\":\"contrabass\"}],\"11\":\"audio\",\"9\":[{\"col1\":\"composer\",\"col2\":\"Hsin-Lei Chen\"},{\"col1\":\"conductor\",\"col2\":\"Jing Huan\"},{\"col1\":\"flute\",\"col2\":\"Valerie Estes\"},{\"col1\":\"oboe\",\"col2\":\"Sara Lynch\"},{\"col1\":\"clarinet\",\"col2\":\"Stephen Savage\"},{\"col1\":\"bassoon\",\"col2\":\"Adam Farmer\"},{\"col1\":\"horn\",\"col2\":\"Anna Leverenz\"},{\"col1\":\"trumpet\",\"col2\":\"Zeynep Cilingir\"},{\"col1\":\"trombone\",\"col2\":\"Gif Waltz\"},{\"col1\":\"percussion\",\"col2\":\"Brad Robinson and Ben Wallace\"},{\"col1\":\"piano\",\"col2\":\"Dan Sato\"},{\"col1\":\"violin\",\"col2\":\"Sophia Attiaga and Kuan-Chang Tu\"},{\"col1\":\"viola\",\"col2\":\"Cara Simpson\"},{\"col1\":\"cello\",\"col2\":\"Journey Son\"},{\"col1\":\"contrabass\",\"col2\":\"Yu-Ling Lee\"}],\"10\":\"\",\"14\":\"2010\"}}', '2013-08-27 15:13:57', '2013-08-27 15:13:57', '1bd12e10-8c1f-4f49-bb93-4fa656af0927'),
 ('204', '57', '2', '1', 'en_us', NULL, '{\"authorId\":\"1\",\"title\":\"Large Ensemble\",\"slug\":\"large-ensemble\",\"postDate\":1377518580,\"expiryDate\":null,\"enabled\":1,\"fields\":{\"40\":[\"53\"],\"13\":[\"73\",\"246\",\"250\"]}}', '2013-08-27 15:14:11', '2013-08-27 15:14:11', 'e431d227-cb7c-488c-805b-fee3a543c904'),
 ('205', '254', '3', '1', 'en_us', NULL, '{\"authorId\":\"1\",\"title\":\"Image, Mirage\",\"slug\":\"image-mirage\",\"postDate\":1377616708,\"expiryDate\":null,\"enabled\":1,\"fields\":{\"43\":\"n\",\"4\":[\"252\",\"251\"],\"41\":[\"253\"],\"3\":\"<p>\\r\\n\\tAfter closing eyes, there are blocks of colors which are reflection of the so-called real world, and gradually, they alter, twist and shift according to imaginations.\\r\\n<\\/p>\",\"8\":\"5:38\",\"7\":[{\"col1\":\"clarinet\"},{\"col1\":\"bassoon\"},{\"col1\":\"2 violins\"},{\"col1\":\"cello\"},{\"col1\":\"contrabass\"}],\"11\":\"audio\",\"9\":[{\"col1\":\"composer\",\"col2\":\"Hsin-Lei Chen\"},{\"col1\":\"clarinet\",\"col2\":\"Alison Mrowka\"},{\"col1\":\"bassoon\",\"col2\":\"Brandon Blankenship\"},{\"col1\":\"violin\",\"col2\":\"Lai Lai Louie and Chi-fan Tsai\"},{\"col1\":\"violoncello\",\"col2\":\"Ren Ariizumi\"},{\"col1\":\"contrabass\",\"col2\":\"Briana Goldberg\"}],\"10\":\"\",\"14\":\"2006\"}}', '2013-08-27 15:18:28', '2013-08-27 15:18:28', 'fdaff9f4-1d80-4e12-9043-b860f15dd0c2'),
 ('206', '57', '2', '1', 'en_us', NULL, '{\"authorId\":\"1\",\"title\":\"Large Ensemble\",\"slug\":\"large-ensemble\",\"postDate\":1377518580,\"expiryDate\":null,\"enabled\":1,\"fields\":{\"40\":[\"53\"],\"13\":[\"73\",\"246\",\"250\",\"254\"]}}', '2013-08-27 15:18:41', '2013-08-27 15:18:41', '6568bc9c-8861-4d06-b8a6-02cfb07993f6'),
 ('207', '258', '3', '1', 'en_us', NULL, '{\"authorId\":\"1\",\"title\":\"Image, Mirage (with sound track)\",\"slug\":\"image-mirage-with-sound-track\",\"postDate\":1377617062,\"expiryDate\":null,\"enabled\":1,\"fields\":{\"43\":\"n\",\"4\":[\"255\",\"256\"],\"41\":[\"257\"],\"3\":\"<p>\\r\\n\\tAfter closing eyes, there are blocks of colors which are reflection of the so-called real world, and gradually, they alter, twist and shift according to imaginations.\\r\\n<\\/p>\",\"8\":\"7:12\",\"7\":[{\"col1\":\"clarinet\"},{\"col1\":\"bassoon\"},{\"col1\":\"2 violins\"},{\"col1\":\"cello\"},{\"col1\":\"contrabass\"},{\"col1\":\"tape\"}],\"11\":\"audio\",\"9\":[{\"col1\":\"composer\",\"col2\":\"Hsin-Lei Chen\"},{\"col1\":\"conductor\",\"col2\":\"Yu-Chung Johnny Ku\"},{\"col1\":\"clarinet\",\"col2\":\"Merlin Von Frankenberg\"},{\"col1\":\"bassoon\",\"col2\":\"Yi-chen Chiu\"},{\"col1\":\"violin\",\"col2\":\"Yen-Ting Wu and Chi-fan Tsai\"},{\"col1\":\"violoncello\",\"col2\":\"Yi-Ching Lee\"},{\"col1\":\"contrabass\",\"col2\":\"Briana Goldberg\"},{\"col1\":\"sound designer\",\"col2\":\"Sun Hee Kil\"}],\"12\":[\"254\"],\"10\":\"\",\"14\":\"2011\"}}', '2013-08-27 15:24:22', '2013-08-27 15:24:22', 'd57207eb-d2a3-4447-a921-01a7f77b48c4'),
 ('208', '57', '2', '1', 'en_us', NULL, '{\"authorId\":\"1\",\"title\":\"Large Ensemble\",\"slug\":\"large-ensemble\",\"postDate\":1377518580,\"expiryDate\":null,\"enabled\":1,\"fields\":{\"40\":[\"53\"],\"13\":[\"73\",\"246\",\"250\",\"254\",\"258\"]}}', '2013-08-27 15:24:33', '2013-08-27 15:24:33', 'e5b6ae4d-2908-478c-8cc5-98b0c126eec3'),
 ('209', '254', '3', '1', 'en_us', NULL, '{\"authorId\":\"1\",\"title\":\"Image, Mirage\",\"slug\":\"image-mirage\",\"postDate\":1377616680,\"expiryDate\":null,\"enabled\":1,\"fields\":{\"43\":\"n\",\"4\":[\"252\",\"251\"],\"41\":[\"253\"],\"3\":\"<p>\\r\\n\\t After closing eyes, there are blocks of colors which are reflection of the so-called real world, and gradually, they alter, twist and shift according to imaginations.\\r\\n<\\/p>\",\"8\":\"5:38\",\"7\":[{\"col1\":\"clarinet\"},{\"col1\":\"bassoon\"},{\"col1\":\"2 violins\"},{\"col1\":\"cello\"},{\"col1\":\"contrabass\"}],\"11\":\"audio\",\"9\":[{\"col1\":\"composer\",\"col2\":\"Hsin-Lei Chen\"},{\"col1\":\"clarinet\",\"col2\":\"Alison Mrowka\"},{\"col1\":\"bassoon\",\"col2\":\"Brandon Blankenship\"},{\"col1\":\"violin\",\"col2\":\"Lai Lai Louie and Chi-fan Tsai\"},{\"col1\":\"violoncello\",\"col2\":\"Ren Ariizumi\"},{\"col1\":\"contrabass\",\"col2\":\"Briana Goldberg\"}],\"12\":[\"258\"],\"10\":\"\",\"14\":\"2006\"}}', '2013-08-27 15:24:46', '2013-08-27 15:24:46', '75c5a744-9009-44db-81b6-46432f1a8428'),
 ('210', '262', '3', '1', 'en_us', NULL, '{\"authorId\":\"1\",\"title\":\"Lost Time\",\"slug\":\"lost-time\",\"postDate\":1377617451,\"expiryDate\":null,\"enabled\":1,\"fields\":{\"43\":\"n\",\"4\":[\"259\",\"260\"],\"41\":[\"261\"],\"3\":\"<p>\\r\\n\\tEvery moment is a frozen shoot, by repeating and deleting, finally realize what happens at the very first second.\\r\\n<\\/p>\",\"8\":\"4:52\",\"7\":[{\"col1\":\"flute\"},{\"col1\":\"clarinet\"},{\"col1\":\"bassoon\"},{\"col1\":\"horn\"},{\"col1\":\"trombone\"},{\"col1\":\"2 percussions\"},{\"col1\":\"2 violins\"},{\"col1\":\"violoncello\"},{\"col1\":\"contrabass\"}],\"11\":\"audio\",\"9\":[{\"col1\":\"composer\",\"col2\":\"Hsin-Lei Chen\"},{\"col1\":\"conductor\",\"col2\":\"Yu-Chung Johnny Ku\"},{\"col1\":\"flute\",\"col2\":\"Chia-Jui He\"},{\"col1\":\"clarinet\",\"col2\":\"Merlin Von Frankenberg\"},{\"col1\":\"bassoon\",\"col2\":\"Yi-chen Chiu\"},{\"col1\":\"horn\",\"col2\":\"Blake Yarbrough\"},{\"col1\":\"trumpet\",\"col2\":\"Shao-Chun Tsai\"},{\"col1\":\"trombone\",\"col2\":\"Kelvin Chan\"},{\"col1\":\"percussion\",\"col2\":\"Wei-Chen Lin and Joseph Van Hassel\"},{\"col1\":\"violin\",\"col2\":\"Yen-Ting Wu and Chi-fan Tsai\"},{\"col1\":\"violoncello\",\"col2\":\"Yi-Ching Lee\"},{\"col1\":\"contrabass\",\"col2\":\"Briana Goldberg\"}],\"10\":\"\",\"14\":\"2012\"}}', '2013-08-27 15:30:51', '2013-08-27 15:30:51', '21b7ca9b-883c-4125-9746-5eac660d4c90'),
 ('211', '57', '2', '1', 'en_us', NULL, '{\"authorId\":\"1\",\"title\":\"Large Ensemble\",\"slug\":\"large-ensemble\",\"postDate\":1377518580,\"expiryDate\":null,\"enabled\":1,\"fields\":{\"40\":[\"53\"],\"13\":[\"73\",\"246\",\"250\",\"254\",\"258\",\"262\"]}}', '2013-08-27 15:31:05', '2013-08-27 15:31:05', '25cb41fe-ec92-4646-9af7-7221b4dbe5bd'),
 ('212', '265', '3', '1', 'en_us', NULL, '{\"authorId\":\"1\",\"title\":\"Resounding Silence\",\"slug\":\"resounding-silence\",\"postDate\":1377617686,\"expiryDate\":null,\"enabled\":1,\"fields\":{\"43\":\"n\",\"4\":[\"263\",\"264\"],\"3\":\"<p>\\r\\n\\tYeki bout; yeki nabout. There was someone; there was no one. The long note at the beginning is realization of room tone. Everything happens later are heart beat and fantasy followed by severe headache.\\r\\n<\\/p>\",\"8\":\"8:20\",\"7\":[{\"col1\":\"flute\"},{\"col1\":\"clarinet\"},{\"col1\":\"bassoon\"},{\"col1\":\"horn\"},{\"col1\":\"trombone\"},{\"col1\":\"2 percussions\"},{\"col1\":\"piano\"},{\"col1\":\"2 violins\"},{\"col1\":\"violoncello\"},{\"col1\":\"contrabass\"}],\"11\":\"audio\",\"9\":[{\"col1\":\"composer\",\"col2\":\"Hsin-Lei Chen\"},{\"col1\":\"conductor\",\"col2\":\"Yu-Chung Johnny Ku\"},{\"col1\":\"flute\",\"col2\":\"Chia-Jui He\"},{\"col1\":\"clarinet\",\"col2\":\"Merlin Von Frankenberg\"},{\"col1\":\"bassoon\",\"col2\":\"Yi-chen Chiu\"},{\"col1\":\"horn\",\"col2\":\"Blake Yarbrough\"},{\"col1\":\"trumpet\",\"col2\":\"Shao-Chun Tsai\"},{\"col1\":\"trombone\",\"col2\":\"Kelvin Chan\"},{\"col1\":\"percussion\",\"col2\":\"Wei-Chen Lin and Joseph Van Hassel\"},{\"col1\":\"piano\",\"col2\":\"Yi-Wen Chang\"},{\"col1\":\"violin\",\"col2\":\"Yen-Ting Wu and Chi-fan Tsai\"},{\"col1\":\"violoncello\",\"col2\":\"Yi-Ching Lee\"},{\"col1\":\"contrabass\",\"col2\":\"Briana Goldberg\"}],\"10\":\"\",\"14\":\"2006\"}}', '2013-08-27 15:34:46', '2013-08-27 15:34:46', 'd0969bbe-0bef-4c24-8383-bfd7fc4c3c36'),
 ('213', '265', '3', '1', 'en_us', NULL, '{\"authorId\":\"1\",\"title\":\"Resounding Silence\",\"slug\":\"resounding-silence\",\"postDate\":1377617640,\"expiryDate\":null,\"enabled\":1,\"fields\":{\"43\":\"n\",\"4\":[\"263\",\"264\"],\"41\":[\"266\"],\"3\":\"<p>\\r\\n\\t Yeki bout; yeki nabout. There was someone; there was no one. The long note at the beginning is realization of room tone. Everything happens later are heart beat and fantasy followed by severe headache.\\r\\n<\\/p>\",\"8\":\"8:20\",\"7\":[{\"col1\":\"flute\"},{\"col1\":\"clarinet\"},{\"col1\":\"bassoon\"},{\"col1\":\"horn\"},{\"col1\":\"trombone\"},{\"col1\":\"2 percussions\"},{\"col1\":\"piano\"},{\"col1\":\"2 violins\"},{\"col1\":\"violoncello\"},{\"col1\":\"contrabass\"}],\"11\":\"audio\",\"9\":[{\"col1\":\"composer\",\"col2\":\"Hsin-Lei Chen\"},{\"col1\":\"conductor\",\"col2\":\"Yu-Chung Johnny Ku\"},{\"col1\":\"flute\",\"col2\":\"Chia-Jui He\"},{\"col1\":\"clarinet\",\"col2\":\"Merlin Von Frankenberg\"},{\"col1\":\"bassoon\",\"col2\":\"Yi-chen Chiu\"},{\"col1\":\"horn\",\"col2\":\"Blake Yarbrough\"},{\"col1\":\"trumpet\",\"col2\":\"Shao-Chun Tsai\"},{\"col1\":\"trombone\",\"col2\":\"Kelvin Chan\"},{\"col1\":\"percussion\",\"col2\":\"Wei-Chen Lin and Joseph Van Hassel\"},{\"col1\":\"piano\",\"col2\":\"Yi-Wen Chang\"},{\"col1\":\"violin\",\"col2\":\"Yen-Ting Wu and Chi-fan Tsai\"},{\"col1\":\"violoncello\",\"col2\":\"Yi-Ching Lee\"},{\"col1\":\"contrabass\",\"col2\":\"Briana Goldberg\"}],\"10\":\"\",\"14\":\"2006\"}}', '2013-08-27 15:35:40', '2013-08-27 15:35:40', '6a418908-205a-4d0d-af91-57eddeca7ba6'),
 ('214', '57', '2', '1', 'en_us', NULL, '{\"authorId\":\"1\",\"title\":\"Large Ensemble\",\"slug\":\"large-ensemble\",\"postDate\":1377518580,\"expiryDate\":null,\"enabled\":1,\"fields\":{\"40\":[\"53\"],\"13\":[\"73\",\"246\",\"250\",\"254\",\"258\",\"262\",\"265\"]}}', '2013-08-27 15:36:00', '2013-08-27 15:36:00', '501cfbe1-f8d3-48dc-815b-c07b5639758a'),
 ('215', '270', '3', '1', 'en_us', NULL, '{\"authorId\":\"1\",\"title\":\"Renascence\",\"slug\":\"renascence\",\"postDate\":1377618281,\"expiryDate\":null,\"enabled\":1,\"fields\":{\"43\":\"n\",\"4\":[\"267\",\"268\"],\"41\":[\"269\"],\"3\":\"<p>\\r\\n\\tArt is life in a deferent tempo.\\r\\n<\\/p>\\r\\n<p>\\r\\n\\tCountless natural disasters happened in recent years. On on hand, thinking about that there are people suffering somewhere out there makes me worried. But on the other hand, knowing that there are people devoting themselves for a better world comforts me.\\r\\n<\\/p>\\r\\n<p>\\r\\n\\tThe piece to that is to marvel human wisdom, and to show respect for the power of nature. I pray for the lives in miseries in the past, the present, and the future.\\r\\n<\\/p>\\r\\n<p>\\r\\n\\tIn the end of the music, I hope the audience can hum with the performers with Mahler\'s Resurrection to find the peace on our heart. Maestro Fusao Kajim once described, \\\"just like going back to Mother\'s embrace.\\\"\\r\\n<\\/p>\",\"8\":\"10:59\",\"7\":[{\"col1\":\"flute\"},{\"col1\":\"clarinet\"},{\"col1\":\"bassoon\"},{\"col1\":\"trombone\"},{\"col1\":\"percussion\"},{\"col1\":\"piano\"},{\"col1\":\"string quartet\"},{\"col1\":\"contrabass\"},{\"col1\":\"tape\"}],\"11\":\"audio\",\"9\":[{\"col1\":\"composer\",\"col2\":\"Hsin-Lei Chen\"},{\"col1\":\"conductor\",\"col2\":\"Fusao Kajim\"},{\"col1\":\"orchestra\",\"col2\":\"National Taiwan Orchestra Symphony\"}],\"10\":\"\",\"14\":\"2003\"}}', '2013-08-27 15:44:41', '2013-08-27 15:44:41', '5ea0c32f-93a3-4a74-bbc6-a4d2f9c92818'),
 ('216', '57', '2', '1', 'en_us', NULL, '{\"authorId\":\"1\",\"title\":\"Large Ensemble\",\"slug\":\"large-ensemble\",\"postDate\":1377518580,\"expiryDate\":null,\"enabled\":1,\"fields\":{\"40\":[\"53\"],\"13\":[\"73\",\"246\",\"250\",\"254\",\"258\",\"262\",\"265\",\"270\"]}}', '2013-08-27 15:44:52', '2013-08-27 15:44:52', 'e40c62a8-bb76-4994-9070-813c65572981'),
 ('217', '274', '3', '1', 'en_us', NULL, '{\"authorId\":\"1\",\"title\":\"Fisherman\'s Song\",\"slug\":\"fisherman-s-song\",\"postDate\":1377618626,\"expiryDate\":null,\"enabled\":1,\"fields\":{\"43\":\"n\",\"4\":[\"272\",\"271\"],\"41\":[\"273\"],\"3\":\"<p>\\r\\n\\tEgrets fly in front of West Piedmont,\\r\\n<\\/p>\\r\\n<p>\\r\\n\\tPeach flowers flow away with water;\\r\\n<\\/p>\\r\\n<p>\\r\\n\\tMandarin fish fertilize,\\r\\n<\\/p>\\r\\n<p>\\r\\n\\tHaving green rain cap and coat,\\r\\n<\\/p>\\r\\n<p>\\r\\n\\tWith no worry for the light wind and the drizzling rain.\\r\\n<\\/p>\",\"8\":\"10:47\",\"7\":[{\"col1\":\"mixed choir\"}],\"11\":\"audio\",\"9\":[{\"col1\":\"composer\",\"col2\":\"Hsin-Lei Chen\"},{\"col1\":\"conductor\",\"col2\":\"Yu-Ching Johnny Ku\"},{\"col1\":\"lyricist\",\"col2\":\"Zhang Zhi He\"},{\"col1\":\"choir\",\"col2\":\"Ming De Choir\"}],\"10\":\"\",\"14\":\"2000\"}}', '2013-08-27 15:50:26', '2013-08-27 15:50:26', 'fa3680b6-18f1-4e92-a902-f6a855a58e0a'),
 ('218', '58', '2', '1', 'en_us', NULL, '{\"authorId\":\"1\",\"title\":\"Choir\",\"slug\":\"choir\",\"postDate\":1377518640,\"expiryDate\":null,\"enabled\":1,\"fields\":{\"40\":[\"53\"],\"13\":[\"84\",\"274\"]}}', '2013-08-27 15:50:47', '2013-08-27 15:50:47', '2e298610-7387-41ab-98f6-3739a8bd143c'),
 ('219', '278', '3', '1', 'en_us', NULL, '{\"authorId\":\"1\",\"title\":\"Novel Sphere\",\"slug\":\"novel-sphere\",\"postDate\":1377618873,\"expiryDate\":null,\"enabled\":1,\"fields\":{\"43\":\"n\",\"4\":[\"275\",\"276\"],\"41\":[\"277\"],\"3\":\"<p>\\r\\n\\tI am ready; I am free;\\r\\n<\\/p>\\r\\n<p>\\r\\n\\tTo cleave the ether on a novel flight;\\r\\n<\\/p>\\r\\n<p>\\r\\n\\tTo novel sphere of pure activity.\\r\\n<\\/p>\",\"8\":\"3:38\",\"7\":[{\"col1\":\"mixed choir\"}],\"11\":\"audio\",\"9\":[{\"col1\":\"composer\",\"col2\":\"Hsin-Lei Chen\"},{\"col1\":\"conductor\",\"col2\":\"Shang-lun Wu\"},{\"col1\":\"lyricist\",\"col2\":\"Goethe\"},{\"col1\":\"choir\",\"col2\":\"Taipei Philharmonics Chamber Choir\"}],\"10\":\"\",\"14\":\"2003\"}}', '2013-08-27 15:54:33', '2013-08-27 15:54:33', 'd20d7744-adac-4f71-bc47-03b9f90e2e09'),
 ('220', '58', '2', '1', 'en_us', NULL, '{\"authorId\":\"1\",\"title\":\"Choir\",\"slug\":\"choir\",\"postDate\":1377518640,\"expiryDate\":null,\"enabled\":1,\"fields\":{\"40\":[\"53\"],\"13\":[\"84\",\"274\",\"278\"]}}', '2013-08-27 15:54:44', '2013-08-27 15:54:44', 'd0279b97-cc96-4cd8-af42-e551cfc1f09c'),
 ('221', '282', '3', '1', 'en_us', NULL, '{\"authorId\":\"1\",\"title\":\"Rainforest\",\"slug\":\"rainforest\",\"postDate\":1377619068,\"expiryDate\":null,\"enabled\":1,\"fields\":{\"43\":\"n\",\"4\":[\"280\",\"279\"],\"41\":[\"281\"],\"3\":\"<p>\\r\\n\\tRainforest is a fascinating source for sound. The piece shows a window of spectacular sounds from the rainforest.\\r\\n<\\/p>\",\"8\":\"4:27\",\"7\":[{\"col1\":\"mixed choir\"}],\"11\":\"audio\",\"9\":[{\"col1\":\"composer\",\"col2\":\"Hsin-Lei Chen\"}],\"10\":\"\",\"14\":\"2013\"}}', '2013-08-27 15:57:48', '2013-08-27 15:57:48', 'a01d77b6-48d9-4e3c-a163-6c23d31331c4'),
 ('222', '58', '2', '1', 'en_us', NULL, '{\"authorId\":\"1\",\"title\":\"Choir\",\"slug\":\"choir\",\"postDate\":1377518640,\"expiryDate\":null,\"enabled\":1,\"fields\":{\"40\":[\"53\"],\"13\":[\"84\",\"274\",\"278\",\"282\"]}}', '2013-08-27 15:57:59', '2013-08-27 15:57:59', 'bb1d558b-f720-491e-84a1-4620955ae792'),
 ('223', '286', '3', '1', 'en_us', NULL, '{\"authorId\":\"1\",\"title\":\"Family\",\"slug\":\"family\",\"postDate\":1377619294,\"expiryDate\":null,\"enabled\":1,\"fields\":{\"43\":\"n\",\"4\":[\"284\",\"283\"],\"41\":[\"285\"],\"3\":\"\",\"8\":\"2:49\",\"7\":[{\"col1\":\"\"}],\"11\":\"audio\",\"9\":[{\"col1\":\"composer\",\"col2\":\"Hsin-Lei Chen\"}],\"10\":\"\",\"14\":\"2013\"}}', '2013-08-27 16:01:34', '2013-08-27 16:01:34', '6a1adb0c-561d-4921-badd-82583dec805f'),
 ('224', '59', '2', '1', 'en_us', NULL, '{\"authorId\":\"1\",\"title\":\"Movie\",\"slug\":\"movie\",\"postDate\":1377518700,\"expiryDate\":null,\"enabled\":1,\"fields\":{\"40\":[\"53\"],\"13\":[\"80\",\"286\"]}}', '2013-08-27 16:01:47', '2013-08-27 16:01:47', '2ae6a306-7522-485d-98e2-7c972a0fbd3b'),
 ('225', '290', '3', '1', 'en_us', NULL, '{\"authorId\":\"1\",\"title\":\"Heartbreak\",\"slug\":\"heartbreak\",\"postDate\":1377619406,\"expiryDate\":null,\"enabled\":1,\"fields\":{\"43\":\"n\",\"4\":[\"288\",\"287\"],\"41\":[\"289\"],\"3\":\"\",\"8\":\"0:58\",\"7\":[{\"col1\":\"\"}],\"11\":\"audio\",\"9\":[{\"col1\":\"composer\",\"col2\":\"Hsin-Lei Chen\"}],\"10\":\"\",\"14\":\"2013\"}}', '2013-08-27 16:03:26', '2013-08-27 16:03:26', '2d76c02f-fd80-40de-af80-08ea931233ff'),
 ('226', '59', '2', '1', 'en_us', NULL, '{\"authorId\":\"1\",\"title\":\"Movie\",\"slug\":\"movie\",\"postDate\":1377518700,\"expiryDate\":null,\"enabled\":1,\"fields\":{\"40\":[\"53\"],\"13\":[\"80\",\"286\",\"290\"]}}', '2013-08-27 16:03:37', '2013-08-27 16:03:37', '537f24b7-cd81-43a8-bc90-5b2dcb553037'),
 ('227', '294', '3', '1', 'en_us', NULL, '{\"authorId\":\"1\",\"title\":\"Little Village\",\"slug\":\"little-village\",\"postDate\":1377619510,\"expiryDate\":null,\"enabled\":1,\"fields\":{\"43\":\"n\",\"4\":[\"292\",\"291\"],\"41\":[\"293\"],\"3\":\"\",\"8\":\"1:16\",\"7\":[{\"col1\":\"\"}],\"11\":\"audio\",\"9\":[{\"col1\":\"composer\",\"col2\":\"Hsin-Lei Chen\"}],\"10\":\"\",\"14\":\"2013\"}}', '2013-08-27 16:05:11', '2013-08-27 16:05:11', 'eb8e0c2e-9f37-4ae5-8575-18ae480d036a'),
 ('228', '59', '2', '1', 'en_us', NULL, '{\"authorId\":\"1\",\"title\":\"Movie\",\"slug\":\"movie\",\"postDate\":1377518700,\"expiryDate\":null,\"enabled\":1,\"fields\":{\"40\":[\"53\"],\"13\":[\"80\",\"286\",\"290\",\"294\"]}}', '2013-08-27 16:05:20', '2013-08-27 16:05:20', 'b00716f5-f11f-41d6-a2d3-3739b28de71d'),
 ('229', '298', '3', '1', 'en_us', NULL, '{\"authorId\":\"1\",\"title\":\"Nostalgia\",\"slug\":\"nostalgia\",\"postDate\":1377619654,\"expiryDate\":null,\"enabled\":1,\"fields\":{\"43\":\"n\",\"4\":[\"296\",\"295\"],\"41\":[\"297\"],\"3\":\"\",\"8\":\"2:23\",\"7\":[{\"col1\":\"\"}],\"11\":\"audio\",\"9\":[{\"col1\":\"composer\",\"col2\":\"Hsin-Lei Chen\"}],\"10\":\"\",\"14\":\"2013\"}}', '2013-08-27 16:07:34', '2013-08-27 16:07:34', '0dac312c-c2ed-4938-9031-9c3b48667926'),
 ('230', '59', '2', '1', 'en_us', NULL, '{\"authorId\":\"1\",\"title\":\"Movie\",\"slug\":\"movie\",\"postDate\":1377518700,\"expiryDate\":null,\"enabled\":1,\"fields\":{\"40\":[\"53\"],\"13\":[\"80\",\"286\",\"290\",\"294\",\"298\"]}}', '2013-08-27 16:07:45', '2013-08-27 16:07:45', 'ac52b8cc-53e3-4df7-93ab-63e4a2789086'),
 ('231', '302', '3', '1', 'en_us', NULL, '{\"authorId\":\"1\",\"title\":\"On the Road\",\"slug\":\"on-the-road\",\"postDate\":1377619776,\"expiryDate\":null,\"enabled\":1,\"fields\":{\"43\":\"n\",\"4\":[\"299\",\"300\"],\"41\":[\"301\"],\"3\":\"\",\"8\":\"1:46\",\"7\":[{\"col1\":\"\"}],\"11\":\"audio\",\"9\":[{\"col1\":\"composer\",\"col2\":\"Hsin-Lei Chen\"}],\"10\":\"\",\"14\":\"2013\"}}', '2013-08-27 16:09:36', '2013-08-27 16:09:36', 'f7c3e4b4-6249-4c3f-8c26-654d39457cb2'),
 ('232', '59', '2', '1', 'en_us', NULL, '{\"authorId\":\"1\",\"title\":\"Movie\",\"slug\":\"movie\",\"postDate\":1377518700,\"expiryDate\":null,\"enabled\":1,\"fields\":{\"40\":[\"53\"],\"13\":[\"80\",\"286\",\"290\",\"294\",\"298\",\"302\"]}}', '2013-08-27 16:09:46', '2013-08-27 16:09:46', '45973483-be22-42e1-81d9-3bdc5f8f6dbb');
COMMIT;


--
-- Schema for table `craft_fieldgroups`
--

DROP TABLE IF EXISTS `craft_fieldgroups`;

CREATE TABLE `craft_fieldgroups` (
  `id` int(11) NOT NULL AUTO_INCREMENT,
  `name` varchar(100) COLLATE utf8_unicode_ci NOT NULL,
  `dateCreated` datetime NOT NULL,
  `dateUpdated` datetime NOT NULL,
  `uid` char(36) COLLATE utf8_unicode_ci NOT NULL DEFAULT '0',
  PRIMARY KEY (`id`),
  UNIQUE KEY `craft_fieldgroups_name_unq_idx` (`name`)
) ENGINE=InnoDB AUTO_INCREMENT=11 DEFAULT CHARSET=utf8 COLLATE=utf8_unicode_ci;

--
-- Data for table `craft_fieldgroups`
--

BEGIN;
INSERT INTO `craft_fieldgroups` (`id`, `name`, `dateCreated`, `dateUpdated`, `uid`) VALUES
 ('1', 'Default', '2013-06-13 00:37:58', '2013-06-13 00:37:58', 'cbfecc04-e033-4a76-a7b2-b4fc4f6bb0fb'),
 ('2', 'Song', '2013-06-13 20:03:51', '2013-06-13 20:03:51', '40ee2df8-3377-438b-b825-abdc84596e60'),
 ('3', 'Album', '2013-06-13 20:36:30', '2013-06-13 20:36:30', 'fb3a7ea3-639c-4cc0-aee6-1a941cf3ffd0'),
 ('4', 'Biography', '2013-06-13 20:50:33', '2013-06-13 21:00:08', 'a4fbf138-298f-41b5-acae-559e35b20870'),
 ('5', 'Contact', '2013-06-13 20:59:48', '2013-06-13 21:00:01', '84e06064-97d4-47de-aa64-c5b83e3df139'),
 ('6', 'Common', '2013-06-13 21:08:33', '2013-06-13 21:14:46', '21dd3d0f-35da-469d-bf3a-a8dff870d517'),
 ('7', 'Reference', '2013-06-14 05:02:22', '2013-06-14 05:05:49', '8c0e2b18-fe78-46f2-ade8-7671c9a8a8ed'),
 ('8', 'Meta', '2013-07-21 19:16:12', '2013-07-21 19:21:49', 'a2db553a-d49e-4677-847a-7a0b23d86e82'),
 ('9', 'Tags (Auto-created)', '2013-08-01 01:32:34', '2013-08-01 01:32:34', '3084983c-0191-4cc4-9b01-b4239b7ee272'),
 ('10', 'Awards', '2013-08-01 01:40:28', '2013-08-01 01:40:28', '6ad2f699-55c0-45cd-948b-0d4b0657539f');
COMMIT;


--
-- Schema for table `craft_fieldlayoutfields`
--

DROP TABLE IF EXISTS `craft_fieldlayoutfields`;

CREATE TABLE `craft_fieldlayoutfields` (
  `id` int(11) NOT NULL AUTO_INCREMENT,
  `layoutId` int(11) NOT NULL,
  `tabId` int(11) DEFAULT NULL,
  `fieldId` int(11) NOT NULL,
  `required` tinyint(1) unsigned NOT NULL DEFAULT '0',
  `sortOrder` tinyint(4) DEFAULT NULL,
  `dateCreated` datetime NOT NULL,
  `dateUpdated` datetime NOT NULL,
  `uid` char(36) COLLATE utf8_unicode_ci NOT NULL DEFAULT '0',
  PRIMARY KEY (`id`),
  UNIQUE KEY `craft_fieldlayoutfields_layoutId_fieldId_unq_idx` (`layoutId`,`fieldId`),
  KEY `craft_fieldlayoutfields_sortOrder_idx` (`sortOrder`),
  KEY `craft_fieldlayoutfields_tabId_fk` (`tabId`),
  KEY `craft_fieldlayoutfields_fieldId_fk` (`fieldId`)
) ENGINE=InnoDB AUTO_INCREMENT=226 DEFAULT CHARSET=utf8 COLLATE=utf8_unicode_ci;

--
-- Data for table `craft_fieldlayoutfields`
--

BEGIN;
INSERT INTO `craft_fieldlayoutfields` (`id`, `layoutId`, `tabId`, `fieldId`, `required`, `sortOrder`, `dateCreated`, `dateUpdated`, `uid`) VALUES
 ('66', '21', NULL, '33', '0', '1', '2013-06-14 05:06:19', '2013-06-14 05:06:19', '65a0674a-722e-4e5f-b8cf-f2be1121acfa'),
 ('67', '21', NULL, '34', '0', '2', '2013-06-14 05:06:19', '2013-06-14 05:06:19', '7735126c-a827-495f-918f-927c0c5ed9d4'),
 ('68', '21', NULL, '35', '0', '3', '2013-06-14 05:06:19', '2013-06-14 05:06:19', '49b6d346-521f-474e-a20e-bbe8e1a83086'),
 ('69', '21', NULL, '36', '0', '4', '2013-06-14 05:06:19', '2013-06-14 05:06:19', 'fd85eee4-1a70-4684-b762-051b0c6dd7a0'),
 ('137', '30', NULL, '47', '0', '1', '2013-07-21 18:52:39', '2013-07-21 18:52:39', 'de1a86cc-f3a7-4e85-9655-994ae8b82f26'),
 ('151', '35', NULL, '49', '1', '1', '2013-07-21 19:46:47', '2013-07-21 19:46:47', 'ebf0d491-29a7-451c-9606-887893203e1f'),
 ('152', '35', NULL, '48', '1', '2', '2013-07-21 19:46:47', '2013-07-21 19:46:47', '9e8c38fc-aae5-41be-b33f-0a9f34c38a99'),
 ('153', '35', NULL, '50', '0', '3', '2013-07-21 19:46:47', '2013-07-21 19:46:47', '078da84c-1b4c-44ef-bf65-63939559e67f'),
 ('154', '35', NULL, '51', '0', '4', '2013-07-21 19:46:47', '2013-07-21 19:46:47', '91f6e4ab-199a-4daf-8005-4ffb92f88da0'),
 ('155', '35', NULL, '52', '0', '5', '2013-07-21 19:46:47', '2013-07-21 19:46:47', '2d040ccf-3ed3-436c-85ad-c7d2423373c1'),
 ('156', '35', NULL, '53', '0', '6', '2013-07-21 19:46:47', '2013-07-21 19:46:47', '5a483116-d7f7-43c3-8782-45adba1132bb'),
 ('157', '35', NULL, '54', '0', '7', '2013-07-21 19:46:47', '2013-07-21 19:46:47', 'cc815f4e-3d12-4c16-af3e-ec93900b2772'),
 ('160', '37', NULL, '55', '1', '1', '2013-07-22 01:27:49', '2013-07-22 01:27:49', '52763744-8682-49c4-8cbd-26fb1528711b'),
 ('161', '37', NULL, '37', '0', '2', '2013-07-22 01:27:49', '2013-07-22 01:27:49', 'ed44888b-a937-46ed-b9f1-c80d19d8acb7'),
 ('162', '37', NULL, '38', '0', '3', '2013-07-22 01:27:49', '2013-07-22 01:27:49', 'f16cf37b-0386-4717-b0f8-80591a5d5674'),
 ('163', '37', NULL, '39', '0', '4', '2013-07-22 01:27:49', '2013-07-22 01:27:49', 'bb72588d-c095-4574-acf3-d4513833302b'),
 ('164', '38', NULL, '55', '1', '1', '2013-07-22 01:27:55', '2013-07-22 01:27:55', '89aba44c-e66f-47de-b684-4a599d9ed7b6'),
 ('165', '38', NULL, '31', '0', '2', '2013-07-22 01:27:55', '2013-07-22 01:27:55', 'fb05768a-adaf-4250-a009-7bea4a7e78df'),
 ('181', '40', NULL, '55', '1', '1', '2013-07-22 01:28:46', '2013-07-22 01:28:46', '235ad20b-b8d2-415d-89e3-d7c716ab6dc9'),
 ('182', '40', NULL, '1', '1', '2', '2013-07-22 01:28:46', '2013-07-22 01:28:46', '17a72e0d-e14c-42a4-a045-e2528c095df1'),
 ('183', '40', NULL, '32', '1', '3', '2013-07-22 01:28:46', '2013-07-22 01:28:46', 'ca06dc9c-3aaf-4e9a-9fda-442e9bfa8d75'),
 ('184', '41', NULL, '55', '1', '1', '2013-07-28 23:24:48', '2013-07-28 23:24:48', '4c9c005c-a8a9-4b02-8cc7-854e6e60afa5'),
 ('185', '41', NULL, '21', '1', '2', '2013-07-28 23:24:48', '2013-07-28 23:24:48', '61b57653-ea1b-4cc5-a33a-7e19d632921d'),
 ('186', '41', NULL, '56', '1', '3', '2013-07-28 23:24:48', '2013-07-28 23:24:48', '661af691-c9a2-4d4a-b7a5-0391d2d25723'),
 ('187', '41', NULL, '22', '1', '4', '2013-07-28 23:24:48', '2013-07-28 23:24:48', 'be241493-6db0-450c-8d91-dc32da18eb32'),
 ('188', '41', NULL, '23', '1', '5', '2013-07-28 23:24:48', '2013-07-28 23:24:48', '478ab704-f66d-4532-9db7-00399ff03592'),
 ('189', '41', NULL, '24', '0', '6', '2013-07-28 23:24:48', '2013-07-28 23:24:48', '2b39d417-01d0-47a8-8c7a-6699766d6724'),
 ('190', '41', NULL, '26', '0', '7', '2013-07-28 23:24:48', '2013-07-28 23:24:48', '4839e52f-af95-4232-b5f7-5d1081abc409'),
 ('191', '41', NULL, '44', '0', '8', '2013-07-28 23:24:48', '2013-07-28 23:24:48', '74939dc5-6f13-467d-83fb-964000c3c64d'),
 ('192', '41', NULL, '25', '0', '9', '2013-07-28 23:24:48', '2013-07-28 23:24:48', '7c3d6216-3582-4932-b50f-49e361b935aa'),
 ('193', '41', NULL, '46', '0', '10', '2013-07-28 23:24:48', '2013-07-28 23:24:48', 'e0fa1fd7-8f70-444d-af23-05facfdef1e5'),
 ('194', '41', NULL, '45', '0', '11', '2013-07-28 23:24:48', '2013-07-28 23:24:48', '63e2df2d-6a19-455f-9ceb-81af4bd1520c'),
 ('195', '41', NULL, '30', '1', '12', '2013-07-28 23:24:48', '2013-07-28 23:24:48', 'c8f6a937-2dfb-45f1-bc6e-27e576c676a9'),
 ('196', '41', NULL, '27', '1', '13', '2013-07-28 23:24:48', '2013-07-28 23:24:48', '55e950a1-144e-49ea-9f6c-1cb11958a8b7'),
 ('197', '41', NULL, '28', '1', '14', '2013-07-28 23:24:48', '2013-07-28 23:24:48', '10f3f95f-57a0-4d6e-9039-7bfdb71ced09'),
 ('198', '41', NULL, '42', '1', '15', '2013-07-28 23:24:48', '2013-07-28 23:24:48', '86d77a70-a0d6-4e80-a3da-c64472412701'),
 ('199', '41', NULL, '29', '1', '16', '2013-07-28 23:24:48', '2013-07-28 23:24:48', '84dc0c7f-3abb-475a-87d9-36f068837761'),
 ('200', '42', '8', '13', '0', '1', '2013-08-02 05:37:31', '2013-08-02 05:37:31', 'e5f04b32-a863-4cf7-b66a-884d4bde0ebc'),
 ('201', '42', '8', '40', '0', '2', '2013-08-02 05:37:31', '2013-08-02 05:37:31', '04a38663-e1af-48f8-8afb-18cda9401097'),
 ('214', '44', '10', '3', '0', '1', '2013-08-26 15:23:09', '2013-08-26 15:23:09', 'b052807b-d414-4b5f-9e2c-e49ed60ef7d3'),
 ('215', '44', '10', '14', '0', '2', '2013-08-26 15:23:09', '2013-08-26 15:23:09', '69291479-a41d-43b7-8f1d-96e1f8e35fa5'),
 ('216', '44', '10', '7', '0', '3', '2013-08-26 15:23:09', '2013-08-26 15:23:09', 'caeb9818-6f7c-4e99-adbf-4035d4fe26ff'),
 ('217', '44', '10', '9', '0', '4', '2013-08-26 15:23:09', '2013-08-26 15:23:09', '461c1481-aebc-4564-871c-8c6b831aee22'),
 ('218', '44', '10', '8', '0', '5', '2013-08-26 15:23:09', '2013-08-26 15:23:09', '77111f24-10dc-4c1c-9b83-81302e5e806e'),
 ('219', '44', '10', '5', '0', '6', '2013-08-26 15:23:09', '2013-08-26 15:23:09', '38d1544d-d891-4f2b-be3f-bede5ea05bbf'),
 ('220', '44', '10', '11', '1', '7', '2013-08-26 15:23:09', '2013-08-26 15:23:09', 'ca034159-551c-47db-b4ba-cbe6eda840b5'),
 ('221', '44', '10', '4', '0', '8', '2013-08-26 15:23:09', '2013-08-26 15:23:09', '06979ceb-6460-4720-9df0-7ed87596501f'),
 ('222', '44', '10', '41', '0', '9', '2013-08-26 15:23:09', '2013-08-26 15:23:09', 'c1efbfaf-c238-4a3e-864e-9cbea7fa697d'),
 ('223', '44', '10', '10', '0', '10', '2013-08-26 15:23:09', '2013-08-26 15:23:09', '39927562-b840-4b28-99af-5e9cbe442997'),
 ('224', '44', '10', '43', '0', '11', '2013-08-26 15:23:09', '2013-08-26 15:23:09', 'bfe60675-cef3-411c-9eef-433ae212d1a4'),
 ('225', '44', '10', '12', '0', '12', '2013-08-26 15:23:09', '2013-08-26 15:23:09', '5dc38f71-a067-441f-adc4-f5fa944980cb');
COMMIT;


--
-- Schema for table `craft_fieldlayouts`
--

DROP TABLE IF EXISTS `craft_fieldlayouts`;

CREATE TABLE `craft_fieldlayouts` (
  `id` int(11) NOT NULL AUTO_INCREMENT,
  `type` char(150) COLLATE utf8_unicode_ci NOT NULL,
  `dateCreated` datetime NOT NULL,
  `dateUpdated` datetime NOT NULL,
  `uid` char(36) COLLATE utf8_unicode_ci NOT NULL DEFAULT '0',
  PRIMARY KEY (`id`),
  KEY `craft_fieldlayouts_type_idx` (`type`)
) ENGINE=InnoDB AUTO_INCREMENT=45 DEFAULT CHARSET=utf8 COLLATE=utf8_unicode_ci;

--
-- Data for table `craft_fieldlayouts`
--

BEGIN;
INSERT INTO `craft_fieldlayouts` (`id`, `type`, `dateCreated`, `dateUpdated`, `uid`) VALUES
 ('21', 'Asset', '2013-06-14 05:06:19', '2013-06-14 05:06:19', '1bedea37-55c8-4ac4-bd88-a9ad889fda21'),
 ('30', 'GlobalSet', '2013-07-21 18:52:39', '2013-07-21 18:52:39', 'bf4a71d4-4c6e-44de-92c4-a16bbbf723bf'),
 ('35', 'GlobalSet', '2013-07-21 19:46:47', '2013-07-21 19:46:47', 'b1ef3f82-9005-4c7c-9413-9e47aef384a4'),
 ('37', 'GlobalSet', '2013-07-22 01:27:49', '2013-07-22 01:27:49', '1a5c403d-8a2a-4d55-977a-e316da4ebb32'),
 ('38', 'GlobalSet', '2013-07-22 01:27:55', '2013-07-22 01:27:55', 'd3dae224-1fe2-4925-aae8-ce6a3cb9898e'),
 ('40', 'GlobalSet', '2013-07-22 01:28:46', '2013-07-22 01:28:46', 'a4a68688-c695-430f-9541-26e4a59655fb'),
 ('41', 'GlobalSet', '2013-07-28 23:24:48', '2013-07-28 23:24:48', 'b454a568-d51f-4e99-9885-33eca6e9acd5'),
 ('42', 'Entry', '2013-08-02 05:37:31', '2013-08-02 05:37:31', '3f892ffa-3014-49bb-a639-01da33fdcb2d'),
 ('44', 'Entry', '2013-08-26 15:23:09', '2013-08-26 15:23:09', '22343540-65fb-4c23-93a1-9cf3a85c6d9f');
COMMIT;


--
-- Schema for table `craft_fieldlayouttabs`
--

DROP TABLE IF EXISTS `craft_fieldlayouttabs`;

CREATE TABLE `craft_fieldlayouttabs` (
  `id` int(11) NOT NULL AUTO_INCREMENT,
  `layoutId` int(11) NOT NULL,
  `name` varchar(100) COLLATE utf8_unicode_ci DEFAULT NULL,
  `sortOrder` tinyint(4) DEFAULT NULL,
  `dateCreated` datetime NOT NULL,
  `dateUpdated` datetime NOT NULL,
  `uid` char(36) COLLATE utf8_unicode_ci NOT NULL DEFAULT '0',
  PRIMARY KEY (`id`),
  KEY `craft_fieldlayouttabs_sortOrder_idx` (`sortOrder`),
  KEY `craft_fieldlayouttabs_layoutId_fk` (`layoutId`)
) ENGINE=InnoDB AUTO_INCREMENT=11 DEFAULT CHARSET=utf8 COLLATE=utf8_unicode_ci;

--
-- Data for table `craft_fieldlayouttabs`
--

BEGIN;
INSERT INTO `craft_fieldlayouttabs` (`id`, `layoutId`, `name`, `sortOrder`, `dateCreated`, `dateUpdated`, `uid`) VALUES
 ('8', '42', 'Album', '1', '2013-08-02 05:37:31', '2013-08-02 05:37:31', '25e2aefe-85d9-4dac-b9ff-acf794189859'),
 ('10', '44', 'Song', '1', '2013-08-26 15:23:09', '2013-08-26 15:23:09', 'a35d1578-6696-4a74-8361-cd846261e4f8');
COMMIT;


--
-- Schema for table `craft_fields`
--

DROP TABLE IF EXISTS `craft_fields`;

CREATE TABLE `craft_fields` (
  `id` int(11) NOT NULL AUTO_INCREMENT,
  `groupId` int(11) DEFAULT NULL,
  `name` varchar(100) COLLATE utf8_unicode_ci NOT NULL,
  `handle` char(64) COLLATE utf8_unicode_ci NOT NULL,
  `instructions` text COLLATE utf8_unicode_ci,
  `translatable` tinyint(1) unsigned NOT NULL DEFAULT '0',
  `type` char(150) COLLATE utf8_unicode_ci NOT NULL,
  `settings` text COLLATE utf8_unicode_ci,
  `dateCreated` datetime NOT NULL,
  `dateUpdated` datetime NOT NULL,
  `uid` char(36) COLLATE utf8_unicode_ci NOT NULL DEFAULT '0',
  PRIMARY KEY (`id`),
  UNIQUE KEY `craft_fields_handle_unq_idx` (`handle`),
  KEY `craft_fields_groupId_fk` (`groupId`)
) ENGINE=InnoDB AUTO_INCREMENT=58 DEFAULT CHARSET=utf8 COLLATE=utf8_unicode_ci;

--
-- Data for table `craft_fields`
--

BEGIN;
INSERT INTO `craft_fields` (`id`, `groupId`, `name`, `handle`, `instructions`, `translatable`, `type`, `settings`, `dateCreated`, `dateUpdated`, `uid`) VALUES
 ('1', '6', 'Heading', 'heading', '', '0', 'PlainText', '{\"placeholder\":\"\",\"multiline\":\"\",\"initialRows\":\"4\"}', '2013-06-13 00:37:59', '2013-06-13 21:21:06', 'd3e08709-52d3-4e9d-adf3-e78b1925acd8'),
 ('2', '6', 'Body', 'body', '', '0', 'RichText', '{\"configFile\":\"Standard.json\",\"cleanupHtml\":\"1\"}', '2013-06-13 00:37:59', '2013-06-13 21:21:19', '61be3693-423d-4011-afb5-415f93a68e1e'),
 ('3', '2', 'Description', 'description', 'Description of the song.', '0', 'RichText', '{\"configFile\":\"\",\"cleanupHtml\":\"1\"}', '2013-06-13 20:04:25', '2013-06-29 20:40:29', 'c996360a-ae5e-4743-ad6f-3b6707101e86'),
 ('4', '2', 'Audio', 'audio', 'Song audio files (.mp3 .ogg)', '0', 'Assets', '{\"sources\":[\"folder:1\"],\"limit\":\"2\"}', '2013-06-13 20:05:42', '2013-06-19 01:16:39', 'cd2b69ad-c73b-47cf-bea9-c1f608e3212e'),
 ('5', '2', 'Artwork', 'artwork', 'The cover image(s) of the song.', '0', 'Assets', '{\"sources\":[\"folder:3\"],\"limit\":\"5\"}', '2013-06-13 20:07:17', '2013-06-17 01:46:20', '7d48020f-0aa8-4fc0-992d-c674fada9dba'),
 ('7', '2', 'Instruments', 'instruments', 'The instruments used to perform the song.', '0', 'Table', '{\"columns\":{\"col1\":{\"heading\":\"Name\",\"handle\":\"name\",\"width\":\"\",\"type\":\"singleline\"}},\"defaults\":{\"row1\":{\"col1\":\"\"}}}', '2013-06-13 20:20:17', '2013-06-27 22:14:27', 'c1a13781-79ca-41c6-aa8b-560efba6557f'),
 ('8', '2', 'Duration', 'duration', 'The duration of the song.', '0', 'PlainText', '{\"placeholder\":\"\",\"maxLength\":\"\",\"multiline\":\"\",\"initialRows\":\"4\"}', '2013-06-13 20:20:36', '2013-08-26 14:55:30', '20d1f599-a7e9-4d30-be0d-943c4359b66b'),
 ('9', '2', 'Performers', 'performers', 'The performer(s) of the song.', '0', 'Table', '{\"columns\":{\"col1\":{\"heading\":\"Role\",\"handle\":\"role\",\"width\":\"\",\"type\":\"singleline\"},\"col2\":{\"heading\":\"Name\",\"handle\":\"name\",\"width\":\"\",\"type\":\"singleline\"}},\"defaults\":{\"row1\":{\"col1\":\"composer\",\"col2\":\"Hsin-Lei Chen\"}}}', '2013-06-13 20:24:07', '2013-08-26 17:30:15', '52978727-6041-47cf-8bdd-fded5e8c8381'),
 ('10', '2', 'Video', 'video', 'The YouTube / Vimeo video ID of the song.', '0', 'PlainText', '{\"placeholder\":\"\",\"multiline\":\"\",\"initialRows\":\"4\"}', '2013-06-13 20:25:44', '2013-06-13 20:25:44', '1abff761-18db-4778-859c-831e65d3066f'),
 ('11', '2', 'Media Format', 'mediaFormat', 'The media format of the song, either audio or video.', '0', 'Dropdown', '{\"options\":[{\"label\":\"audio\",\"value\":\"audio\",\"default\":\"1\"},{\"label\":\"video\",\"value\":\"video\",\"default\":\"\"}]}', '2013-06-13 20:27:08', '2013-06-13 20:27:08', '9a282443-f63b-4bf5-863d-d082b268b3a3'),
 ('12', '2', 'Suggested Songs', 'suggestedSongs', 'Songs to suggest related to this song.', '0', 'Entries', '{\"sources\":[\"section:3\"],\"limit\":\"4\"}', '2013-06-13 20:32:01', '2013-06-13 20:32:01', '89fd3225-06d1-466f-aba5-4651d98a9357'),
 ('13', '3', 'Songs', 'songs', 'The songs of the album.', '0', 'Entries', '{\"sources\":[\"section:3\"],\"limit\":\"\"}', '2013-06-13 20:36:52', '2013-06-13 20:36:52', '09b8d312-721d-4563-b12f-d7cf410cd99c'),
 ('14', '2', 'Year', 'year', 'The year of the song.', '0', 'Number', '{\"min\":\"1980\",\"max\":\"2080\",\"decimals\":\"\"}', '2013-06-13 20:38:26', '2013-06-13 20:38:26', '2a7312df-89d7-4674-943a-0543728c9560'),
 ('21', '5', 'Email Heading', 'emailHeading', '', '0', 'PlainText', '{\"placeholder\":\"\",\"multiline\":\"\",\"initialRows\":\"4\"}', '2013-06-13 21:00:40', '2013-06-13 21:00:40', 'fc1d7681-8333-4270-89c2-52cf333ac44d'),
 ('22', '5', 'Email Address', 'emailAddress', '', '0', 'PlainText', '{\"placeholder\":\"\",\"multiline\":\"\",\"initialRows\":\"4\"}', '2013-06-13 21:00:56', '2013-06-26 19:59:30', 'c1e9bd3f-8d78-4759-a7d1-779517821673'),
 ('23', '5', 'Social Heading', 'socialHeading', '', '0', 'PlainText', '{\"placeholder\":\"\",\"multiline\":\"\",\"initialRows\":\"4\"}', '2013-06-13 21:01:16', '2013-06-13 21:01:16', '27ce8b6e-9fed-48ce-a581-aed6e17e1c57'),
 ('24', '5', 'Facebook Url', 'facebookUrl', '', '0', 'PlainText', '{\"placeholder\":\"\",\"multiline\":\"\",\"initialRows\":\"4\"}', '2013-06-13 21:01:38', '2013-06-13 21:01:38', 'e44bd1ce-ea90-4d85-a1f1-218a562a049b'),
 ('25', '5', 'Twitter Url', 'twitterUrl', '', '0', 'PlainText', '{\"placeholder\":\"\",\"multiline\":\"\",\"initialRows\":\"4\"}', '2013-06-13 21:01:45', '2013-06-13 21:01:45', '550b87f5-7321-445c-894c-d38c622002c5'),
 ('26', '5', 'Google Plus Url', 'googlePlusUrl', '', '0', 'PlainText', '{\"placeholder\":\"\",\"multiline\":\"\",\"initialRows\":\"4\"}', '2013-06-13 21:02:00', '2013-06-13 21:02:00', '13f73071-f0c1-4f76-9b97-05b739c50170'),
 ('27', '5', 'From Name', 'fromName', '', '0', 'PlainText', '{\"placeholder\":\"Your Name\",\"multiline\":\"\",\"initialRows\":\"4\"}', '2013-06-13 21:02:32', '2013-06-26 20:00:55', '562df15a-0374-4567-8bc0-fa6968e8714c'),
 ('28', '5', 'From Email', 'fromEmail', '', '0', 'PlainText', '{\"placeholder\":\"Your Email\",\"multiline\":\"\",\"initialRows\":\"4\"}', '2013-06-13 21:02:40', '2013-06-26 20:00:50', 'b12d5f99-588e-4cb5-a4e4-0833656b8d64'),
 ('29', '5', 'Message', 'message', '', '0', 'PlainText', '{\"placeholder\":\"Message\",\"multiline\":\"\",\"initialRows\":\"4\"}', '2013-06-13 21:02:52', '2013-06-26 20:00:42', '0863a8cd-041d-487e-b89d-c974d5e2a876'),
 ('30', '5', 'Message Form Heading', 'messageFormHeading', '', '0', 'PlainText', '{\"placeholder\":\"\",\"multiline\":\"\",\"initialRows\":\"4\"}', '2013-06-13 21:04:02', '2013-06-13 21:04:02', 'e5eac2bf-6f30-4989-804c-521533dc6c9c'),
 ('31', '10', 'Award List', 'awardList', '', '0', 'Table', '{\"columns\":{\"col1\":{\"heading\":\"Title\",\"handle\":\"title\",\"width\":\"\",\"type\":\"singleline\"},\"col4\":{\"heading\":\"Event\",\"handle\":\"event\",\"width\":\"\",\"type\":\"singleline\"},\"col2\":{\"heading\":\"Year\",\"handle\":\"year\",\"width\":\"\",\"type\":\"singleline\"},\"col3\":{\"heading\":\"Url\",\"handle\":\"url\",\"width\":\"\",\"type\":\"singleline\"}},\"defaults\":{\"row1\":{\"col1\":\"\",\"col4\":\"\",\"col2\":\"\",\"col3\":\"\"}}}', '2013-06-13 21:09:45', '2013-08-01 01:40:42', '9eadd266-2644-46b2-8f80-e99540833a06'),
 ('32', '6', 'Sub-Heading', 'subHeading', '', '0', 'PlainText', '{\"placeholder\":\"\",\"multiline\":\"\",\"initialRows\":\"4\"}', '2013-06-13 21:21:53', '2013-06-13 21:21:53', '14ea4159-dce8-42d0-b78d-6da09e291cf7'),
 ('33', '7', 'Author Name', 'authorName', '', '0', 'PlainText', '{\"placeholder\":\"\",\"multiline\":\"\",\"initialRows\":\"4\"}', '2013-06-14 05:03:40', '2013-06-14 05:03:40', '50bc3856-5139-4efe-9048-190a3359bc40'),
 ('34', '7', 'Author Url', 'authorUrl', '', '0', 'PlainText', '{\"placeholder\":\"\",\"multiline\":\"\",\"initialRows\":\"4\"}', '2013-06-14 05:03:55', '2013-06-14 05:03:55', '84b18404-4802-47ac-9d01-f9b6adc94e4d'),
 ('35', '7', 'Work Title', 'workTitle', '', '0', 'PlainText', '{\"placeholder\":\"\",\"multiline\":\"\",\"initialRows\":\"4\"}', '2013-06-14 05:04:06', '2013-06-14 05:04:06', 'ff8a42be-f138-4253-bf65-a226e150b493'),
 ('36', '7', 'Work Url', 'workUrl', '', '0', 'PlainText', '{\"placeholder\":\"\",\"multiline\":\"\",\"initialRows\":\"4\"}', '2013-06-14 05:04:18', '2013-06-14 05:04:18', 'f7feb6f5-2e70-46cc-b154-50a9320afa73'),
 ('37', '4', 'Brief', 'brief', 'A brief introduction of Hsin-Lei Chen.', '0', 'PlainText', '{\"placeholder\":\"\",\"multiline\":\"1\",\"initialRows\":\"10\"}', '2013-06-15 15:42:51', '2013-06-15 15:45:05', 'b8ea820c-b0d7-4e8d-91b0-9ace1d62ca40'),
 ('38', '4', 'Career', 'career', 'The career experience of Hsin-Lei Chen.', '0', 'PlainText', '{\"placeholder\":\"\",\"multiline\":\"1\",\"initialRows\":\"10\"}', '2013-06-15 15:43:31', '2013-06-15 15:45:10', 'c72d8dc4-cf03-40ec-b045-7be181d71202'),
 ('39', '4', 'Press', 'press', 'The press quote for Hsin-Lei Chen.', '0', 'PlainText', '{\"placeholder\":\"\",\"multiline\":\"1\",\"initialRows\":\"10\"}', '2013-06-15 15:43:50', '2013-06-15 15:45:16', '4e909ea4-47d2-4443-9bda-a9d14618bfe0'),
 ('40', '3', 'Cover', 'cover', 'The cover image of the album.', '0', 'Assets', '{\"sources\":[\"folder:4\"],\"limit\":\"1\"}', '2013-06-17 01:44:06', '2013-06-17 02:11:43', 'c2ad14fa-eedf-44d9-8f14-f08c670cd809'),
 ('41', '2', 'Audio Data', 'audioData', 'The data json file.', '0', 'Assets', '{\"sources\":[\"folder:2\"],\"limit\":\"1\"}', '2013-06-19 01:14:53', '2013-07-20 15:16:58', '1c9c22c7-3481-4ca7-b3a3-a986b30017cc'),
 ('42', '5', 'Subject', 'subject', '', '0', 'PlainText', '{\"placeholder\":\"Subject\",\"multiline\":\"\",\"initialRows\":\"4\"}', '2013-06-26 20:00:28', '2013-06-26 20:00:28', '49eb9604-0242-4c83-b18d-647b9383aabc'),
 ('43', '2', 'Allow Download', 'allowDownload', '', '0', 'Dropdown', '{\"options\":[{\"label\":\"No\",\"value\":\"n\",\"default\":\"1\"},{\"label\":\"Yes\",\"value\":\"y\",\"default\":\"\"}]}', '2013-06-27 22:22:50', '2013-06-27 22:36:07', '314264a5-1bd1-4cb8-8b63-b5fe1eb3c1b1'),
 ('44', '5', 'LinkedIn Url', 'linkedinUrl', '', '0', 'PlainText', '{\"placeholder\":\"\",\"multiline\":\"\",\"initialRows\":\"4\"}', '2013-07-20 23:34:27', '2013-07-20 23:34:27', 'aeba58c1-b3e4-480b-9800-09c65e0d6a9f'),
 ('45', '5', 'YouTube Url', 'youtubeUrl', '', '0', 'PlainText', '{\"placeholder\":\"\",\"multiline\":\"\",\"initialRows\":\"4\"}', '2013-07-21 00:36:26', '2013-07-21 00:36:26', 'cd7f4fe1-8b2f-43a8-adc7-25da8df31287'),
 ('46', '5', 'Vimeo Url', 'vimeoUrl', '', '0', 'PlainText', '{\"placeholder\":\"\",\"multiline\":\"\",\"initialRows\":\"4\"}', '2013-07-21 00:36:43', '2013-07-21 00:36:43', 'd1cc2561-c1b2-46db-b3bc-31204b056aec'),
 ('47', '6', 'Downloads', 'downloads', '', '0', 'Assets', '{\"sources\":[\"folder:5\"],\"limit\":\"\"}', '2013-07-21 18:52:12', '2013-07-21 18:55:31', '5bfd863e-7137-41fa-9ce1-c3ad3174e2ca'),
 ('48', '8', 'Meta Keywords', 'metaKeywords', 'keywords meta tag', '0', 'PlainText', '{\"placeholder\":\"\",\"multiline\":\"\",\"initialRows\":\"4\"}', '2013-07-21 19:17:10', '2013-07-21 19:22:49', 'cf483aad-17fe-44aa-b83a-708b1f765997'),
 ('49', '8', 'Meta Description', 'metaDescription', 'description meta tag', '0', 'PlainText', '{\"placeholder\":\"\",\"multiline\":\"\",\"initialRows\":\"4\"}', '2013-07-21 19:17:56', '2013-07-21 19:22:39', '8afa46cd-8f8c-4814-bc19-2affc358db09'),
 ('50', '8', 'Facebook Image', 'facebookImage', '', '0', 'Assets', '{\"sources\":[\"folder:6\"],\"limit\":\"1\"}', '2013-07-21 19:19:57', '2013-07-21 19:29:04', '41dd37b9-1313-49ef-979e-1d00c30d73d0'),
 ('51', '8', 'Icon iPhone', 'iconIphone', '57x57', '0', 'Assets', '{\"sources\":[\"folder:6\"],\"limit\":\"1\"}', '2013-07-21 19:44:01', '2013-07-21 19:44:01', 'a1eff623-f148-4aed-89a2-ee8a58b07ac9'),
 ('52', '8', 'Icon iPad', 'iconIpad', '72x72', '0', 'Assets', '{\"sources\":[\"folder:6\"],\"limit\":\"1\"}', '2013-07-21 19:44:29', '2013-07-21 19:44:29', 'b3c8ee7a-d8fc-4ced-bcfd-779554016e37'),
 ('53', '8', 'Icon iPhone Retina', 'iconIphoneRetina', '114x114', '0', 'Assets', '{\"sources\":[\"folder:6\"],\"limit\":\"1\"}', '2013-07-21 19:45:14', '2013-07-21 19:45:14', '7c5b95de-99e1-4988-91f0-c67ab986a1bc'),
 ('54', '8', 'Icon iPad Retina', 'iconIpadRetina', '144x144', '0', 'Assets', '{\"sources\":[\"folder:6\"],\"limit\":\"1\"}', '2013-07-21 19:45:35', '2013-07-21 19:45:35', 'c54cc18f-9236-4557-9b4f-18e413c39891'),
 ('55', '6', 'Token', 'token', '', '0', 'PlainText', '{\"placeholder\":\"\",\"multiline\":\"\",\"initialRows\":\"4\"}', '2013-07-22 01:25:52', '2013-07-22 01:26:06', 'f3e7194f-245c-4fe3-bc27-b493851da164'),
 ('56', '5', 'Email Owner', 'emailOwner', 'The contact person\'s name.', '0', 'PlainText', '{\"placeholder\":\"\",\"multiline\":\"\",\"initialRows\":\"4\"}', '2013-07-28 23:24:19', '2013-07-28 23:24:19', '93bc1902-628a-4cf8-892f-4904c998bf82'),
 ('57', '9', 'Tags', 'tags', NULL, '0', 'Tags', '{\"source\":\"tagset:1\"}', '2013-08-01 01:32:34', '2013-08-01 01:32:34', '733e9b26-63ac-4dd5-9ed4-6af8b764899a');
COMMIT;


--
-- Schema for table `craft_globalsets`
--

DROP TABLE IF EXISTS `craft_globalsets`;

CREATE TABLE `craft_globalsets` (
  `id` int(11) NOT NULL,
  `name` varchar(100) COLLATE utf8_unicode_ci NOT NULL,
  `handle` char(45) COLLATE utf8_unicode_ci NOT NULL,
  `fieldLayoutId` int(10) DEFAULT NULL,
  `dateCreated` datetime NOT NULL,
  `dateUpdated` datetime NOT NULL,
  `uid` char(36) COLLATE utf8_unicode_ci NOT NULL DEFAULT '0',
  PRIMARY KEY (`id`),
  UNIQUE KEY `craft_globalsets_name_unq_idx` (`name`),
  UNIQUE KEY `craft_globalsets_handle_unq_idx` (`handle`),
  KEY `craft_globalsets_fieldLayoutId_fk` (`fieldLayoutId`)
) ENGINE=InnoDB DEFAULT CHARSET=utf8 COLLATE=utf8_unicode_ci;

--
-- Data for table `craft_globalsets`
--

BEGIN;
INSERT INTO `craft_globalsets` (`id`, `name`, `handle`, `fieldLayoutId`, `dateCreated`, `dateUpdated`, `uid`) VALUES
 ('6', 'Biography', 'biography', '37', '2013-06-13 20:48:27', '2013-07-22 01:27:49', '03f87cd4-dc61-408b-99b9-436dc4634d5d'),
 ('7', 'Contact', 'contact', '41', '2013-06-13 21:03:12', '2013-07-28 23:24:48', '9f0f78fd-c443-49d8-a77a-8cc94d7c061a'),
 ('8', 'Awards', 'awards', '38', '2013-06-13 21:08:19', '2013-07-22 01:27:55', '2001a20b-d644-4223-a4c2-4f18d95f75d8'),
 ('10', 'Home', 'home', '40', '2013-06-13 21:22:12', '2013-07-22 01:28:46', '99350073-9754-4343-bec2-20fb0d339693'),
 ('44', 'Resume', 'resume', '30', '2013-07-21 18:51:04', '2013-07-21 18:52:39', 'fccf26b3-8816-4a27-837a-e3682f88953b'),
 ('45', 'Meta', 'meta', '35', '2013-07-21 19:20:35', '2013-07-21 19:46:47', '44991799-c286-4f0e-9054-eca047923e86');
COMMIT;


--
-- Schema for table `craft_info`
--

DROP TABLE IF EXISTS `craft_info`;

CREATE TABLE `craft_info` (
  `id` int(11) NOT NULL AUTO_INCREMENT,
  `version` char(15) COLLATE utf8_unicode_ci NOT NULL,
  `build` int(11) unsigned NOT NULL,
  `packages` varchar(200) COLLATE utf8_unicode_ci DEFAULT NULL,
  `releaseDate` datetime NOT NULL,
  `siteName` varchar(100) COLLATE utf8_unicode_ci NOT NULL,
  `siteUrl` varchar(255) COLLATE utf8_unicode_ci NOT NULL,
  `timezone` varchar(30) COLLATE utf8_unicode_ci DEFAULT NULL,
  `on` tinyint(1) unsigned NOT NULL DEFAULT '0',
  `maintenance` tinyint(1) unsigned NOT NULL DEFAULT '0',
  `track` varchar(40) COLLATE utf8_unicode_ci NOT NULL,
  `dateCreated` datetime NOT NULL,
  `dateUpdated` datetime NOT NULL,
  `uid` char(36) COLLATE utf8_unicode_ci NOT NULL DEFAULT '0',
  PRIMARY KEY (`id`)
) ENGINE=InnoDB AUTO_INCREMENT=2 DEFAULT CHARSET=utf8 COLLATE=utf8_unicode_ci;

--
-- Data for table `craft_info`
--

BEGIN;
INSERT INTO `craft_info` (`id`, `version`, `build`, `packages`, `releaseDate`, `siteName`, `siteUrl`, `timezone`, `on`, `maintenance`, `track`, `dateCreated`, `dateUpdated`, `uid`) VALUES
 ('1', '1.1', '2304', 'PublishPro,Users', '2013-08-19 23:48:20', 'Hsin-Lei Chen', 'http://', 'UTC', '1', '0', 'stable', '2013-06-13 00:37:55', '2013-08-26 14:49:57', 'fc75fae5-406f-4d67-8ac4-295e67867be8');
COMMIT;


--
-- Schema for table `craft_locales`
--

DROP TABLE IF EXISTS `craft_locales`;

CREATE TABLE `craft_locales` (
  `locale` char(12) COLLATE utf8_unicode_ci NOT NULL,
  `sortOrder` tinyint(4) DEFAULT NULL,
  `dateCreated` datetime NOT NULL,
  `dateUpdated` datetime NOT NULL,
  `uid` char(36) COLLATE utf8_unicode_ci NOT NULL DEFAULT '0',
  PRIMARY KEY (`locale`)
) ENGINE=InnoDB DEFAULT CHARSET=utf8 COLLATE=utf8_unicode_ci;

--
-- Data for table `craft_locales`
--

BEGIN;
INSERT INTO `craft_locales` (`locale`, `sortOrder`, `dateCreated`, `dateUpdated`, `uid`) VALUES
 ('en_us', '1', '2013-06-13 00:37:57', '2013-06-13 00:37:57', '94e81c1b-1b8a-42f3-96bd-f56a16c30ceb');
COMMIT;


--
-- Schema for table `craft_migrations`
--

DROP TABLE IF EXISTS `craft_migrations`;

CREATE TABLE `craft_migrations` (
  `id` int(11) NOT NULL AUTO_INCREMENT,
  `pluginId` int(11) DEFAULT NULL,
  `version` varchar(255) COLLATE utf8_unicode_ci NOT NULL,
  `applyTime` datetime NOT NULL,
  `dateCreated` datetime NOT NULL,
  `dateUpdated` datetime NOT NULL,
  `uid` char(36) COLLATE utf8_unicode_ci NOT NULL DEFAULT '0',
  PRIMARY KEY (`id`),
  UNIQUE KEY `craft_migrations_version_unq_idx` (`version`),
  KEY `craft_migrations_pluginId_fk` (`pluginId`)
) ENGINE=InnoDB AUTO_INCREMENT=10 DEFAULT CHARSET=utf8 COLLATE=utf8_unicode_ci;

--
-- Data for table `craft_migrations`
--

BEGIN;
INSERT INTO `craft_migrations` (`id`, `pluginId`, `version`, `applyTime`, `dateCreated`, `dateUpdated`, `uid`) VALUES
 ('1', NULL, 'm000000_000000_base', '2013-06-13 00:37:56', '2013-06-13 00:37:56', '2013-06-13 00:37:56', '3c74f1ec-a9e8-4d04-a7a4-c7d044afaba4'),
 ('2', NULL, 'm130613_000000_add_cascade_delete_to_relations', '2013-06-18 18:58:01', '2013-06-18 18:58:01', '2013-06-18 18:58:01', 'ec99a86c-c28c-4d6e-89fb-b986ca5739a1'),
 ('3', NULL, 'm130729_000000_titles', '2013-08-01 01:32:25', '2013-08-01 01:32:25', '2013-08-01 01:32:25', '3768f20c-0766-4b44-a802-80a63ac0b2fd'),
 ('4', NULL, 'm130729_000001_tags', '2013-08-01 01:32:34', '2013-08-01 01:32:34', '2013-08-01 01:32:34', '420e9d3f-3aaa-489b-9a99-5879af866c4d'),
 ('5', NULL, 'm130730_000000_fix_tags_fieldlayout', '2013-08-26 14:49:55', '2013-08-26 14:49:55', '2013-08-26 14:49:55', '0e1ea8cc-4864-4b9f-aed5-321674507c2f'),
 ('6', NULL, 'm130805_193351_drop_orphaned_field_layouts', '2013-08-26 14:49:55', '2013-08-26 14:49:55', '2013-08-26 14:49:55', 'b01bfa64-5b41-492b-b58c-4bb73657f91b'),
 ('7', NULL, 'm130805_193360_add_cascade_delete_to_relations_retro', '2013-08-26 14:49:56', '2013-08-26 14:49:56', '2013-08-26 14:49:56', 'b3fe2c78-a14c-42c3-b19b-3b44c87d69d6'),
 ('8', NULL, 'm130806_000000_drop_orphaned_elements', '2013-08-26 14:49:56', '2013-08-26 14:49:56', '2013-08-26 14:49:56', 'ed7410fa-be66-4a82-8dbc-6a76c50849b2'),
 ('9', NULL, 'm130815_000000_add_cascade_delete_to_relations_again', '2013-08-26 14:49:57', '2013-08-26 14:49:57', '2013-08-26 14:49:57', 'b404da4a-0b0c-4be9-b315-a8ad615eec8d');
COMMIT;


--
-- Schema for table `craft_plugins`
--

DROP TABLE IF EXISTS `craft_plugins`;

CREATE TABLE `craft_plugins` (
  `id` int(11) NOT NULL AUTO_INCREMENT,
  `class` char(150) COLLATE utf8_unicode_ci NOT NULL,
  `version` char(15) COLLATE utf8_unicode_ci NOT NULL,
  `enabled` tinyint(1) unsigned NOT NULL DEFAULT '0',
  `settings` text COLLATE utf8_unicode_ci,
  `installDate` datetime NOT NULL,
  `dateCreated` datetime NOT NULL,
  `dateUpdated` datetime NOT NULL,
  `uid` char(36) COLLATE utf8_unicode_ci NOT NULL DEFAULT '0',
  PRIMARY KEY (`id`)
) ENGINE=InnoDB AUTO_INCREMENT=2 DEFAULT CHARSET=utf8 COLLATE=utf8_unicode_ci;

--
-- Data for table `craft_plugins`
--

BEGIN;
INSERT INTO `craft_plugins` (`id`, `class`, `version`, `enabled`, `settings`, `installDate`, `dateCreated`, `dateUpdated`, `uid`) VALUES
 ('1', 'SortByField', '0.1', '1', NULL, '2013-08-26 17:33:17', '2013-08-26 17:33:17', '2013-08-26 17:33:17', '44c3c3f8-71c1-461c-8e87-a51f9d1d47aa');
COMMIT;


--
-- Schema for table `craft_rackspaceaccess`
--

DROP TABLE IF EXISTS `craft_rackspaceaccess`;

CREATE TABLE `craft_rackspaceaccess` (
  `id` int(11) NOT NULL AUTO_INCREMENT,
  `connectionKey` varchar(255) COLLATE utf8_unicode_ci NOT NULL,
  `token` varchar(255) COLLATE utf8_unicode_ci NOT NULL,
  `storageUrl` varchar(255) COLLATE utf8_unicode_ci NOT NULL,
  `cdnUrl` varchar(255) COLLATE utf8_unicode_ci NOT NULL,
  `dateCreated` datetime NOT NULL,
  `dateUpdated` datetime NOT NULL,
  `uid` char(36) COLLATE utf8_unicode_ci NOT NULL DEFAULT '0',
  PRIMARY KEY (`id`),
  UNIQUE KEY `craft_rackspaceaccess_connectionKey_unq_idx` (`connectionKey`)
) ENGINE=InnoDB DEFAULT CHARSET=utf8 COLLATE=utf8_unicode_ci;

--
-- Schema for table `craft_relations`
--

DROP TABLE IF EXISTS `craft_relations`;

CREATE TABLE `craft_relations` (
  `id` int(11) NOT NULL AUTO_INCREMENT,
  `fieldId` int(11) NOT NULL,
  `parentId` int(11) NOT NULL,
  `childId` int(11) NOT NULL,
  `sortOrder` tinyint(4) DEFAULT NULL,
  `dateCreated` datetime NOT NULL,
  `dateUpdated` datetime NOT NULL,
  `uid` char(36) COLLATE utf8_unicode_ci NOT NULL DEFAULT '0',
  PRIMARY KEY (`id`),
  UNIQUE KEY `craft_relations_fieldId_parentId_childId_unq_idx` (`fieldId`,`parentId`,`childId`),
  KEY `craft_relations_parentId_fk` (`parentId`),
  KEY `craft_relations_childId_fk` (`childId`)
) ENGINE=InnoDB AUTO_INCREMENT=1012 DEFAULT CHARSET=utf8 COLLATE=utf8_unicode_ci;

--
-- Data for table `craft_relations`
--

BEGIN;
INSERT INTO `craft_relations` (`id`, `fieldId`, `parentId`, `childId`, `sortOrder`, `dateCreated`, `dateUpdated`, `uid`) VALUES
 ('162', '5', '17', '21', '1', '2013-07-20 17:31:04', '2013-07-20 17:31:04', 'bdaa868d-a34d-4cbe-b07a-ffb15f47bfcb'),
 ('163', '5', '17', '16', '2', '2013-07-20 17:31:04', '2013-07-20 17:31:04', '362283a8-7248-4f76-afc1-9fb534920db7'),
 ('164', '4', '17', '19', '1', '2013-07-20 17:31:04', '2013-07-20 17:31:04', 'b5921c0f-dff7-4956-8392-8a3114abf624'),
 ('165', '4', '17', '20', '2', '2013-07-20 17:31:04', '2013-07-20 17:31:04', '0fc6ecd4-48e4-4ef6-a273-5ea54f91b164'),
 ('166', '41', '17', '40', '1', '2013-07-20 17:31:04', '2013-07-20 17:31:04', 'd636cbf6-99d3-4e58-9afe-c3a06c0cef3d'),
 ('167', '12', '17', '26', '1', '2013-07-20 17:31:04', '2013-07-20 17:31:04', '204ceac1-cc01-4d18-a2e5-51d48b1b79f6'),
 ('168', '12', '17', '4', '2', '2013-07-20 17:31:04', '2013-07-20 17:31:04', '00991b35-1901-4069-a829-01866a18d7a2'),
 ('169', '5', '4', '13', '1', '2013-07-20 17:31:16', '2013-07-20 17:31:16', '7c0c79f5-8f0f-4bc5-80d4-5ef10145e9cc'),
 ('170', '5', '4', '24', '2', '2013-07-20 17:31:16', '2013-07-20 17:31:16', '4579b951-871d-4782-a8cb-48f0a5028b71'),
 ('171', '5', '4', '23', '3', '2013-07-20 17:31:16', '2013-07-20 17:31:16', 'cf49c005-ce90-4227-9a6e-3a1d4502288c'),
 ('172', '4', '4', '22', '1', '2013-07-20 17:31:16', '2013-07-20 17:31:16', 'a35a1dff-6302-4e1f-a27a-9dc250ffeecc'),
 ('173', '4', '4', '25', '2', '2013-07-20 17:31:16', '2013-07-20 17:31:16', '12fe3a60-9dea-4c55-911b-e6b08c199f80'),
 ('174', '41', '4', '38', '1', '2013-07-20 17:31:16', '2013-07-20 17:31:16', 'ecbb8dc3-fe7e-47a7-bbc6-355b6a007333'),
 ('183', '5', '33', '34', '1', '2013-07-22 05:04:31', '2013-07-22 05:04:31', 'dc52abb3-96d1-41ed-a29d-51ac4a1bafeb'),
 ('184', '5', '33', '36', '2', '2013-07-22 05:04:31', '2013-07-22 05:04:31', '0d36d63c-488f-42cc-a6c4-9334c80497c0'),
 ('185', '4', '33', '31', '1', '2013-07-22 05:04:31', '2013-07-22 05:04:31', '3286c5e5-894e-40ba-b4df-863394b3edef'),
 ('186', '4', '33', '32', '2', '2013-07-22 05:04:31', '2013-07-22 05:04:31', '54fc3271-cfd6-4e1a-9cf6-6e954dcad355'),
 ('187', '41', '33', '37', '1', '2013-07-22 05:04:31', '2013-07-22 05:04:31', 'becb7d93-db69-4d32-b165-fd0334783c2a'),
 ('188', '12', '33', '26', '1', '2013-07-22 05:04:31', '2013-07-22 05:04:31', 'ba884dd0-4c0e-464b-bb2c-81646389320f'),
 ('189', '12', '33', '17', '2', '2013-07-22 05:04:31', '2013-07-22 05:04:31', '9279eecb-cdd1-4b88-a482-ab54c1a5bc73'),
 ('190', '12', '33', '4', '3', '2013-07-22 05:04:31', '2013-07-22 05:04:31', '4d0b9020-eb99-4906-bf91-65ab25fd075e'),
 ('208', '5', '51', '52', '1', '2013-08-02 05:50:55', '2013-08-02 05:50:55', '90a03090-c51f-4188-bde8-d79ab9a5440f'),
 ('209', '4', '51', '47', '1', '2013-08-02 05:50:55', '2013-08-02 05:50:55', '5d23c570-2b4a-4c21-8bcd-a7ab1ea7e3d2'),
 ('210', '4', '51', '48', '2', '2013-08-02 05:50:55', '2013-08-02 05:50:55', 'b63ed3f3-f52b-4bcb-98ed-b93c1d1c4a0d'),
 ('211', '41', '51', '49', '1', '2013-08-02 05:50:55', '2013-08-02 05:50:55', '718eeaac-ac8d-4a8b-b6b5-f7b963d277f9'),
 ('212', '12', '51', '26', '1', '2013-08-02 05:50:55', '2013-08-02 05:50:55', 'ed2eea7e-53fa-41ba-b03a-574792cb6013'),
 ('232', '4', '61', '63', '1', '2013-08-26 15:21:13', '2013-08-26 15:21:13', 'aef6d4c4-d623-49e8-8634-22db8b76463d'),
 ('233', '4', '61', '64', '2', '2013-08-26 15:21:13', '2013-08-26 15:21:13', 'd392ddcd-680d-43c8-9393-adaa96458f0e'),
 ('234', '41', '61', '62', '1', '2013-08-26 15:21:13', '2013-08-26 15:21:13', 'cc5dc537-36b7-4a40-891d-8d12fb2a5be5'),
 ('277', '4', '84', '81', '1', '2013-08-26 17:43:16', '2013-08-26 17:43:16', 'ce61278d-f909-4f47-a61b-61e265a40c8f'),
 ('278', '4', '84', '82', '2', '2013-08-26 17:43:16', '2013-08-26 17:43:16', '3d8be712-e34c-4de3-a535-c3483d10f6cc'),
 ('279', '41', '84', '83', '1', '2013-08-26 17:43:16', '2013-08-26 17:43:16', '60b97b82-3eb6-4717-a51d-798f90d32016'),
 ('280', '4', '80', '77', '1', '2013-08-26 17:43:24', '2013-08-26 17:43:24', 'a4847bde-2aee-43cf-b854-d4dbfdb04b55'),
 ('281', '4', '80', '78', '2', '2013-08-26 17:43:24', '2013-08-26 17:43:24', '490c05d4-62ac-4a50-a338-9143e64492e6'),
 ('282', '41', '80', '79', '1', '2013-08-26 17:43:24', '2013-08-26 17:43:24', 'eee28dfc-0260-468d-bcab-60b8794500ef'),
 ('283', '4', '73', '74', '1', '2013-08-26 17:43:32', '2013-08-26 17:43:32', '59e8cd40-c103-4616-a17b-037e8e488146'),
 ('284', '4', '73', '75', '2', '2013-08-26 17:43:32', '2013-08-26 17:43:32', '7a5bb0a5-e494-40dd-8b3f-f9f54a8eff78'),
 ('285', '41', '73', '76', '1', '2013-08-26 17:43:32', '2013-08-26 17:43:32', '95b45966-acde-46a7-9634-20fc1e4f5acc'),
 ('286', '4', '71', '69', '1', '2013-08-26 17:43:41', '2013-08-26 17:43:41', '2b863afd-f39a-40ce-9aba-a3c01ac00d1c'),
 ('287', '4', '71', '70', '2', '2013-08-26 17:43:41', '2013-08-26 17:43:41', 'bde5a772-fb48-4b4a-a0b2-880ce90b4306'),
 ('288', '41', '71', '72', '1', '2013-08-26 17:43:41', '2013-08-26 17:43:41', '60762a1d-0d85-4487-89c1-5bfe9c4f341f'),
 ('289', '4', '65', '67', '1', '2013-08-26 17:43:50', '2013-08-26 17:43:50', '1d82ea13-09fb-450e-ba57-268f1ba49aaa'),
 ('290', '4', '65', '68', '2', '2013-08-26 17:43:50', '2013-08-26 17:43:50', '544afeeb-5110-4a38-8f4f-686ab01183f5'),
 ('291', '41', '65', '66', '1', '2013-08-26 17:43:50', '2013-08-26 17:43:50', '44317d50-863a-4ab9-8941-3193cf5fcf5f'),
 ('292', '4', '88', '85', '1', '2013-08-26 18:59:50', '2013-08-26 18:59:50', '1f769b31-3b42-4ad2-b614-e100831881bc'),
 ('293', '4', '88', '86', '2', '2013-08-26 18:59:50', '2013-08-26 18:59:50', '6888ee68-9903-449f-953f-08588695bba8'),
 ('294', '41', '88', '87', '1', '2013-08-26 18:59:50', '2013-08-26 18:59:50', '19c2e863-aff9-48da-9b38-52c8a01e1c32'),
 ('301', '4', '90', '97', '1', '2013-08-26 19:20:38', '2013-08-26 19:20:38', '3805c864-60e4-4bfe-a869-a1427615f929'),
 ('302', '4', '90', '98', '2', '2013-08-26 19:20:38', '2013-08-26 19:20:38', '65be2e75-7a0b-472c-a88e-38d12aa09c07'),
 ('303', '41', '90', '109', '1', '2013-08-26 19:20:38', '2013-08-26 19:20:38', 'c65fa4df-1fc3-482b-aec1-eab27f6c1755'),
 ('304', '12', '90', '89', '1', '2013-08-26 19:20:38', '2013-08-26 19:20:38', '3383c540-ecb7-49e8-ba30-1fd2794d6c22'),
 ('305', '12', '90', '91', '2', '2013-08-26 19:20:38', '2013-08-26 19:20:38', 'd139184d-ea81-4ccf-9f6c-04bffe357f2f'),
 ('306', '12', '90', '92', '3', '2013-08-26 19:20:38', '2013-08-26 19:20:38', '65df43e5-5d8f-477b-99e9-2395adaa0811'),
 ('307', '12', '90', '93', '4', '2013-08-26 19:20:38', '2013-08-26 19:20:38', '89dbf880-09b3-4246-8db5-bdf0bbe973ea'),
 ('308', '4', '89', '95', '1', '2013-08-26 19:20:55', '2013-08-26 19:20:55', 'e277e085-4aa0-4803-a0ba-11aa276bde50'),
 ('309', '4', '89', '96', '2', '2013-08-26 19:20:55', '2013-08-26 19:20:55', '79d25753-03a0-4846-a1ac-4f94ed82be55'),
 ('310', '41', '89', '108', '1', '2013-08-26 19:20:55', '2013-08-26 19:20:55', 'db919781-ac8c-4c0a-8768-0dea48eba4f4'),
 ('311', '12', '89', '90', '1', '2013-08-26 19:20:55', '2013-08-26 19:20:55', '96743e9d-aac1-4e88-96f8-6e918ea50904'),
 ('312', '12', '89', '91', '2', '2013-08-26 19:20:55', '2013-08-26 19:20:55', 'baf50746-83e9-4b93-b105-75e86e19035e'),
 ('313', '12', '89', '92', '3', '2013-08-26 19:20:55', '2013-08-26 19:20:55', '63829d83-0048-40e5-9e88-671b7f8af72b'),
 ('314', '12', '89', '93', '4', '2013-08-26 19:20:55', '2013-08-26 19:20:55', 'edc2bfe0-20f1-4ab7-9794-5d2f0a29989e'),
 ('315', '4', '91', '100', '1', '2013-08-26 19:36:50', '2013-08-26 19:36:50', '4342240f-7684-4700-bc0e-defe57c80013'),
 ('316', '4', '91', '101', '2', '2013-08-26 19:36:50', '2013-08-26 19:36:50', '26d2623d-d236-4719-8ae0-52bf9d8d2edf'),
 ('317', '41', '91', '110', '1', '2013-08-26 19:36:50', '2013-08-26 19:36:50', 'd2959e1f-7ff5-468b-b5f3-5ae03855d81f'),
 ('318', '12', '91', '89', '1', '2013-08-26 19:36:50', '2013-08-26 19:36:50', '2488a5ec-2119-4564-9bbd-4f081bf8df9a'),
 ('319', '12', '91', '90', '2', '2013-08-26 19:36:50', '2013-08-26 19:36:50', '4e90df71-e547-48dd-8058-c5324e0c6f61'),
 ('320', '12', '91', '92', '3', '2013-08-26 19:36:50', '2013-08-26 19:36:50', '0638b098-aae8-4084-a3e0-f7f39c44edb6'),
 ('321', '12', '91', '93', '4', '2013-08-26 19:36:50', '2013-08-26 19:36:50', 'a6953ae2-3f76-4b82-b19a-bdf08b8afae6'),
 ('322', '4', '92', '103', '1', '2013-08-26 19:37:30', '2013-08-26 19:37:30', '860c2eeb-4a2b-49ae-93a1-c88be005b322'),
 ('323', '4', '92', '104', '2', '2013-08-26 19:37:30', '2013-08-26 19:37:30', 'a7f9b4af-6ae8-416b-a4ce-dead2cb9fb56'),
 ('324', '41', '92', '111', '1', '2013-08-26 19:37:30', '2013-08-26 19:37:30', 'f158d89e-534c-48be-a8fb-8b4cb36a3774'),
 ('325', '12', '92', '89', '1', '2013-08-26 19:37:30', '2013-08-26 19:37:30', '1d90f53f-113a-420b-a635-e01d5ae821f3'),
 ('326', '12', '92', '90', '2', '2013-08-26 19:37:30', '2013-08-26 19:37:30', 'f9e3940c-6853-4a25-88c8-30e47c8b71cb'),
 ('327', '12', '92', '91', '3', '2013-08-26 19:37:30', '2013-08-26 19:37:30', '9b5c9999-65fd-43a5-8320-ed8c0887635a'),
 ('328', '12', '92', '93', '4', '2013-08-26 19:37:30', '2013-08-26 19:37:30', 'd0836932-8dd9-4eaf-a7d2-d5312513094a'),
 ('329', '4', '93', '106', '1', '2013-08-26 19:38:20', '2013-08-26 19:38:20', '00480708-f043-4292-b02f-e963bd71405e'),
 ('330', '4', '93', '107', '2', '2013-08-26 19:38:20', '2013-08-26 19:38:20', '52e65e46-331e-42ba-a112-4c3890321799'),
 ('331', '41', '93', '112', '1', '2013-08-26 19:38:20', '2013-08-26 19:38:20', '410dafb6-278c-4c8e-bf07-a552d5a7811a'),
 ('332', '12', '93', '89', '1', '2013-08-26 19:38:20', '2013-08-26 19:38:20', '15bba512-fd97-41c9-a18c-58beac8826fb'),
 ('333', '12', '93', '90', '2', '2013-08-26 19:38:20', '2013-08-26 19:38:20', '7f464e72-490e-4abc-9280-a59c62670962'),
 ('334', '12', '93', '91', '3', '2013-08-26 19:38:20', '2013-08-26 19:38:20', 'fb3b3724-f4f3-4252-81ce-dda122bf8cba'),
 ('335', '12', '93', '92', '4', '2013-08-26 19:38:20', '2013-08-26 19:38:20', '34d2ecb7-ea5e-4831-bd06-d81bf4bdbf1f'),
 ('344', '4', '116', '114', '1', '2013-08-26 19:45:46', '2013-08-26 19:45:46', 'b52d49b0-840f-4353-877a-a89b075c00d5'),
 ('345', '4', '116', '113', '2', '2013-08-26 19:45:46', '2013-08-26 19:45:46', '7dcfc49b-ce96-45b9-9bc5-d345367e63dc'),
 ('346', '41', '116', '115', '1', '2013-08-26 19:45:46', '2013-08-26 19:45:46', '71ff74e7-cb3e-4569-b6d3-094fe58bd6ed'),
 ('356', '4', '117', '122', '1', '2013-08-26 20:02:25', '2013-08-26 20:02:25', '57518960-16e6-4208-a267-7642c5e89d0d'),
 ('357', '4', '117', '120', '2', '2013-08-26 20:02:25', '2013-08-26 20:02:25', 'f9b2c3cc-ab9c-462c-9bef-5d545990ff9c'),
 ('358', '41', '117', '126', '1', '2013-08-26 20:02:25', '2013-08-26 20:02:25', '51541674-689b-4c6f-a580-1c9ecc50b11b'),
 ('359', '12', '117', '118', '1', '2013-08-26 20:02:25', '2013-08-26 20:02:25', '5288743b-4e8e-4850-b5d1-6765efa1b0ea'),
 ('360', '12', '117', '119', '2', '2013-08-26 20:02:25', '2013-08-26 20:02:25', '4848026a-ba1d-43bf-92ba-9c76a01704fc'),
 ('361', '4', '118', '121', '1', '2013-08-26 20:03:03', '2013-08-26 20:03:03', '84905ef9-8903-42db-9f54-43dd43f29f29'),
 ('362', '4', '118', '123', '2', '2013-08-26 20:03:03', '2013-08-26 20:03:03', '8d2a5255-15df-4df2-9363-a610fcd4619d'),
 ('363', '41', '118', '127', '1', '2013-08-26 20:03:03', '2013-08-26 20:03:03', '3571d44c-ac10-4fe6-a4a2-7b7f458cc0e6'),
 ('364', '12', '118', '117', '1', '2013-08-26 20:03:03', '2013-08-26 20:03:03', 'c9ca937d-216f-464e-935d-e4491cfdd1aa'),
 ('365', '12', '118', '119', '2', '2013-08-26 20:03:03', '2013-08-26 20:03:03', 'ad3ef145-e2fd-41ca-9745-1e437daa99b1'),
 ('366', '4', '119', '124', '1', '2013-08-26 20:03:45', '2013-08-26 20:03:45', '303be6bf-19fc-4619-b4b8-3ff364ec818c'),
 ('367', '4', '119', '125', '2', '2013-08-26 20:03:45', '2013-08-26 20:03:45', 'cab5bf86-3598-48aa-884a-7a9fb7373ded'),
 ('368', '41', '119', '128', '1', '2013-08-26 20:03:45', '2013-08-26 20:03:45', 'bf800cd4-cfae-4c7f-ac27-2391a5490c80'),
 ('369', '12', '119', '117', '1', '2013-08-26 20:03:45', '2013-08-26 20:03:45', 'ee0a4784-9df6-4129-beca-a212ea53fdac'),
 ('370', '12', '119', '118', '2', '2013-08-26 20:03:45', '2013-08-26 20:03:45', '38d0cb85-a192-4368-bf30-b1c732ea30c0'),
 ('371', '40', '54', '53', '1', '2013-08-26 20:04:17', '2013-08-26 20:04:17', '135e4864-3760-427e-8e13-0b58329dab6c'),
 ('372', '13', '54', '61', '1', '2013-08-26 20:04:17', '2013-08-26 20:04:17', 'd5b29ef8-531c-4e4b-b0aa-a865de0a0d72'),
 ('373', '13', '54', '88', '2', '2013-08-26 20:04:17', '2013-08-26 20:04:17', 'd6caba9e-2fd0-4155-ab9f-d13a195cd93a'),
 ('374', '13', '54', '89', '3', '2013-08-26 20:04:17', '2013-08-26 20:04:17', '07c3480f-6887-43c6-91ef-49f9a7c81417'),
 ('375', '13', '54', '90', '4', '2013-08-26 20:04:17', '2013-08-26 20:04:17', 'bca31d63-d178-4abe-bc8e-894b7e0a1c9c'),
 ('376', '13', '54', '91', '5', '2013-08-26 20:04:17', '2013-08-26 20:04:17', '7adbc3c1-ba7f-4f98-afdb-eee6cef61ef3'),
 ('377', '13', '54', '92', '6', '2013-08-26 20:04:17', '2013-08-26 20:04:17', '4488aea6-1aae-4504-acae-80b76280f558'),
 ('378', '13', '54', '93', '7', '2013-08-26 20:04:17', '2013-08-26 20:04:17', '2df5ae13-abec-4a32-9f09-9d60d45f63b0'),
 ('379', '13', '54', '116', '8', '2013-08-26 20:04:17', '2013-08-26 20:04:17', '10c57a64-79be-4ef0-ac49-70c0f7aab766'),
 ('380', '13', '54', '117', '9', '2013-08-26 20:04:17', '2013-08-26 20:04:17', '8bc06c8a-136b-46cf-a174-729790195e0a'),
 ('381', '13', '54', '118', '10', '2013-08-26 20:04:17', '2013-08-26 20:04:17', 'e883b034-af56-47c4-bfab-1635a125cacf'),
 ('382', '13', '54', '119', '11', '2013-08-26 20:04:17', '2013-08-26 20:04:17', '86485bdd-68f9-4115-bb23-833da1782fe8'),
 ('521', '4', '176', '175', '1', '2013-08-26 21:33:36', '2013-08-26 21:33:36', '13c7785a-f508-4d49-9880-69cec2698b4b'),
 ('522', '4', '176', '174', '2', '2013-08-26 21:33:36', '2013-08-26 21:33:36', '36f04951-8e26-4ac1-b096-0c770cdf5181'),
 ('523', '41', '176', '173', '1', '2013-08-26 21:33:36', '2013-08-26 21:33:36', '4c0f5be1-845b-40f4-bffc-3bf28c51a589'),
 ('524', '12', '176', '172', '1', '2013-08-26 21:33:36', '2013-08-26 21:33:36', 'a35f3e9d-b49e-4277-8844-a93661db1d05'),
 ('525', '12', '176', '168', '2', '2013-08-26 21:33:36', '2013-08-26 21:33:36', '62d21e7f-9e1b-488a-9cbb-ae4edd86ee99'),
 ('526', '12', '176', '164', '3', '2013-08-26 21:33:36', '2013-08-26 21:33:36', 'e14baccb-e1bb-4939-9a60-a00600465a99'),
 ('527', '12', '176', '160', '4', '2013-08-26 21:33:36', '2013-08-26 21:33:36', '17cb89f7-1663-4548-aae3-93f21b218171'),
 ('528', '4', '172', '169', '1', '2013-08-26 21:34:12', '2013-08-26 21:34:12', '4955c84e-6dd7-408b-b376-2459a1ad6890'),
 ('529', '4', '172', '170', '2', '2013-08-26 21:34:12', '2013-08-26 21:34:12', '7c500547-1d55-4ed7-adb1-bfa5fe89ebd1'),
 ('530', '41', '172', '171', '1', '2013-08-26 21:34:12', '2013-08-26 21:34:12', 'c5ab01c2-c9cb-42c2-9d26-090a034a3405'),
 ('531', '12', '172', '176', '1', '2013-08-26 21:34:12', '2013-08-26 21:34:12', '32faeccb-faf8-427e-880c-bd506f0ca1e7'),
 ('532', '12', '172', '168', '2', '2013-08-26 21:34:12', '2013-08-26 21:34:12', 'aaa9a57b-038e-4848-852a-c6f64845dae7'),
 ('533', '12', '172', '164', '3', '2013-08-26 21:34:12', '2013-08-26 21:34:12', '235eda4e-91d1-451d-96e3-b1f6dc2d7ff1'),
 ('534', '12', '172', '160', '4', '2013-08-26 21:34:12', '2013-08-26 21:34:12', 'd2e09bff-f62d-4f26-8d1e-f866f6348eaf'),
 ('535', '4', '168', '166', '1', '2013-08-26 21:34:29', '2013-08-26 21:34:29', '6af2ccb3-e2f7-4ec4-86be-371b5f438d32'),
 ('536', '4', '168', '165', '2', '2013-08-26 21:34:29', '2013-08-26 21:34:29', '3246f7c8-608d-48db-a7a3-3f127ea27dab'),
 ('537', '41', '168', '167', '1', '2013-08-26 21:34:29', '2013-08-26 21:34:29', 'fe6006bc-101f-4bad-abc0-98ba396e6ae8'),
 ('538', '12', '168', '176', '1', '2013-08-26 21:34:29', '2013-08-26 21:34:29', '283d8530-17dc-4700-a89e-6994bc33de28'),
 ('539', '12', '168', '172', '2', '2013-08-26 21:34:29', '2013-08-26 21:34:29', '7de3fd2d-825e-4004-8319-1c10f8b21599'),
 ('540', '12', '168', '164', '3', '2013-08-26 21:34:29', '2013-08-26 21:34:29', '0480ae83-7a5b-48f6-905e-7b472cf8b1c4'),
 ('541', '12', '168', '160', '4', '2013-08-26 21:34:29', '2013-08-26 21:34:29', '10896fb6-a4a6-4ee5-a9e2-46ff7baad6c9'),
 ('542', '4', '164', '161', '1', '2013-08-26 21:34:43', '2013-08-26 21:34:43', '35aefc4f-1f61-4273-baeb-cb67af832b71'),
 ('543', '4', '164', '162', '2', '2013-08-26 21:34:43', '2013-08-26 21:34:43', '6a17d49e-7772-4635-8afa-95ae12805382'),
 ('544', '41', '164', '163', '1', '2013-08-26 21:34:43', '2013-08-26 21:34:43', '307af85e-f5a2-494c-8b95-93a5de928094'),
 ('545', '12', '164', '176', '1', '2013-08-26 21:34:43', '2013-08-26 21:34:43', '347cfea5-9c34-4513-8606-5838afde3122'),
 ('546', '12', '164', '172', '2', '2013-08-26 21:34:43', '2013-08-26 21:34:43', '87d0dbfe-a1e6-4578-9cd9-fa70ee96ae6b'),
 ('547', '12', '164', '168', '3', '2013-08-26 21:34:43', '2013-08-26 21:34:43', '8497e598-8041-403a-8758-2a7b89d926a2'),
 ('548', '12', '164', '160', '4', '2013-08-26 21:34:43', '2013-08-26 21:34:43', '2c28f7e5-563d-4d14-b0b3-41957b9bf013'),
 ('549', '4', '160', '157', '1', '2013-08-26 21:34:56', '2013-08-26 21:34:56', 'f9221cdc-d598-406c-99da-9c4ce6844432'),
 ('550', '4', '160', '158', '2', '2013-08-26 21:34:56', '2013-08-26 21:34:56', 'ad3f6ee1-af73-4b0e-b614-d0031e62d506'),
 ('551', '41', '160', '159', '1', '2013-08-26 21:34:56', '2013-08-26 21:34:56', 'e9a0e4cf-cb28-4176-a988-3d3c8941d7c4'),
 ('552', '12', '160', '176', '1', '2013-08-26 21:34:56', '2013-08-26 21:34:56', 'c81588db-fc8f-4e0d-ae65-0b11495182e9'),
 ('553', '12', '160', '172', '2', '2013-08-26 21:34:56', '2013-08-26 21:34:56', 'a931d91d-7da7-43bc-a24f-9be9684ec4aa'),
 ('554', '12', '160', '168', '3', '2013-08-26 21:34:56', '2013-08-26 21:34:56', 'f8441b87-012b-4835-bd65-23e803f0c1b4'),
 ('555', '12', '160', '164', '4', '2013-08-26 21:34:56', '2013-08-26 21:34:56', '04c8c8b9-94a6-4698-bf7a-cebb93e716a2'),
 ('556', '4', '132', '129', '1', '2013-08-26 21:35:24', '2013-08-26 21:35:24', 'b4414367-14e7-4b99-a6de-8fad080aa25b'),
 ('557', '4', '132', '130', '2', '2013-08-26 21:35:24', '2013-08-26 21:35:24', '82d0ef09-3b16-416e-948c-425b0ea0f9b6'),
 ('558', '41', '132', '131', '1', '2013-08-26 21:35:24', '2013-08-26 21:35:24', '5df9fc29-07d3-4b02-9395-bd64dc173ade'),
 ('559', '12', '132', '176', '1', '2013-08-26 21:35:24', '2013-08-26 21:35:24', '76c2565e-ff88-497d-a118-1feff4c4dd20'),
 ('560', '12', '132', '172', '2', '2013-08-26 21:35:24', '2013-08-26 21:35:24', 'd030802d-0957-4a14-a545-12ba74ab500c'),
 ('561', '12', '132', '168', '3', '2013-08-26 21:35:24', '2013-08-26 21:35:24', 'ce17f062-a7d4-4ae5-97f7-e34571a12fe0'),
 ('562', '12', '132', '164', '4', '2013-08-26 21:35:24', '2013-08-26 21:35:24', '954d1697-d075-4067-95fe-c729dc270a1f'),
 ('563', '4', '136', '133', '1', '2013-08-26 21:35:39', '2013-08-26 21:35:39', 'b2261a04-7de7-4d2d-89a0-2639535896f8'),
 ('564', '4', '136', '134', '2', '2013-08-26 21:35:39', '2013-08-26 21:35:39', '49c3b65a-6ef2-4a7f-a1b7-c4e3771e4efe'),
 ('565', '41', '136', '135', '1', '2013-08-26 21:35:39', '2013-08-26 21:35:39', '7725c082-75f3-48d1-97cb-8da4aba418f9'),
 ('566', '12', '136', '176', '1', '2013-08-26 21:35:39', '2013-08-26 21:35:39', '0eb204cf-2b7c-4aac-a253-fada5ef46f1a'),
 ('567', '12', '136', '172', '2', '2013-08-26 21:35:39', '2013-08-26 21:35:39', '9e779920-35b2-4392-8b66-79bdcde5d773'),
 ('568', '12', '136', '168', '3', '2013-08-26 21:35:39', '2013-08-26 21:35:39', 'f33bbc52-9bd6-486e-99b4-b84b8f2b46eb'),
 ('569', '12', '136', '164', '4', '2013-08-26 21:35:39', '2013-08-26 21:35:39', 'cfe194cd-1b37-4366-8159-81b7be101ec2'),
 ('570', '4', '140', '137', '1', '2013-08-26 21:35:53', '2013-08-26 21:35:53', '623a2017-6cbe-4e39-8970-b2895f9e6d80'),
 ('571', '4', '140', '138', '2', '2013-08-26 21:35:53', '2013-08-26 21:35:53', 'e3ac9c80-f632-4899-b56b-1f54b29741f5'),
 ('572', '41', '140', '139', '1', '2013-08-26 21:35:53', '2013-08-26 21:35:53', '7de64f78-0af2-431b-b463-6fcbe5bc32f3'),
 ('573', '12', '140', '176', '1', '2013-08-26 21:35:53', '2013-08-26 21:35:53', '3907dccb-cb7a-4eb2-a03b-30ebb87f8415'),
 ('574', '12', '140', '172', '2', '2013-08-26 21:35:53', '2013-08-26 21:35:53', '67bba1ac-3df5-49a9-99f9-e16f39fdeffc'),
 ('575', '12', '140', '168', '3', '2013-08-26 21:35:53', '2013-08-26 21:35:53', 'f686fc36-0cd4-428a-b8a0-857602b26e5a'),
 ('576', '12', '140', '164', '4', '2013-08-26 21:35:53', '2013-08-26 21:35:53', '9a8b9106-6669-48b9-90f3-1e1575919c2c'),
 ('577', '4', '144', '141', '1', '2013-08-26 21:36:07', '2013-08-26 21:36:07', 'fdf0a19f-f3be-4ec8-ac32-7a9876f5417c'),
 ('578', '4', '144', '142', '2', '2013-08-26 21:36:07', '2013-08-26 21:36:07', 'cbe53854-65be-4d69-a173-3887b7f69c0d'),
 ('579', '41', '144', '143', '1', '2013-08-26 21:36:07', '2013-08-26 21:36:07', 'c20f9c87-010b-47e8-aa97-fa2446f06a3a'),
 ('580', '12', '144', '176', '1', '2013-08-26 21:36:07', '2013-08-26 21:36:07', '579ca8f2-e9d8-4758-8c97-2ea1bc802e00'),
 ('581', '12', '144', '172', '2', '2013-08-26 21:36:07', '2013-08-26 21:36:07', '10e122cc-9e61-481b-909e-9c17d1e89d3c'),
 ('582', '12', '144', '168', '3', '2013-08-26 21:36:07', '2013-08-26 21:36:07', 'e18a5fd4-d781-42aa-aa70-07b9be3c353e'),
 ('583', '12', '144', '164', '4', '2013-08-26 21:36:07', '2013-08-26 21:36:07', '056fbfed-e1dd-450d-8f4b-d614d59dac4d'),
 ('584', '4', '148', '145', '1', '2013-08-26 21:36:20', '2013-08-26 21:36:20', 'edfcbbf6-9bbb-4532-931e-364129baeec4'),
 ('585', '4', '148', '146', '2', '2013-08-26 21:36:20', '2013-08-26 21:36:20', 'b1cf2006-fbb5-48b5-9290-a244ab3b2fda'),
 ('586', '41', '148', '147', '1', '2013-08-26 21:36:20', '2013-08-26 21:36:20', 'dda960cd-8dfe-4343-b2d8-72c25f780ce9'),
 ('587', '12', '148', '176', '1', '2013-08-26 21:36:20', '2013-08-26 21:36:20', '4d154d9a-40fd-49a7-bd26-58ebaede5981'),
 ('588', '12', '148', '172', '2', '2013-08-26 21:36:20', '2013-08-26 21:36:20', '1f77168c-4e9f-4df7-9452-4aa3fdde9d55'),
 ('589', '12', '148', '168', '3', '2013-08-26 21:36:20', '2013-08-26 21:36:20', '0f71ffe5-cab2-4bbc-b5c3-c68600248fe0'),
 ('590', '12', '148', '164', '4', '2013-08-26 21:36:20', '2013-08-26 21:36:20', '577caa61-2a77-4889-ab86-097bf0e9dde8'),
 ('591', '4', '152', '149', '1', '2013-08-26 21:36:33', '2013-08-26 21:36:33', 'b78a1d22-5241-48e5-a86d-861f3ef7f31b'),
 ('592', '4', '152', '150', '2', '2013-08-26 21:36:33', '2013-08-26 21:36:33', '6cd9c484-9f35-4545-a1b8-175d7c0dceda'),
 ('593', '41', '152', '151', '1', '2013-08-26 21:36:33', '2013-08-26 21:36:33', '75afe4a8-3f49-44c1-b10d-25003aa71311'),
 ('594', '12', '152', '176', '1', '2013-08-26 21:36:33', '2013-08-26 21:36:33', 'c849b750-5087-4a2e-b7b1-0b7152173837'),
 ('595', '12', '152', '172', '2', '2013-08-26 21:36:33', '2013-08-26 21:36:33', '6522684c-c78b-493a-8b47-86748d2571ea'),
 ('596', '12', '152', '168', '3', '2013-08-26 21:36:33', '2013-08-26 21:36:33', '1d2a849b-47ee-4021-b3a8-c4a6505c5a4f'),
 ('597', '12', '152', '164', '4', '2013-08-26 21:36:33', '2013-08-26 21:36:33', '36461a15-24c3-458d-9bed-64f72a54e9b6'),
 ('598', '4', '156', '153', '1', '2013-08-26 21:36:46', '2013-08-26 21:36:46', '6a27451e-46a4-4e84-b435-f083f30ba5b8'),
 ('599', '4', '156', '154', '2', '2013-08-26 21:36:46', '2013-08-26 21:36:46', 'e76bfabe-a8a0-45af-8d7d-aae99a225602'),
 ('600', '41', '156', '155', '1', '2013-08-26 21:36:46', '2013-08-26 21:36:46', 'c11202f3-67fc-49e2-86de-0febe9e83e1d'),
 ('601', '12', '156', '176', '1', '2013-08-26 21:36:46', '2013-08-26 21:36:46', 'a005e566-5ad5-4022-a9be-308822592951'),
 ('602', '12', '156', '172', '2', '2013-08-26 21:36:46', '2013-08-26 21:36:46', 'e818d8c4-8b5c-499e-8c93-eacdf0d7c3c8'),
 ('603', '12', '156', '168', '3', '2013-08-26 21:36:46', '2013-08-26 21:36:46', 'ebb45139-123a-4e88-9612-89cee8bf6e6f'),
 ('604', '12', '156', '164', '4', '2013-08-26 21:36:46', '2013-08-26 21:36:46', '9cb728f6-a680-434e-9bfe-8108751dae87'),
 ('623', '4', '180', '178', '1', '2013-08-26 21:53:54', '2013-08-26 21:53:54', '64506efb-30b4-4a13-b1ed-ef388025d737'),
 ('624', '4', '180', '177', '2', '2013-08-26 21:53:54', '2013-08-26 21:53:54', '20b62e1e-2304-42fb-a893-26938608842c'),
 ('625', '41', '180', '179', '1', '2013-08-26 21:53:54', '2013-08-26 21:53:54', 'b9e357cd-a806-40b2-800d-a669a2f80a6a'),
 ('645', '4', '26', '28', '1', '2013-08-26 21:55:11', '2013-08-26 21:55:11', 'b3dddf53-67c0-4109-97d4-77a7086de8eb'),
 ('646', '4', '26', '27', '2', '2013-08-26 21:55:11', '2013-08-26 21:55:11', 'cb9ca9fb-a218-4364-b971-1b23e3937416'),
 ('647', '41', '26', '39', '1', '2013-08-26 21:55:11', '2013-08-26 21:55:11', '8e7b8a48-34ab-464b-bc36-98f030c94a99'),
 ('648', '4', '184', '182', '1', '2013-08-26 22:02:55', '2013-08-26 22:02:55', '8ff478a7-fee7-4c9b-b79b-fe219df2d0cb'),
 ('649', '4', '184', '181', '2', '2013-08-26 22:02:55', '2013-08-26 22:02:55', 'cfc249bc-3e36-4aa8-8a20-33660215f2a1'),
 ('650', '41', '184', '183', '1', '2013-08-26 22:02:55', '2013-08-26 22:02:55', '3638bb47-ff80-4096-835c-5d266b37d502'),
 ('668', '4', '188', '185', '1', '2013-08-27 13:52:48', '2013-08-27 13:52:48', 'd1450225-28f1-44fd-951a-aeaee6ddc760'),
 ('669', '4', '188', '186', '2', '2013-08-27 13:52:48', '2013-08-27 13:52:48', '07f36be9-2580-4634-961d-07bed0fd3de6'),
 ('670', '41', '188', '187', '1', '2013-08-27 13:52:48', '2013-08-27 13:52:48', 'b59f71a6-e50c-4e78-8783-9cc88646fcc6'),
 ('689', '4', '192', '189', '1', '2013-08-27 13:55:59', '2013-08-27 13:55:59', '2daac86f-5fad-48db-ad36-5cee0291b0fb'),
 ('690', '4', '192', '190', '2', '2013-08-27 13:55:59', '2013-08-27 13:55:59', '5a1b9b0b-d9cc-44ec-9475-d02c2e1bfc0d'),
 ('691', '41', '192', '191', '1', '2013-08-27 13:55:59', '2013-08-27 13:55:59', '3532f53b-8f52-46ff-befb-090ebc54b901'),
 ('740', '40', '55', '53', '1', '2013-08-27 14:04:38', '2013-08-27 14:04:38', '2a77ad77-1626-4143-beb2-e3c99b1afcc9'),
 ('741', '13', '55', '65', '1', '2013-08-27 14:04:38', '2013-08-27 14:04:38', 'a76b1279-6018-418a-88c1-89361c0f2423'),
 ('742', '13', '55', '132', '2', '2013-08-27 14:04:38', '2013-08-27 14:04:38', '59ce7c66-02e8-47d9-88ca-f8b0690630a2'),
 ('743', '13', '55', '136', '3', '2013-08-27 14:04:38', '2013-08-27 14:04:38', '77b499b0-0ec2-40f4-8286-dd19f5cc71f4'),
 ('744', '13', '55', '140', '4', '2013-08-27 14:04:38', '2013-08-27 14:04:38', '3d9353b7-f909-4a63-87e7-fda52d8b4b47'),
 ('745', '13', '55', '144', '5', '2013-08-27 14:04:38', '2013-08-27 14:04:38', 'e861f9e0-b886-4b54-a3df-f15a11dec70c'),
 ('746', '13', '55', '148', '6', '2013-08-27 14:04:38', '2013-08-27 14:04:38', '5496470e-d908-4db4-8116-57c21d46ec1d'),
 ('747', '13', '55', '152', '7', '2013-08-27 14:04:38', '2013-08-27 14:04:38', '50311b3f-b54c-4316-bc36-bc7b09fc5906'),
 ('748', '13', '55', '156', '8', '2013-08-27 14:04:38', '2013-08-27 14:04:38', 'a4e65280-dfd1-4f9e-9227-c4941568d306'),
 ('749', '13', '55', '160', '9', '2013-08-27 14:04:38', '2013-08-27 14:04:38', 'da737401-bc96-494f-bb96-df31995f0faf'),
 ('750', '13', '55', '164', '10', '2013-08-27 14:04:38', '2013-08-27 14:04:38', 'e6ea0ae3-d8b6-47d0-aab1-b7452e0308c2'),
 ('751', '13', '55', '168', '11', '2013-08-27 14:04:38', '2013-08-27 14:04:38', 'd8995048-023f-4883-881c-b210ceb237be'),
 ('752', '13', '55', '172', '12', '2013-08-27 14:04:38', '2013-08-27 14:04:38', '2ce57a55-7d75-465b-a31f-6d519a6533c6'),
 ('753', '13', '55', '176', '13', '2013-08-27 14:04:38', '2013-08-27 14:04:38', 'ab88e349-2cc3-481d-8e45-5aecf04dfd6a'),
 ('754', '13', '55', '26', '14', '2013-08-27 14:04:38', '2013-08-27 14:04:38', '57a09a16-a54c-4b4f-a155-7830642545b8'),
 ('755', '13', '55', '180', '15', '2013-08-27 14:04:38', '2013-08-27 14:04:38', 'c99239ff-da30-4916-a86a-074889488f54'),
 ('756', '13', '55', '184', '16', '2013-08-27 14:04:38', '2013-08-27 14:04:38', '9bccfb3a-91d8-4094-8ca7-87901af2c151'),
 ('757', '13', '55', '188', '17', '2013-08-27 14:04:38', '2013-08-27 14:04:38', '3b39655b-5138-494d-a3f9-870259c42789'),
 ('758', '13', '55', '192', '18', '2013-08-27 14:04:38', '2013-08-27 14:04:38', 'f4694dd3-c8c5-4bcf-aa7c-5c988f8b5d98'),
 ('759', '13', '55', '196', '19', '2013-08-27 14:04:38', '2013-08-27 14:04:38', '08793c0b-cbbb-4af3-b9d2-125ce86ab1c0'),
 ('760', '13', '55', '200', '20', '2013-08-27 14:04:38', '2013-08-27 14:04:38', 'c998297b-744c-49b6-a186-0aef7f758751'),
 ('761', '13', '55', '204', '21', '2013-08-27 14:04:38', '2013-08-27 14:04:38', '087f829d-1700-4277-9e49-a73549b61173'),
 ('762', '4', '196', '194', '1', '2013-08-27 14:05:35', '2013-08-27 14:05:35', '5d9999f4-070f-43c0-92fc-89f70f60f932'),
 ('763', '4', '196', '193', '2', '2013-08-27 14:05:35', '2013-08-27 14:05:35', 'fec29a1f-e896-4767-9954-aee3ff1e9eb3'),
 ('764', '41', '196', '195', '1', '2013-08-27 14:05:35', '2013-08-27 14:05:35', '23eedda7-7587-438a-b9e7-f0d6d4005335'),
 ('765', '4', '208', '205', '1', '2013-08-27 14:10:23', '2013-08-27 14:10:23', 'd19a98fa-bf45-4da0-b67a-1192b0050437'),
 ('766', '4', '208', '206', '2', '2013-08-27 14:10:23', '2013-08-27 14:10:23', '5d2a5824-97b0-42b4-aa99-cab53537776c'),
 ('767', '41', '208', '207', '1', '2013-08-27 14:10:23', '2013-08-27 14:10:23', '1f06213c-0bd9-43b4-979d-85f18f0fe7fc'),
 ('771', '4', '212', '209', '1', '2013-08-27 14:14:17', '2013-08-27 14:14:17', 'acdf7098-7d0a-4059-b04c-75574a696f8e'),
 ('772', '4', '212', '210', '2', '2013-08-27 14:14:17', '2013-08-27 14:14:17', '1b9fcd0f-4f54-4eaa-bcac-721c83ff061c'),
 ('773', '41', '212', '211', '1', '2013-08-27 14:14:17', '2013-08-27 14:14:17', 'ab11f285-5321-4d4d-83e6-a71ab4df9cbe'),
 ('778', '4', '216', '213', '1', '2013-08-27 14:18:01', '2013-08-27 14:18:01', 'c5add569-2b68-4234-b9d2-cd32f707848d'),
 ('779', '4', '216', '214', '2', '2013-08-27 14:18:01', '2013-08-27 14:18:01', '1fd94572-c5b9-436e-8592-fee22ed69828'),
 ('780', '41', '216', '215', '1', '2013-08-27 14:18:01', '2013-08-27 14:18:01', '88364d95-af96-4b71-82f5-012959012fcc'),
 ('786', '4', '220', '218', '1', '2013-08-27 14:21:31', '2013-08-27 14:21:31', '66c2dc78-a7a5-4035-ba97-1cfef9ef5d14'),
 ('787', '4', '220', '217', '2', '2013-08-27 14:21:31', '2013-08-27 14:21:31', '999e30b7-4ae6-45f2-8278-6d66810f35a4'),
 ('788', '41', '220', '219', '1', '2013-08-27 14:21:31', '2013-08-27 14:21:31', 'b9b09ecf-dc62-4bb1-9b26-1bdfbec35282'),
 ('795', '4', '200', '197', '1', '2013-08-27 14:21:56', '2013-08-27 14:21:56', 'ca91bab2-89fb-4f2c-9a38-4e9363e81bd3'),
 ('796', '4', '200', '198', '2', '2013-08-27 14:21:56', '2013-08-27 14:21:56', '65b9cc14-3694-45c8-a2de-5aa953197896'),
 ('797', '41', '200', '199', '1', '2013-08-27 14:21:56', '2013-08-27 14:21:56', '70200ffa-ccfe-4baa-8806-7701d0cc8984'),
 ('798', '12', '200', '204', '1', '2013-08-27 14:21:56', '2013-08-27 14:21:56', '2b8cc6f9-46e6-4adc-b68d-f868020c5fdd'),
 ('799', '4', '204', '201', '1', '2013-08-27 14:22:06', '2013-08-27 14:22:06', '647c6ec1-5fe2-4b4c-9450-79c11129cdbd'),
 ('800', '4', '204', '202', '2', '2013-08-27 14:22:06', '2013-08-27 14:22:06', '87a728ad-965a-419b-8a55-39b85dc1d3c5'),
 ('801', '41', '204', '203', '1', '2013-08-27 14:22:06', '2013-08-27 14:22:06', '5fbf92b1-ecde-4356-9aab-f66797482f88'),
 ('802', '12', '204', '200', '1', '2013-08-27 14:22:06', '2013-08-27 14:22:06', '586d092e-179e-4925-b1f1-880902015198'),
 ('803', '4', '224', '222', '1', '2013-08-27 14:24:57', '2013-08-27 14:24:57', '8cc5d601-a4fd-49aa-a884-71c14c971a1f'),
 ('804', '4', '224', '221', '2', '2013-08-27 14:24:57', '2013-08-27 14:24:57', '4f7185fd-316e-42b1-8cb3-3fd42a627774'),
 ('805', '41', '224', '223', '1', '2013-08-27 14:24:57', '2013-08-27 14:24:57', '6eb36779-df13-4b77-a5bb-1c382c520311'),
 ('813', '4', '228', '225', '1', '2013-08-27 14:33:57', '2013-08-27 14:33:57', 'b3f43413-8fb2-4279-bb13-8d26014f40bd'),
 ('814', '4', '228', '226', '2', '2013-08-27 14:33:57', '2013-08-27 14:33:57', 'cac95f28-3157-4b50-8300-4c8ef6058ad3'),
 ('815', '41', '228', '227', '1', '2013-08-27 14:33:57', '2013-08-27 14:33:57', '61738ab6-a4ec-4013-b295-268293265fb6'),
 ('855', '40', '56', '53', '1', '2013-08-27 14:54:53', '2013-08-27 14:54:53', 'f260c7f1-7fc9-42b6-92f4-761c2aa120ea'),
 ('856', '13', '56', '71', '1', '2013-08-27 14:54:53', '2013-08-27 14:54:53', '9c4ee360-bcaf-4247-8350-23b502d1199b'),
 ('857', '13', '56', '208', '2', '2013-08-27 14:54:53', '2013-08-27 14:54:53', '095e1e1d-bba4-4a5b-b5af-b1b48bee5fc9'),
 ('858', '13', '56', '212', '3', '2013-08-27 14:54:53', '2013-08-27 14:54:53', '9ba7c229-4c41-4cb9-9da0-089714d0d698'),
 ('859', '13', '56', '216', '4', '2013-08-27 14:54:53', '2013-08-27 14:54:53', 'caa58e4f-3d07-4695-89cf-f28d32278125'),
 ('860', '13', '56', '220', '5', '2013-08-27 14:54:53', '2013-08-27 14:54:53', 'e7226255-dce2-4668-b87a-ece83d749bf5'),
 ('861', '13', '56', '224', '6', '2013-08-27 14:54:53', '2013-08-27 14:54:53', 'a30df007-7aa6-4048-bbe9-c96dea21922b'),
 ('862', '13', '56', '228', '7', '2013-08-27 14:54:53', '2013-08-27 14:54:53', '80bf4702-c362-4bb1-9f66-665890c18c5d'),
 ('863', '13', '56', '232', '8', '2013-08-27 14:54:53', '2013-08-27 14:54:53', '1610e6e8-2eef-4d6e-bf10-245caf2d1733'),
 ('864', '13', '56', '236', '9', '2013-08-27 14:54:53', '2013-08-27 14:54:53', '2d6d19f5-3e68-427d-99b7-4499919e82cf'),
 ('865', '13', '56', '240', '10', '2013-08-27 14:54:53', '2013-08-27 14:54:53', '4683495c-c6c7-4dd3-a519-9ab6b2825244'),
 ('866', '4', '232', '230', '1', '2013-08-27 14:55:27', '2013-08-27 14:55:27', 'eefe7343-748d-48ee-8136-800fcb2de9dd'),
 ('867', '4', '232', '229', '2', '2013-08-27 14:55:27', '2013-08-27 14:55:27', '9cd40111-7ecf-4c11-a153-937197fe0744'),
 ('868', '41', '232', '231', '1', '2013-08-27 14:55:27', '2013-08-27 14:55:27', 'ccff6b0f-b20e-44f6-ad5b-c80eddae8540'),
 ('869', '12', '232', '236', '1', '2013-08-27 14:55:27', '2013-08-27 14:55:27', '26368487-de4a-4aa3-95c6-2cae19cf60a9'),
 ('870', '12', '232', '240', '2', '2013-08-27 14:55:27', '2013-08-27 14:55:27', 'f5bdf62f-810b-4915-8c29-c7dc308bd78a'),
 ('871', '4', '236', '234', '1', '2013-08-27 14:55:45', '2013-08-27 14:55:45', 'b9b3f2f4-3f0c-4e85-b795-11398105f44a'),
 ('872', '4', '236', '233', '2', '2013-08-27 14:55:45', '2013-08-27 14:55:45', 'ef2a2d4f-737b-44c4-a814-742d1d328e86'),
 ('873', '41', '236', '235', '1', '2013-08-27 14:55:45', '2013-08-27 14:55:45', '51e93c11-9cc9-400b-b468-2a174c03cabb'),
 ('874', '12', '236', '232', '1', '2013-08-27 14:55:45', '2013-08-27 14:55:45', 'ccb724b4-aff1-49fa-9839-15baba96334b'),
 ('875', '12', '236', '240', '2', '2013-08-27 14:55:45', '2013-08-27 14:55:45', '998d1452-7a82-4deb-852c-39837bd02708'),
 ('876', '4', '240', '238', '1', '2013-08-27 14:56:04', '2013-08-27 14:56:04', '2a613cab-cabe-46e8-9b28-5341b1a63bbc'),
 ('877', '4', '240', '237', '2', '2013-08-27 14:56:04', '2013-08-27 14:56:04', '401cb877-0fc3-4e43-8020-f06f4dad20fc'),
 ('878', '41', '240', '239', '1', '2013-08-27 14:56:04', '2013-08-27 14:56:04', 'e158128e-b5b7-46b1-82d4-8d5a795549ec'),
 ('879', '12', '240', '232', '1', '2013-08-27 14:56:04', '2013-08-27 14:56:04', 'eada8c10-46df-4367-8ba6-afa316ad55ca'),
 ('880', '12', '240', '236', '2', '2013-08-27 14:56:04', '2013-08-27 14:56:04', 'fe6092a6-d47e-4f78-a03c-0bd82b83f51f'),
 ('881', '4', '246', '244', '1', '2013-08-27 15:07:05', '2013-08-27 15:07:05', 'b256085e-2405-4608-abf8-00b554f61c70'),
 ('882', '4', '246', '243', '2', '2013-08-27 15:07:05', '2013-08-27 15:07:05', 'f4f325eb-3be2-4146-b19a-54d33f00b95f'),
 ('883', '41', '246', '245', '1', '2013-08-27 15:07:05', '2013-08-27 15:07:05', '6d0d2f01-c2d0-4d05-b546-1d37dd02ffc1'),
 ('887', '4', '250', '248', '1', '2013-08-27 15:13:57', '2013-08-27 15:13:57', 'c0179d80-a1a2-4462-8e67-ce420f79c528'),
 ('888', '4', '250', '247', '2', '2013-08-27 15:13:57', '2013-08-27 15:13:57', '283adcf3-3fa0-47d7-be4f-6da2e0560fc3'),
 ('889', '41', '250', '249', '1', '2013-08-27 15:13:57', '2013-08-27 15:13:57', 'ce796c9a-f74a-4779-a272-82e682e570de'),
 ('902', '4', '258', '255', '1', '2013-08-27 15:24:22', '2013-08-27 15:24:22', '63e16abf-154c-4fce-bd1a-d8c26ba0bda4'),
 ('903', '4', '258', '256', '2', '2013-08-27 15:24:22', '2013-08-27 15:24:22', '0146b1f9-f38e-42d1-8651-2b96d9820f87'),
 ('904', '41', '258', '257', '1', '2013-08-27 15:24:23', '2013-08-27 15:24:23', '5764254b-0a15-4e33-b602-2200cad7feb1'),
 ('905', '12', '258', '254', '1', '2013-08-27 15:24:23', '2013-08-27 15:24:23', 'c2ae3cd0-5f2d-4b06-ac14-6b55169c7ed4'),
 ('912', '4', '254', '252', '1', '2013-08-27 15:24:46', '2013-08-27 15:24:46', '632d3bec-a2a3-428e-be9c-81a9445e85b2'),
 ('913', '4', '254', '251', '2', '2013-08-27 15:24:46', '2013-08-27 15:24:46', '64b5cf31-1de8-4826-813d-00f4c34f6ae1'),
 ('914', '41', '254', '253', '1', '2013-08-27 15:24:46', '2013-08-27 15:24:46', 'ba93d0c9-1090-456b-bc05-515a526b046c'),
 ('915', '12', '254', '258', '1', '2013-08-27 15:24:46', '2013-08-27 15:24:46', '6b160ea0-10b7-467b-8029-0bae2717842e'),
 ('916', '4', '262', '259', '1', '2013-08-27 15:30:51', '2013-08-27 15:30:51', '43609933-33f4-4c1a-820d-5aac69480f71'),
 ('917', '4', '262', '260', '2', '2013-08-27 15:30:51', '2013-08-27 15:30:51', '34d84b13-25c3-4394-b10f-559098c844e1'),
 ('918', '41', '262', '261', '1', '2013-08-27 15:30:51', '2013-08-27 15:30:51', '9f8263a5-ef2d-46d2-880f-54f717e63776'),
 ('928', '4', '265', '263', '1', '2013-08-27 15:35:40', '2013-08-27 15:35:40', '8346523b-6fec-4ab3-b3ff-212b4fe62598'),
 ('929', '4', '265', '264', '2', '2013-08-27 15:35:40', '2013-08-27 15:35:40', '524769d6-12a2-4471-9bc7-85f3dca25ab8'),
 ('930', '41', '265', '266', '1', '2013-08-27 15:35:40', '2013-08-27 15:35:40', '2131c2bc-4707-4fb5-b8a1-e819a34e4264'),
 ('939', '4', '270', '267', '1', '2013-08-27 15:44:41', '2013-08-27 15:44:41', '1d291130-d311-443e-9536-a0e6039ff47e'),
 ('940', '4', '270', '268', '2', '2013-08-27 15:44:41', '2013-08-27 15:44:41', '49638c8c-aa33-412c-af62-ace69ddbe0de'),
 ('941', '41', '270', '269', '1', '2013-08-27 15:44:41', '2013-08-27 15:44:41', 'f5c44427-7bcd-4479-bb75-d5e8493cafd3'),
 ('942', '40', '57', '53', '1', '2013-08-27 15:44:52', '2013-08-27 15:44:52', '96e971ef-d863-4aa7-9db5-3471ed4aa352'),
 ('943', '13', '57', '73', '1', '2013-08-27 15:44:52', '2013-08-27 15:44:52', '9aa1124a-0fba-46bd-a9ae-f8ace6b903fb'),
 ('944', '13', '57', '246', '2', '2013-08-27 15:44:52', '2013-08-27 15:44:52', '4ba89f96-20f1-46d4-aa4b-c541868c2a25'),
 ('945', '13', '57', '250', '3', '2013-08-27 15:44:52', '2013-08-27 15:44:52', '2f484ffe-dec2-4906-bad4-569b0dfbaf2a'),
 ('946', '13', '57', '254', '4', '2013-08-27 15:44:52', '2013-08-27 15:44:52', '1fe7d534-d832-4ec8-a390-46f5a534d787'),
 ('947', '13', '57', '258', '5', '2013-08-27 15:44:52', '2013-08-27 15:44:52', '3c75e29e-94bc-46be-a64c-a014404e069b'),
 ('948', '13', '57', '262', '6', '2013-08-27 15:44:52', '2013-08-27 15:44:52', '740f0fab-759e-47dd-bd5a-a75973fd6ca4'),
 ('949', '13', '57', '265', '7', '2013-08-27 15:44:52', '2013-08-27 15:44:52', '726367ee-336c-4ad7-98ed-f6d07995c2d1'),
 ('950', '13', '57', '270', '8', '2013-08-27 15:44:52', '2013-08-27 15:44:52', 'b0f3d610-115e-4583-8550-7ff45f988a6a'),
 ('951', '4', '274', '272', '1', '2013-08-27 15:50:26', '2013-08-27 15:50:26', '19370bf3-c47f-4489-ba45-5407806ea070'),
 ('952', '4', '274', '271', '2', '2013-08-27 15:50:26', '2013-08-27 15:50:26', '1bc88092-43e3-4ac1-8976-24aec214adbe'),
 ('953', '41', '274', '273', '1', '2013-08-27 15:50:26', '2013-08-27 15:50:26', '716b9dc5-46ea-4798-92aa-cd4738fda465'),
 ('957', '4', '278', '275', '1', '2013-08-27 15:54:33', '2013-08-27 15:54:33', '53495f94-94e3-4944-8130-e04be1702a42'),
 ('958', '4', '278', '276', '2', '2013-08-27 15:54:33', '2013-08-27 15:54:33', 'bf46f53c-6ac0-4d4c-b992-ba2fad81c536'),
 ('959', '41', '278', '277', '1', '2013-08-27 15:54:33', '2013-08-27 15:54:33', '0d169ad7-b46e-4a70-8f26-27e896251455'),
 ('964', '4', '282', '280', '1', '2013-08-27 15:57:48', '2013-08-27 15:57:48', '5411280d-11a9-46a2-a19f-cb4568cb348c'),
 ('965', '4', '282', '279', '2', '2013-08-27 15:57:48', '2013-08-27 15:57:48', '0369f503-fe89-4d6e-bb57-a7a4e03af90f'),
 ('966', '41', '282', '281', '1', '2013-08-27 15:57:48', '2013-08-27 15:57:48', 'd2e0b454-1bcc-4557-a51b-783642ae1924'),
 ('967', '40', '58', '53', '1', '2013-08-27 15:57:59', '2013-08-27 15:57:59', '6eb4bd27-ec12-4dee-8ae7-a56033fd645b'),
 ('968', '13', '58', '84', '1', '2013-08-27 15:57:59', '2013-08-27 15:57:59', 'c126c9ae-f1cb-494e-9dc8-468f4d722760'),
 ('969', '13', '58', '274', '2', '2013-08-27 15:57:59', '2013-08-27 15:57:59', '6ca6bfb2-44ca-4a06-b717-e834e0c8a449'),
 ('970', '13', '58', '278', '3', '2013-08-27 15:57:59', '2013-08-27 15:57:59', '980ff493-47d2-45e3-9e1b-7d3473c22b4c'),
 ('971', '13', '58', '282', '4', '2013-08-27 15:57:59', '2013-08-27 15:57:59', '0b8e5550-bf43-49d4-84c2-749ea0d8bac9'),
 ('972', '4', '286', '284', '1', '2013-08-27 16:01:34', '2013-08-27 16:01:34', 'd46cb981-95ad-41a4-8b28-5aa0dc32d4ae'),
 ('973', '4', '286', '283', '2', '2013-08-27 16:01:34', '2013-08-27 16:01:34', '959f41fa-1a5a-4582-b9f7-dfcc2d80630b'),
 ('974', '41', '286', '285', '1', '2013-08-27 16:01:34', '2013-08-27 16:01:34', '28882a89-d9f1-4191-88fb-8f0d2457d844'),
 ('978', '4', '290', '288', '1', '2013-08-27 16:03:26', '2013-08-27 16:03:26', 'f0e2d70d-47a8-43cd-8f78-587d672258e8'),
 ('979', '4', '290', '287', '2', '2013-08-27 16:03:26', '2013-08-27 16:03:26', '29c43b8f-15ed-41f6-98d6-94431a1662d0'),
 ('980', '41', '290', '289', '1', '2013-08-27 16:03:26', '2013-08-27 16:03:26', 'c696fb24-ee90-49ab-abfa-fb0e1378716a'),
 ('985', '4', '294', '292', '1', '2013-08-27 16:05:11', '2013-08-27 16:05:11', 'bb073a4a-46ff-493d-8d87-e09c6bbbe76f'),
 ('986', '4', '294', '291', '2', '2013-08-27 16:05:11', '2013-08-27 16:05:11', 'e7180277-3e0d-4737-8427-1a661d172c24'),
 ('987', '41', '294', '293', '1', '2013-08-27 16:05:11', '2013-08-27 16:05:11', 'c34aacb2-9207-423e-ad90-e9158607a6ea'),
 ('993', '4', '298', '296', '1', '2013-08-27 16:07:34', '2013-08-27 16:07:34', '5f769b71-4273-4838-8b81-4105f5b79e96'),
 ('994', '4', '298', '295', '2', '2013-08-27 16:07:34', '2013-08-27 16:07:34', '5a4cde27-a5fc-4ba1-ada2-a67e5180e269'),
 ('995', '41', '298', '297', '1', '2013-08-27 16:07:34', '2013-08-27 16:07:34', 'e8d8d773-5d4e-403f-ad11-5e78b26062a5'),
 ('1002', '4', '302', '299', '1', '2013-08-27 16:09:36', '2013-08-27 16:09:36', '52f192a8-a0c3-4abf-a657-54baa3e966bc'),
 ('1003', '4', '302', '300', '2', '2013-08-27 16:09:36', '2013-08-27 16:09:36', '31a0df76-544a-4b0d-bd85-d0055ab9f954'),
 ('1004', '41', '302', '301', '1', '2013-08-27 16:09:36', '2013-08-27 16:09:36', 'fdfcde99-4d28-4e50-9705-b3f06d4afdf4'),
 ('1005', '40', '59', '53', '1', '2013-08-27 16:09:46', '2013-08-27 16:09:46', '9e2d7457-61e5-4d99-80f4-cb269e93c103'),
 ('1006', '13', '59', '80', '1', '2013-08-27 16:09:46', '2013-08-27 16:09:46', 'fa83e26c-3c9f-4888-a8bb-c2f5b72beaf7'),
 ('1007', '13', '59', '286', '2', '2013-08-27 16:09:46', '2013-08-27 16:09:46', 'd4217b45-693f-4c27-9fc1-7ebe9a89d093'),
 ('1008', '13', '59', '290', '3', '2013-08-27 16:09:46', '2013-08-27 16:09:46', '8e472077-a7f2-457a-972e-410f34cd8e90'),
 ('1009', '13', '59', '294', '4', '2013-08-27 16:09:46', '2013-08-27 16:09:46', '2abd17c2-1757-463d-abb8-d4b8b0c0fe23'),
 ('1010', '13', '59', '298', '5', '2013-08-27 16:09:46', '2013-08-27 16:09:46', 'a37f4d46-f443-480b-b497-d9465be904e6'),
 ('1011', '13', '59', '302', '6', '2013-08-27 16:09:46', '2013-08-27 16:09:46', 'a43ebc86-6cd4-4c7c-8cec-4a8ee751dc8c');
COMMIT;


--
-- Schema for table `craft_routes`
--

DROP TABLE IF EXISTS `craft_routes`;

CREATE TABLE `craft_routes` (
  `id` int(11) NOT NULL AUTO_INCREMENT,
  `urlParts` varchar(255) COLLATE utf8_unicode_ci NOT NULL,
  `urlPattern` varchar(255) COLLATE utf8_unicode_ci NOT NULL,
  `template` varchar(255) COLLATE utf8_unicode_ci NOT NULL,
  `sortOrder` tinyint(4) DEFAULT NULL,
  `dateCreated` datetime NOT NULL,
  `dateUpdated` datetime NOT NULL,
  `uid` char(36) COLLATE utf8_unicode_ci NOT NULL DEFAULT '0',
  PRIMARY KEY (`id`),
  UNIQUE KEY `craft_routes_urlPattern_unq_idx` (`urlPattern`)
) ENGINE=InnoDB AUTO_INCREMENT=11 DEFAULT CHARSET=utf8 COLLATE=utf8_unicode_ci;

--
-- Data for table `craft_routes`
--

BEGIN;
INSERT INTO `craft_routes` (`id`, `urlParts`, `urlPattern`, `template`, `sortOrder`, `dateCreated`, `dateUpdated`, `uid`) VALUES
 ('1', '[\"_includes\\/home\"]', '_includes\\/home', '_includes/home', '1', '2013-06-16 15:29:22', '2013-07-20 22:43:55', 'b480119f-874b-4a24-9ed1-75b01e67ab79'),
 ('2', '[\"_includes\\/biography\"]', '_includes\\/biography', '_includes/biography', '2', '2013-06-16 15:32:33', '2013-07-20 22:44:25', 'cae5d61d-d6a5-495f-bb87-35ff723e3af9'),
 ('3', '[\"_includes\\/awards\"]', '_includes\\/awards', '_includes/awards', '3', '2013-06-16 15:32:44', '2013-07-20 22:44:28', '796db817-5390-4e7f-a829-0ab4f5d9a184'),
 ('4', '[\"_includes\\/contact\"]', '_includes\\/contact', '_includes/contact', '4', '2013-06-16 15:32:54', '2013-07-20 22:44:32', 'ecd36a1c-b329-480d-878c-af7ba18262d1'),
 ('5', '[\"_includes\\/detail\"]', '_includes\\/detail', '_includes/detail', '5', '2013-06-27 21:18:23', '2013-07-20 22:44:35', 'ef23e405-0f27-4dd5-afba-50e82a7508ad'),
 ('6', '[\"home\"]', 'home', 'index.html', '6', '2013-07-21 03:08:48', '2013-07-21 03:08:48', 'e6e69bfb-3386-4b10-bffb-82278f07c0c0'),
 ('7', '[\"biography\"]', 'biography', 'index.html', '7', '2013-07-21 03:09:18', '2013-07-21 03:09:18', '933abfb2-873a-42d7-b068-73d55d9a1048'),
 ('8', '[\"awards\"]', 'awards', 'index.html', '8', '2013-07-21 03:09:28', '2013-07-21 03:09:28', '9c27a2b2-756f-43a7-8316-25c884a2cd0c'),
 ('9', '[\"contact\"]', 'contact', 'index.html', '9', '2013-07-21 03:09:37', '2013-07-21 03:09:37', '2c676d46-1618-449e-84c1-f272184e0dfd'),
 ('10', '[\"album\\/\",[\"*\",\"[^\\\\\\/]+\"],\"\\/\",[\"*\",\"[^\\\\\\/]+\"]]', 'album\\/([^\\/]+)\\/([^\\/]+)', 'index.html', '10', '2013-07-21 03:10:55', '2013-07-21 05:26:05', '43ff9f5d-6aea-46cb-b240-6890ea615b24');
COMMIT;


--
-- Schema for table `craft_searchindex`
--

DROP TABLE IF EXISTS `craft_searchindex`;

CREATE TABLE `craft_searchindex` (
  `elementId` int(11) NOT NULL,
  `attribute` varchar(25) COLLATE utf8_unicode_ci NOT NULL,
  `fieldId` int(11) NOT NULL,
  `locale` char(12) COLLATE utf8_unicode_ci NOT NULL,
  `keywords` text COLLATE utf8_unicode_ci NOT NULL,
  PRIMARY KEY (`elementId`,`attribute`,`fieldId`,`locale`),
  FULLTEXT KEY `craft_searchindex_keywords_idx` (`keywords`)
) ENGINE=MyISAM DEFAULT CHARSET=utf8 COLLATE=utf8_unicode_ci;

--
-- Data for table `craft_searchindex`
--

BEGIN;
INSERT INTO `craft_searchindex` (`elementId`, `attribute`, `fieldId`, `locale`, `keywords`) VALUES
 ('1', 'username', '0', 'en_us', ' joeonmars '),
 ('1', 'email', '0', 'en_us', ' joe joeonmars com '),
 ('2', 'field', '2', 'en_us', ' it s true this site doesn t have a whole lot of content yet but don t worry our web developers have just installed the cms and they re setting things up for the content editors this very moment soon hlc portfolio dev will be an oasis of fresh perspectives sharp analyses and astute opinions that will keep you coming back again and again '),
 ('2', 'field', '1', 'en_us', ' welcome to hlc portfolio dev '),
 ('3', 'title', '0', 'en_us', ' we just installed craft '),
 ('3', 'slug', '0', 'en_us', ' we just installed craft '),
 ('3', 'field', '2', 'en_us', ' craft is the cms that s powering hlc portfolio dev it s beautiful powerful flexible and easy to use and it s made by pixel tonic we can t wait to dive in and see what it s capable of this is even more captivating content which you couldn t see on the news index page because it was entered after a page break and the news index template only likes to show the content on the first page craft a nice alternative to word if you re making a website '),
 ('4', 'title', '0', 'en_us', ' the school of artist '),
 ('4', 'slug', '0', 'en_us', ' the school of artist '),
 ('4', 'field', '3', 'en_us', ' this is the song description '),
 ('4', 'field', '11', 'en_us', ' audio '),
 ('4', 'field', '14', 'en_us', ' 1999 '),
 ('5', 'title', '0', 'en_us', ' album i '),
 ('5', 'slug', '0', 'en_us', ' album 1 '),
 ('5', 'field', '13', 'en_us', ' 17 1 0 en_us 2013 06 17 2013 07 20 3 1 the spinning song the spinning song 2013 06 17 33 1 0 en_us 2013 07 17 2013 07 20 3 1 norcturne op 37 norcturne op 37 2013 07 17 '),
 ('6', 'field', '15', 'en_us', ' brief lorem ipsum dolor sit amet consectetur adipiscing elit morbi commodo arcu at lorem fermentum imperdiet vivamus vel porttitor enim sed viverra turpis aliquam vestibulum elementum volutpat curabitur varius pretium magna sit amet molestie nunc lobortis adipiscing arcu sed fermentum velit elementum nec ut condimentum vulputate varius donec mattis enim a ullamcorper tincidunt neque nunc ultrices erat vel sagittis ligula nibh eget mauris brief lorem ipsum dolor sit amet consectetur adipiscing elit morbi commodo arcu at lorem fermentum imperdiet vivamus vel porttitor enim sed viverra turpis aliquam vestibulum elementum volutpat curabitur varius pretium magna sit amet molestie nunc lobortis adipiscing arcu sed fermentum velit elementum nec ut condimentum vulputate varius donec mattis enim a ullamcorper tincidunt neque nunc ultrices erat vel sagittis ligula nibh eget mauris career vivamus augue mauris dignissim id ultrices nec consectetur ut nisi fusce iaculis erat eget pellentesque rutrum sem enim pretium nisl quis consectetur ante nulla lobortis eros suspendisse hendrerit consectetur lacinia phasellus luctus massa eget pulvinar vestibulum ut et lectus et nibh sagittis ornare eu vel urna aenean ullamcorper dui id elementum luctus mauris porta ante dolor a rhoncus diam vestibulum et sed volutpat quam id vulputate ultrices phasellus nec eleifend lorem nunc vestibulum sodales leo pellentesque eleifend felis massa pellentesque auctor vestibulum quam quis malesuada eros vestibulum id praesent convallis rhoncus pulvinar sed bibendum nec orci sed posuere aliquam eu suscipit nisi proin tristique nibh vitae lobortis tincidunt career vivamus augue mauris dignissim id ultrices nec consectetur ut nisi fusce iaculis erat eget pellentesque rutrum sem enim pretium nisl quis consectetur ante nulla lobortis eros suspendisse hendrerit consectetur lacinia phasellus luctus massa eget pulvinar vestibulum ut et lectus et nibh sagittis ornare eu vel urna aenean ullamcorper dui id elementum luctus mauris porta ante dolor a rhoncus diam vestibulum et sed volutpat quam id vulputate ultrices phasellus nec eleifend lorem nunc vestibulum sodales leo pellentesque eleifend felis massa pellentesque auctor vestibulum quam quis malesuada eros vestibulum id praesent convallis rhoncus pulvinar sed bibendum nec orci sed posuere aliquam eu suscipit nisi proin tristique nibh vitae lobortis tincidunt press the other premiere played by all four musicians was contemporary composer chen hsin lei s by the light of nature a musical realization of the concept of nothingness or blankness described in the notes as one of the spiritual cores of chinese art to give you a partial idea of that concept imagine something that is hidden from you like a village that you can t see because there s a mountain in front of it this most impressive work included some apparently pre recorded digital sounds press the other premiere played by all four musicians was contemporary composer chen hsin lei s by the light of nature a musical realization of the concept of nothingness or blankness described in the notes as one of the spiritual cores of chinese art to give you a partial idea of that concept imagine something that is hidden from you like a village that you can t see because there s a mountain in front of it this most impressive work included some apparently pre recorded digital sounds '),
 ('6', 'field', '18', 'en_us', ' brief '),
 ('6', 'field', '17', 'en_us', ' some text about education '),
 ('6', 'field', '19', 'en_us', ' education '),
 ('6', 'field', '16', 'en_us', ' some text about career '),
 ('6', 'field', '20', 'en_us', ' career '),
 ('8', 'field', '31', 'en_us', ' creative industry project award council doe cultural 2010 creative industry project award council doe cultural 2010 college conservatory of music university of cincinnati orchestral work competition 2007 college conservatory of music university of cincinnati orchestral work competition 2007 next master work award erm media 2006 next master work award erm media 2006 third place and audience special award formosa composition competition 2004 third place and audience special award formosa composition competition 2004 '),
 ('10', 'field', '1', 'en_us', ' hsin lei chen '),
 ('10', 'field', '32', 'en_us', ' composer '),
 ('11', 'filename', '0', 'en_us', ' buffering indicator png '),
 ('11', 'extension', '0', 'en_us', ' png '),
 ('11', 'kind', '0', 'en_us', ' image '),
 ('12', 'filename', '0', 'en_us', ' bookshelf jpg '),
 ('12', 'extension', '0', 'en_us', ' jpg '),
 ('12', 'kind', '0', 'en_us', ' image '),
 ('13', 'filename', '0', 'en_us', ' album background example 1 jpg '),
 ('13', 'extension', '0', 'en_us', ' jpg '),
 ('13', 'kind', '0', 'en_us', ' image '),
 ('13', 'field', '33', 'en_us', ' unknown author '),
 ('13', 'field', '34', 'en_us', ' http www google com '),
 ('13', 'field', '35', 'en_us', ' unknown work title '),
 ('13', 'field', '36', 'en_us', ' http www sina com cn '),
 ('4', 'field', '5', 'en_us', ' 13 1 0 2013 06 14 2013 06 14 3 3 album background example 1 jpg image 2048 1368 984681 2013 06 14 24 1 0 2013 06 19 2013 06 19 3 3 black_and_white_mountain_landscape jpg image 1920 1080 661051 2013 06 19 23 1 0 2013 06 19 2013 06 19 3 3 black white piano organ jpg image 1024 819 334023 2013 06 19 '),
 ('14', 'title', '0', 'en_us', ' album ii '),
 ('14', 'slug', '0', 'en_us', ' album 2 '),
 ('14', 'field', '13', 'en_us', ' 33 1 0 en_us 2013 07 17 2013 07 20 3 1 norcturne op 37 norcturne op 37 2013 07 17 4 1 0 en_us 2013 06 13 2013 07 20 3 1 the school of artist the school of artist 2013 06 13 26 1 0 en_us 2013 06 20 2013 07 20 3 1 in the darkest night we sing in the darkest night we sing 2013 06 20 '),
 ('6', 'field', '37', 'en_us', ' lorem ipsum dolor sit amet consectetur adipiscing elit morbi commodo arcu at lorem fermentum imperdiet vivamus vel porttitor enim sed viverra turpis aliquam vestibulum elementum volutpat curabitur varius pretium magna sit amet molestie nunc lobortis adipiscing arcu sed fermentum velit elementum nec ut condimentum vulputate varius donec mattis enim a ullamcorper tincidunt neque nunc ultrices erat vel sagittis ligula nibh eget mauris '),
 ('6', 'field', '38', 'en_us', ' vivamus augue mauris dignissim id ultrices nec consectetur ut nisi fusce iaculis erat eget pellentesque rutrum sem enim pretium nisl quis consectetur ante nulla lobortis eros suspendisse hendrerit consectetur lacinia phasellus luctus massa eget pulvinar vestibulum ut et lectus et nibh sagittis ornare eu vel urna aenean ullamcorper dui id elementum luctus mauris porta ante dolor a rhoncus diam vestibulum et sed volutpat quam id vulputate ultrices phasellus nec eleifend lorem nunc vestibulum sodales leo pellentesque eleifend felis massa pellentesque auctor vestibulum quam quis malesuada eros vestibulum id praesent convallis rhoncus pulvinar sed bibendum nec orci sed posuere aliquam eu suscipit nisi proin tristique nibh vitae lobortis tincidunt '),
 ('6', 'field', '39', 'en_us', ' the other premiere played by all four musicians was contemporary composer chen hsin lei s by the light of nature a musical realization of the concept of nothingness or blankness described in the notes as one of the spiritual cores of chinese art to give you a partial idea of that concept imagine something that is hidden from you like a village that you can t see because there s a mountain in front of it this most impressive work included some apparently pre recorded digital sounds '),
 ('7', 'field', '22', 'en_us', ' joe joeonmars com '),
 ('7', 'field', '21', 'en_us', ' e mail '),
 ('7', 'field', '24', 'en_us', ' http www facebook com '),
 ('7', 'field', '26', 'en_us', ' http www google com plus '),
 ('7', 'field', '29', 'en_us', ' please write down your message '),
 ('7', 'field', '27', 'en_us', ' your name '),
 ('7', 'field', '30', 'en_us', ' leave your message '),
 ('7', 'field', '28', 'en_us', ' your email '),
 ('7', 'field', '23', 'en_us', ' social network '),
 ('7', 'field', '25', 'en_us', ' http www twitter com '),
 ('14', 'field', '40', 'en_us', ' 29 1 0 2013 06 29 2013 06 29 4 4 album 2 cover jpg image 390 130 33395 2013 06 29 '),
 ('5', 'field', '40', 'en_us', ' 30 1 0 2013 06 29 2013 06 29 4 4 album cover jpg image 500 133 30741 2013 06 29 '),
 ('15', 'filename', '0', 'en_us', ' album 1 cover jpg '),
 ('15', 'extension', '0', 'en_us', ' jpg '),
 ('15', 'kind', '0', 'en_us', ' image '),
 ('16', 'filename', '0', 'en_us', ' north pole 1 jpg '),
 ('16', 'extension', '0', 'en_us', ' jpg '),
 ('16', 'kind', '0', 'en_us', ' image '),
 ('17', 'title', '0', 'en_us', ' the spinning song '),
 ('17', 'slug', '0', 'en_us', ' the spinning song '),
 ('17', 'field', '5', 'en_us', ' 21 1 0 2013 06 19 2013 06 19 3 3 north pole 2 jpg image 1600 1200 697076 2013 06 19 16 1 0 2013 06 17 2013 06 17 3 3 north pole 1 jpg image 1920 1200 579414 2013 06 17 '),
 ('17', 'field', '3', 'en_us', ' lorem ipsum dolor sit amet consectetur adipiscing elit nullam id purus mauris morbi dapibus augue sapien eget ultricies diam consequat vitae praesent lacus ante ornare at libero a volutpat volutpat erat etiam non convallis diam duis sed magna tincidunt velit dignissim mattis proin placerat sagittis purus sed aliquam nunc rutrum vel maecenas sit amet luctus felis sed scelerisque vitae magna a malesuada nullam id aliquet neque eget pulvinar sem aliquam mattis urna et semper porta pellentesque sed lacus ullamcorper faucibus velit venenatis vestibulum ipsum aliquam ante dui fermentum quis mi et laoreet faucibus lacus vestibulum sit amet nunc vitae felis ornare malesuada sed vel ante proin ante sapien tristique quis turpis nec commodo luctus tortor donec vel risus ligula suspendisse diam sem pulvinar sed velit non ullamcorper viverra erat phasellus at orci vitae ipsum suscipit dignissim semper sed sapien vestibulum ante ipsum primis in faucibus orci luctus et ultrices posuere cubilia curae phasellus augue justo pellentesque nec mi quis posuere tempus mi suspendisse sit amet scelerisque urna sed mollis odio non velit dignissim luctus ut tortor velit tristique et porttitor quis sagittis non purus phasellus at nisi varius mollis tortor eget eleifend ipsum interdum et malesuada fames ac ante ipsum primis in faucibus lorem ipsum dolor sit amet consectetur adipiscing elit '),
 ('17', 'field', '8', 'en_us', ' 9000 '),
 ('17', 'field', '11', 'en_us', ' audio '),
 ('17', 'field', '14', 'en_us', ' 1980 '),
 ('18', 'filename', '0', 'en_us', ' mendelssohn___alicia_de_larrocha __spinning_song__ _hispavox__late_1950s___early_1960s mp3 '),
 ('18', 'extension', '0', 'en_us', ' mp3 '),
 ('18', 'kind', '0', 'en_us', ' audio '),
 ('19', 'filename', '0', 'en_us', ' the spinning song mp3 '),
 ('19', 'extension', '0', 'en_us', ' mp3 '),
 ('19', 'kind', '0', 'en_us', ' audio '),
 ('20', 'filename', '0', 'en_us', ' the spinning song ogg '),
 ('20', 'extension', '0', 'en_us', ' ogg '),
 ('20', 'kind', '0', 'en_us', ' video '),
 ('17', 'field', '4', 'en_us', ' 19 1 0 2013 06 18 2013 06 18 1 1 the spinning song mp3 audio 1589223 2013 06 18 20 1 0 2013 06 18 2013 06 18 1 1 the spinning song ogg video 2376624 2013 06 18 '),
 ('4', 'field', '4', 'en_us', ' 22 1 0 2013 06 19 2013 06 19 1 1 bach__english_suite_no _2_in_a_minor__bwv_807__prelude_ _andras_schiff mp3 audio 4796227 2013 06 19 25 1 0 2013 06 20 2013 06 20 1 1 bach__english_suite_no _2_in_a_minor__bwv_807__prelude_ _andras_schiff ogg video 7169553 2013 06 20 '),
 ('21', 'filename', '0', 'en_us', ' north pole 2 jpg '),
 ('21', 'extension', '0', 'en_us', ' jpg '),
 ('21', 'kind', '0', 'en_us', ' image '),
 ('22', 'filename', '0', 'en_us', ' bach__english_suite_no _2_in_a_minor__bwv_807__prelude_ _andras_schiff mp3 '),
 ('22', 'extension', '0', 'en_us', ' mp3 '),
 ('22', 'kind', '0', 'en_us', ' audio '),
 ('23', 'filename', '0', 'en_us', ' black white piano organ jpg '),
 ('23', 'extension', '0', 'en_us', ' jpg '),
 ('23', 'kind', '0', 'en_us', ' image '),
 ('24', 'filename', '0', 'en_us', ' black_and_white_mountain_landscape jpg '),
 ('24', 'extension', '0', 'en_us', ' jpg '),
 ('24', 'kind', '0', 'en_us', ' image '),
 ('25', 'filename', '0', 'en_us', ' bach__english_suite_no _2_in_a_minor__bwv_807__prelude_ _andras_schiff ogg '),
 ('25', 'extension', '0', 'en_us', ' ogg '),
 ('25', 'kind', '0', 'en_us', ' video '),
 ('26', 'title', '0', 'en_us', ' in the darkest night we sing '),
 ('26', 'slug', '0', 'en_us', ' in the darkest night we sing '),
 ('26', 'field', '8', 'en_us', ' 8 14 '),
 ('26', 'field', '11', 'en_us', ' audio '),
 ('177', 'filename', '0', 'en_us', ' rustling_leaves ogg '),
 ('177', 'extension', '0', 'en_us', ' ogg '),
 ('177', 'kind', '0', 'en_us', ' video '),
 ('26', 'field', '14', 'en_us', ' 2012 '),
 ('27', 'filename', '0', 'en_us', ' in the darkest night we_ sing ogg '),
 ('27', 'extension', '0', 'en_us', ' ogg '),
 ('27', 'kind', '0', 'en_us', ' video '),
 ('28', 'filename', '0', 'en_us', ' in the darkest night we_ sing mp3 '),
 ('28', 'extension', '0', 'en_us', ' mp3 '),
 ('28', 'kind', '0', 'en_us', ' audio '),
 ('26', 'field', '4', 'en_us', ' in the darkest night we sing in the darkest night we sing '),
 ('26', 'field', '9', 'en_us', ' marimba brian graiser marimba brian graiser harp liya huang harp liya huang '),
 ('29', 'filename', '0', 'en_us', ' album 2 cover jpg '),
 ('29', 'extension', '0', 'en_us', ' jpg '),
 ('7', 'field', '42', 'en_us', ' subject '),
 ('17', 'field', '6', 'en_us', ' hsin lei chen '),
 ('17', 'field', '7', 'en_us', ' piano piano guitar guitar '),
 ('17', 'field', '9', 'en_us', ' calvin cui '),
 ('17', 'field', '43', 'en_us', ' y '),
 ('4', 'field', '43', 'en_us', ' n '),
 ('17', 'field', '12', 'en_us', ' 26 1 0 en_us 2013 06 20 2013 07 20 3 1 in the darkest night we sing in the darkest night we sing 2013 06 20 4 1 0 en_us 2013 06 13 2013 06 27 3 1 the school of artist the school of artist 2013 06 13 '),
 ('29', 'kind', '0', 'en_us', ' image '),
 ('30', 'filename', '0', 'en_us', ' album cover jpg '),
 ('30', 'extension', '0', 'en_us', ' jpg '),
 ('30', 'kind', '0', 'en_us', ' image '),
 ('31', 'filename', '0', 'en_us', ' arthur_rubinstein_ _chopin_nocturne_op _37__no _2_in_g mp3 '),
 ('31', 'extension', '0', 'en_us', ' mp3 '),
 ('31', 'kind', '0', 'en_us', ' audio '),
 ('32', 'filename', '0', 'en_us', ' arthur_rubinstein_ _chopin_nocturne_op _37__no _2_in_g ogg '),
 ('32', 'extension', '0', 'en_us', ' ogg '),
 ('32', 'kind', '0', 'en_us', ' video '),
 ('33', 'title', '0', 'en_us', ' norcturne op 37 '),
 ('33', 'slug', '0', 'en_us', ' norcturne op 37 '),
 ('33', 'field', '43', 'en_us', ' y '),
 ('33', 'field', '4', 'en_us', ' 31 1 0 2013 07 17 2013 07 17 1 1 arthur_rubinstein_ _chopin_nocturne_op _37__no _2_in_g mp3 audio 6644615 2013 07 17 32 1 0 2013 07 17 2013 07 17 1 1 arthur_rubinstein_ _chopin_nocturne_op _37__no _2_in_g ogg video 5629324 2013 07 17 '),
 ('33', 'field', '3', 'en_us', ' lorem ipsum dolor sit amet consectetur adipiscing elit morbi posuere ligula justo in condimentum tortor venenatis a vestibulum ante ipsum primis in faucibus orci luctus et ultrices posuere cubilia curae nullam tellus urna eleifend vel nulla sit amet ullamcorper ultricies neque aliquam cursus elementum leo quis eleifend nulla feugiat ultrices consequat mauris a ligula gravida laoreet orci pulvinar imperdiet dolor donec vehicula sagittis sapien aenean lorem nisi auctor vel vehicula semper imperdiet at erat pellentesque suscipit lorem non fermentum luctus magna leo facilisis mi viverra convallis purus elit nec est vivamus varius leo at viverra lobortis nunc urna malesuada urna in commodo tortor libero egestas mauris vestibulum vel tellus sed erat lobortis sollicitudin vel id tellus sed at dolor eu nunc feugiat fringilla proin nec lorem consequat auctor libero eget euismod libero quisque ornare pellentesque felis sed interdum nisi pulvinar non fusce vitae quam eget massa sodales tristique etiam euismod odio diam vitae rutrum arcu lobortis sit amet '),
 ('33', 'field', '8', 'en_us', ' 9000 '),
 ('33', 'field', '7', 'en_us', ' piano piano '),
 ('33', 'field', '11', 'en_us', ' audio '),
 ('33', 'field', '9', 'en_us', ' yixiong zhou '),
 ('33', 'field', '12', 'en_us', ' 26 1 0 en_us 2013 06 20 2013 07 20 3 1 in the darkest night we sing in the darkest night we sing 2013 06 20 17 1 0 en_us 2013 06 17 2013 07 20 3 1 the spinning song the spinning song 2013 06 17 4 1 0 en_us 2013 06 13 2013 07 20 3 1 the school of artist the school of artist 2013 06 13 '),
 ('33', 'field', '14', 'en_us', ' 2010 '),
 ('34', 'filename', '0', 'en_us', ' nocturne jpg '),
 ('34', 'extension', '0', 'en_us', ' jpg '),
 ('34', 'kind', '0', 'en_us', ' image '),
 ('33', 'field', '5', 'en_us', ' 34 1 0 2013 07 17 2013 07 17 3 3 nocturne jpg image 980 752 193783 2013 07 17 36 1 0 2013 07 17 2013 07 17 3 3 edward steichen web jpg image 1262 963 422269 2013 07 17 '),
 ('35', 'filename', '0', 'en_us', ' nocturne_1 jpg '),
 ('35', 'extension', '0', 'en_us', ' jpg '),
 ('35', 'kind', '0', 'en_us', ' image '),
 ('36', 'filename', '0', 'en_us', ' edward steichen web jpg '),
 ('36', 'extension', '0', 'en_us', ' jpg '),
 ('36', 'kind', '0', 'en_us', ' image '),
 ('37', 'filename', '0', 'en_us', ' arthur_rubinstein_ _chopin_nocturne_op _37__no _2_in_g json '),
 ('37', 'extension', '0', 'en_us', ' json '),
 ('33', 'field', '41', 'en_us', ' 37 1 0 2013 07 20 2013 07 20 2 2 arthur_rubinstein_ _chopin_nocturne_op _37__no _2_in_g json 54075 2013 07 20 '),
 ('38', 'filename', '0', 'en_us', ' bach__english_suite_no _2_in_a_minor__bwv_807__prelude_ _andras_schiff json '),
 ('38', 'extension', '0', 'en_us', ' json '),
 ('39', 'filename', '0', 'en_us', ' in the darkest night we_ sing json '),
 ('39', 'extension', '0', 'en_us', ' json '),
 ('40', 'filename', '0', 'en_us', ' the spinning song json '),
 ('40', 'extension', '0', 'en_us', ' json '),
 ('26', 'field', '43', 'en_us', ' n '),
 ('26', 'field', '41', 'en_us', ' in the darkest night we sing '),
 ('26', 'field', '7', 'en_us', ' marimba marimba harp harp '),
 ('17', 'field', '41', 'en_us', ' 40 1 0 2013 07 20 2013 07 20 2 2 the spinning song json 14313 2013 07 20 '),
 ('4', 'field', '41', 'en_us', ' 38 1 0 2013 07 20 2013 07 20 2 2 bach__english_suite_no _2_in_a_minor__bwv_807__prelude_ _andras_schiff json 40712 2013 07 20 '),
 ('7', 'field', '44', 'en_us', ' http www linkedin com '),
 ('7', 'field', '46', 'en_us', ' http www vimeo com '),
 ('7', 'field', '45', 'en_us', ' http www youtube com '),
 ('41', 'filename', '0', 'en_us', ' resume2013 chinese docx '),
 ('41', 'extension', '0', 'en_us', ' docx '),
 ('41', 'kind', '0', 'en_us', ' word '),
 ('42', 'filename', '0', 'en_us', ' resume2013 chinese pdf '),
 ('42', 'extension', '0', 'en_us', ' pdf '),
 ('42', 'kind', '0', 'en_us', ' pdf '),
 ('43', 'filename', '0', 'en_us', ' resume2013english docx '),
 ('43', 'extension', '0', 'en_us', ' docx '),
 ('43', 'kind', '0', 'en_us', ' word '),
 ('44', 'field', '47', 'en_us', ' 42 1 0 2013 07 21 2013 07 21 5 5 resume2013 chinese pdf pdf 121502 2013 07 21 '),
 ('45', 'field', '49', 'en_us', ' musical composer hsin lei chen s portfolio website '),
 ('45', 'field', '48', 'en_us', ' hsin lei chen composer indie music '),
 ('8', 'field', '55', 'en_us', ' awards '),
 ('6', 'field', '55', 'en_us', ' biography '),
 ('7', 'field', '55', 'en_us', ' contact '),
 ('10', 'field', '55', 'en_us', ' home '),
 ('7', 'field', '56', 'en_us', ' hsin lei chen '),
 ('46', 'username', '0', 'en_us', ' hsinleichen '),
 ('46', 'firstname', '0', 'en_us', ' hsin lei '),
 ('46', 'lastname', '0', 'en_us', ' chen '),
 ('46', 'fullname', '0', 'en_us', ' hsin lei chen '),
 ('46', 'email', '0', 'en_us', ' admin hsinleichen com '),
 ('1', 'firstname', '0', 'en_us', ' joe '),
 ('1', 'lastname', '0', 'en_us', ' zhou '),
 ('1', 'fullname', '0', 'en_us', ' joe zhou '),
 ('47', 'filename', '0', 'en_us', ' j s _bach _suite_no 2_in_b_minor__bwv_1067 _badinerie_mvt _77 mp3 '),
 ('47', 'extension', '0', 'en_us', ' mp3 '),
 ('47', 'kind', '0', 'en_us', ' audio '),
 ('47', 'title', '0', 'en_us', ' j s bach suite no 2 in b minor bwv 1067 badinerie mvt 77 '),
 ('48', 'filename', '0', 'en_us', ' j s _bach _suite_no 2_in_b_minor__bwv_1067 _badinerie_mvt _77 ogg '),
 ('48', 'extension', '0', 'en_us', ' ogg '),
 ('48', 'kind', '0', 'en_us', ' video '),
 ('48', 'title', '0', 'en_us', ' j s bach suite no 2 in b minor bwv 1067 badinerie mvt 77 '),
 ('49', 'filename', '0', 'en_us', ' j s _bach _suite_no 2_in_b_minor__bwv_1067 _badinerie_mvt _77 json '),
 ('49', 'extension', '0', 'en_us', ' json '),
 ('49', 'title', '0', 'en_us', ' j s bach suite no 2 in b minor bwv 1067 badinerie mvt 77 '),
 ('50', 'slug', '0', 'en_us', ' best of hsin lei '),
 ('50', 'title', '0', 'en_us', ' best of hsin lei '),
 ('50', 'field', '13', 'en_us', ' suite no 2 in b minor in the darkest night we sing the spinning song the school of artist norcturne op 37 '),
 ('51', 'slug', '0', 'en_us', ' suite no 2 in b minor '),
 ('51', 'title', '0', 'en_us', ' suite no 2 in b minor '),
 ('51', 'field', '43', 'en_us', ' y '),
 ('51', 'field', '4', 'en_us', ' j s bach suite no 2 in b minor bwv 1067 badinerie mvt 77 j s bach suite no 2 in b minor bwv 1067 badinerie mvt 77 '),
 ('51', 'field', '41', 'en_us', ' j s bach suite no 2 in b minor bwv 1067 badinerie mvt 77 '),
 ('51', 'field', '6', 'en_us', ' hsin lei chen '),
 ('51', 'field', '3', 'en_us', ' the four orchestral suites called ouvertures by their author bwv 1066 1069 are four suites by johann sebastian bach the name ouverture refers only in part to the opening movement in the style of the french overture in which a majestic opening section in relatively slow dotted note rhythm in duple meter is followed by a fast fugal section in triple meter then rounded off with a short recapitulation of the opening music more broadly the term was used in baroque germany for a suite of dance pieces in french baroque style preceded by such an ouverture this genre was extremely popular in germany during bach s day and he showed far less interest in it than was usual robin stowell writes that telemann s 135 surviving examples represent only a fraction of those he is known to have written 1 christoph graupner left 85 listed in his wikipedia entry and johann friedrich fasch left almost 100 listed in his wikipedia entry bach did write several other ouverture suites for solo instruments notably the cello suite no 5 bwv 1011 which also exists in the autograph lute suite in g minor bwv 995 the keyboard partita no 4 in d bwv 828 and the overture in the french style bwv 831 for keyboard the two keyboard works are among the few bach published and he prepared the lute suite for a monsieur schouster presumably for a fee so all three may attest to the form s popularity scholars believe that bach did not conceive of the four orchestral suites as a set in the way he conceived of the brandenburg concertos since the sources are various as detailed below '),
 ('51', 'field', '8', 'en_us', ' 1000 '),
 ('51', 'field', '7', 'en_us', ' flute flute viola viola '),
 ('51', 'field', '11', 'en_us', ' audio '),
 ('51', 'field', '9', 'en_us', ' bach '),
 ('51', 'field', '12', 'en_us', ' in the darkest night we sing '),
 ('51', 'field', '14', 'en_us', ' 1980 '),
 ('52', 'filename', '0', 'en_us', ' castle jpg '),
 ('52', 'extension', '0', 'en_us', ' jpg '),
 ('52', 'kind', '0', 'en_us', ' image '),
 ('52', 'title', '0', 'en_us', ' castle '),
 ('51', 'field', '5', 'en_us', ' castle '),
 ('53', 'filename', '0', 'en_us', ' album castle cover jpg '),
 ('53', 'extension', '0', 'en_us', ' jpg '),
 ('53', 'kind', '0', 'en_us', ' image '),
 ('53', 'title', '0', 'en_us', ' album castle cover '),
 ('50', 'field', '40', 'en_us', ' album castle cover '),
 ('54', 'filename', '0', 'en_us', ' album castle cover_1 jpg '),
 ('54', 'extension', '0', 'en_us', ' jpg '),
 ('54', 'kind', '0', 'en_us', ' image '),
 ('54', 'title', '0', 'en_us', ' solo '),
 ('54', 'slug', '0', 'en_us', ' solo '),
 ('54', 'field', '40', 'en_us', ' album castle cover '),
 ('55', 'slug', '0', 'en_us', ' chamber '),
 ('55', 'title', '0', 'en_us', ' chamber '),
 ('55', 'field', '40', 'en_us', ' album castle cover '),
 ('56', 'slug', '0', 'en_us', ' orchestra '),
 ('56', 'title', '0', 'en_us', ' orchestra '),
 ('56', 'field', '40', 'en_us', ' album castle cover '),
 ('57', 'slug', '0', 'en_us', ' large ensemble '),
 ('57', 'title', '0', 'en_us', ' large ensemble '),
 ('57', 'field', '40', 'en_us', ' album castle cover '),
 ('58', 'slug', '0', 'en_us', ' choir '),
 ('58', 'title', '0', 'en_us', ' choir '),
 ('58', 'field', '40', 'en_us', ' album castle cover '),
 ('59', 'slug', '0', 'en_us', ' movie '),
 ('59', 'title', '0', 'en_us', ' movie '),
 ('59', 'field', '40', 'en_us', ' album castle cover '),
 ('60', 'slug', '0', 'en_us', ' stage musical '),
 ('60', 'title', '0', 'en_us', ' stage musical '),
 ('60', 'field', '40', 'en_us', ' album castle cover '),
 ('61', 'slug', '0', 'en_us', ' tibet '),
 ('61', 'title', '0', 'en_us', ' tibet '),
 ('61', 'field', '43', 'en_us', ' n '),
 ('61', 'field', '3', 'en_us', ' with wind tibetan singing bowls sound flows by marimba is like the heartbeats of the earth and the dance of spirits on the great plateau '),
 ('61', 'field', '8', 'en_us', ' 11 35 '),
 ('61', 'field', '7', 'en_us', ' cow bells cow bells bass drum bass drum marimba marimba '),
 ('61', 'field', '11', 'en_us', ' audio '),
 ('61', 'field', '14', 'en_us', ' 2013 '),
 ('61', 'field', '9', 'en_us', ' percussion wei chen lin percussion wei chen lin '),
 ('62', 'filename', '0', 'en_us', ' tibet json '),
 ('62', 'extension', '0', 'en_us', ' json '),
 ('62', 'title', '0', 'en_us', ' tibet '),
 ('63', 'filename', '0', 'en_us', ' tibet mp3 '),
 ('63', 'extension', '0', 'en_us', ' mp3 '),
 ('63', 'kind', '0', 'en_us', ' audio '),
 ('63', 'title', '0', 'en_us', ' tibet '),
 ('64', 'filename', '0', 'en_us', ' tibet ogg '),
 ('64', 'extension', '0', 'en_us', ' ogg '),
 ('64', 'kind', '0', 'en_us', ' video '),
 ('64', 'title', '0', 'en_us', ' tibet '),
 ('61', 'field', '4', 'en_us', ' tibet tibet '),
 ('61', 'field', '41', 'en_us', ' tibet '),
 ('54', 'field', '13', 'en_us', ' tibet soliloquy five pieces for piano i five pieces for piano ii five pieces for piano iii five pieces for piano iv five pieces for piano v willow catkins poemes fantastiques mvt i poemes fantastiques mvt ii poemes fantastiques mvt iii '),
 ('65', 'slug', '0', 'en_us', ' brass quintet '),
 ('65', 'title', '0', 'en_us', ' fugue '),
 ('65', 'field', '43', 'en_us', ' n '),
 ('65', 'field', '8', 'en_us', ' 3 18 '),
 ('65', 'field', '7', 'en_us', ' 2 trumpets 2 trumpets horn horn 2 trombones 2 trombones '),
 ('65', 'field', '11', 'en_us', ' audio '),
 ('66', 'filename', '0', 'en_us', ' fugue json '),
 ('66', 'extension', '0', 'en_us', ' json '),
 ('66', 'title', '0', 'en_us', ' fugue '),
 ('67', 'filename', '0', 'en_us', ' fugue mp3 '),
 ('67', 'extension', '0', 'en_us', ' mp3 '),
 ('67', 'kind', '0', 'en_us', ' audio '),
 ('67', 'title', '0', 'en_us', ' fugue '),
 ('68', 'filename', '0', 'en_us', ' fugue ogg '),
 ('68', 'extension', '0', 'en_us', ' ogg '),
 ('68', 'kind', '0', 'en_us', ' video '),
 ('68', 'title', '0', 'en_us', ' fugue '),
 ('65', 'field', '4', 'en_us', ' fugue fugue '),
 ('65', 'field', '41', 'en_us', ' fugue '),
 ('55', 'field', '13', 'en_us', ' fugue colors of clouds a beacon of fire colors of clouds a concubine s room colors of clouds a dark valley colors of clouds an old general s soliloquy colors of clouds butterfly colors of clouds empty temple colors of clouds floating air colors of clouds old palace colors of clouds silent rage colors of clouds swimming in between streams of light colors of clouds tinkly jewels colors of clouds to the sky line in the darkest night we sing rustling leaves in the love the glance immaculate snow lurching ambush from all directions mvt i mei lan fang mvt ii recitative '),
 ('69', 'filename', '0', 'en_us', ' clarinet_concerto mp3 '),
 ('69', 'extension', '0', 'en_us', ' mp3 '),
 ('69', 'kind', '0', 'en_us', ' audio '),
 ('69', 'title', '0', 'en_us', ' clarinet concerto '),
 ('70', 'filename', '0', 'en_us', ' clarinet_concerto ogg '),
 ('70', 'extension', '0', 'en_us', ' ogg '),
 ('70', 'kind', '0', 'en_us', ' video '),
 ('70', 'title', '0', 'en_us', ' clarinet concerto '),
 ('71', 'slug', '0', 'en_us', ' clarinet concerto '),
 ('71', 'title', '0', 'en_us', ' clarinet concerto '),
 ('71', 'field', '43', 'en_us', ' n '),
 ('71', 'field', '4', 'en_us', ' clarinet concerto clarinet concerto '),
 ('71', 'field', '8', 'en_us', ' 10 14 '),
 ('71', 'field', '7', 'en_us', ' clarinet clarinet string orchestra string orchestra piano piano '),
 ('71', 'field', '11', 'en_us', ' audio '),
 ('71', 'field', '9', 'en_us', ' clarinet yi jun chen clarinet yi jun chen '),
 ('72', 'filename', '0', 'en_us', ' clarinet_concerto json '),
 ('72', 'extension', '0', 'en_us', ' json '),
 ('72', 'title', '0', 'en_us', ' clarinet concerto '),
 ('71', 'field', '41', 'en_us', ' clarinet concerto '),
 ('56', 'field', '13', 'en_us', ' clarinet concerto ink painting tinkly jade ebb and flow the four immeasurable long lived buddhism goddess sutra v to transformative lightness of beings deep movement 1 deep deep movement 2 lament deep movement 3 agony '),
 ('73', 'slug', '0', 'en_us', ' by the light of nature '),
 ('73', 'title', '0', 'en_us', ' by the light of nature '),
 ('73', 'field', '43', 'en_us', ' n '),
 ('73', 'field', '3', 'en_us', ' the perception of achieving the concept of leaving blank for imagination to run without having the standard traditional chinese music s hetrophony is the main topic of this work performance review the other premiere played by all four musicians was contemporary composer chen hsin lei s by the light of nature a musical realization of the concept of nothingness or blankness described in the notes as one of the spiritual cores of chinese art to give you a partial idea of that concept imagine something that is hidden from you like a village that you can t see because there s a mountain in front of it this most impressive work included some apparently pre recorded digital sounds thus it interrupt performers sense of coordination to count together performers can grad a hint or find their own clue of tempo from the tape part instruments are the color linearly each instrument has limited freedom of it s own pulse their unique timbre gives diversity of texture however there are points they meet up together to create tension and resolve each single one of them has its sound world yet together they are one work in harmony a pleasing state of agreement or orderly combination of elements in a whole '),
 ('73', 'field', '8', 'en_us', ' 6 59 '),
 ('73', 'field', '7', 'en_us', ' dizi dizi sheng sheng huqing huqing pipa pipa computer music computer music '),
 ('73', 'field', '11', 'en_us', ' audio '),
 ('73', 'field', '9', 'en_us', ' conductor aikhai peng conductor aikhai peng '),
 ('74', 'filename', '0', 'en_us', ' by_the_light_of_nature mp3 '),
 ('74', 'extension', '0', 'en_us', ' mp3 '),
 ('74', 'kind', '0', 'en_us', ' audio '),
 ('74', 'title', '0', 'en_us', ' by the light of nature '),
 ('75', 'filename', '0', 'en_us', ' by_the_light_of_nature ogg '),
 ('75', 'extension', '0', 'en_us', ' ogg '),
 ('75', 'kind', '0', 'en_us', ' video '),
 ('75', 'title', '0', 'en_us', ' by the light of nature '),
 ('76', 'filename', '0', 'en_us', ' by_the_light_of_nature json '),
 ('76', 'extension', '0', 'en_us', ' json '),
 ('76', 'title', '0', 'en_us', ' by the light of nature '),
 ('73', 'field', '4', 'en_us', ' by the light of nature by the light of nature '),
 ('73', 'field', '41', 'en_us', ' by the light of nature '),
 ('57', 'field', '13', 'en_us', ' by the light of nature fleeting glimpse foreseeing image mirage image mirage with sound track lost time resounding silence renascence '),
 ('77', 'filename', '0', 'en_us', ' calling mp3 '),
 ('77', 'extension', '0', 'en_us', ' mp3 '),
 ('77', 'kind', '0', 'en_us', ' audio '),
 ('77', 'title', '0', 'en_us', ' calling '),
 ('78', 'filename', '0', 'en_us', ' calling ogg '),
 ('78', 'extension', '0', 'en_us', ' ogg '),
 ('78', 'kind', '0', 'en_us', ' video '),
 ('78', 'title', '0', 'en_us', ' calling '),
 ('79', 'filename', '0', 'en_us', ' calling json '),
 ('79', 'extension', '0', 'en_us', ' json '),
 ('79', 'title', '0', 'en_us', ' calling '),
 ('80', 'slug', '0', 'en_us', ' calling '),
 ('80', 'title', '0', 'en_us', ' calling '),
 ('80', 'field', '43', 'en_us', ' n '),
 ('80', 'field', '4', 'en_us', ' calling calling '),
 ('80', 'field', '41', 'en_us', ' calling '),
 ('80', 'field', '3', 'en_us', ' movie s trailer '),
 ('80', 'field', '8', 'en_us', ' 3 18 '),
 ('80', 'field', '11', 'en_us', ' audio '),
 ('80', 'field', '9', 'en_us', ' director si he fan director si he fan '),
 ('59', 'field', '13', 'en_us', ' calling family heartbreak little village nostalgia on the road '),
 ('81', 'filename', '0', 'en_us', ' bach_buddha mp3 '),
 ('81', 'extension', '0', 'en_us', ' mp3 '),
 ('81', 'kind', '0', 'en_us', ' audio '),
 ('81', 'title', '0', 'en_us', ' bach buddha '),
 ('82', 'filename', '0', 'en_us', ' bach_buddha ogg '),
 ('82', 'extension', '0', 'en_us', ' ogg '),
 ('82', 'kind', '0', 'en_us', ' video '),
 ('82', 'title', '0', 'en_us', ' bach buddha '),
 ('83', 'filename', '0', 'en_us', ' bach_buddha json '),
 ('83', 'extension', '0', 'en_us', ' json '),
 ('83', 'title', '0', 'en_us', ' bach buddha '),
 ('84', 'slug', '0', 'en_us', ' bach buddha '),
 ('84', 'title', '0', 'en_us', ' bach buddha '),
 ('84', 'field', '43', 'en_us', ' n '),
 ('84', 'field', '4', 'en_us', ' bach buddha bach buddha '),
 ('84', 'field', '41', 'en_us', ' bach buddha '),
 ('84', 'field', '8', 'en_us', ' 7 27 '),
 ('84', 'field', '7', 'en_us', ' mixed choir mixed choir computer music computer music '),
 ('84', 'field', '11', 'en_us', ' audio '),
 ('84', 'field', '9', 'en_us', ' composer hsin lei chen composer hsin lei chen conductor yu chong johnny ku conductor yu chong johnny ku choir taipei philharmonics chamber choir choir taipei philharmonics chamber choir '),
 ('58', 'field', '13', 'en_us', ' bach buddha fisherman s song novel sphere rainforest '),
 ('84', 'field', '14', 'en_us', ' 2012 '),
 ('80', 'field', '14', 'en_us', ' 2011 '),
 ('73', 'field', '14', 'en_us', ' 2012 '),
 ('71', 'field', '14', 'en_us', ' 2008 '),
 ('65', 'field', '14', 'en_us', ' 2001 '),
 ('85', 'filename', '0', 'en_us', ' soliloquy mp3 '),
 ('85', 'extension', '0', 'en_us', ' mp3 '),
 ('85', 'kind', '0', 'en_us', ' audio '),
 ('85', 'title', '0', 'en_us', ' soliloquy '),
 ('86', 'filename', '0', 'en_us', ' soliloquy ogg '),
 ('86', 'extension', '0', 'en_us', ' ogg '),
 ('86', 'kind', '0', 'en_us', ' video '),
 ('86', 'title', '0', 'en_us', ' soliloquy '),
 ('87', 'filename', '0', 'en_us', ' soliloquy json '),
 ('87', 'extension', '0', 'en_us', ' json '),
 ('87', 'title', '0', 'en_us', ' soliloquy '),
 ('88', 'slug', '0', 'en_us', ' soliloquy '),
 ('88', 'title', '0', 'en_us', ' soliloquy '),
 ('88', 'field', '43', 'en_us', ' n '),
 ('88', 'field', '4', 'en_us', ' soliloquy soliloquy '),
 ('88', 'field', '41', 'en_us', ' soliloquy '),
 ('88', 'field', '8', 'en_us', ' 2 42 '),
 ('88', 'field', '7', 'en_us', ' piano piano '),
 ('88', 'field', '11', 'en_us', ' audio '),
 ('88', 'field', '9', 'en_us', ' composer hsin lei chen composer hsin lei chen piano ye ren lo piano ye ren lo '),
 ('88', 'field', '14', 'en_us', ' 2012 '),
 ('89', 'slug', '0', 'en_us', ' five pieces for piano i '),
 ('89', 'title', '0', 'en_us', ' five pieces for piano i '),
 ('89', 'field', '43', 'en_us', ' n '),
 ('89', 'field', '3', 'en_us', ' every piece has unique atmosphere i sounds of steps spreading in hospital s air with the medical machines beeping something is hidden ii carousel music box plays some neurotic song iii low moan releases the concealed pain and anger of a lost soul iv the transparent and magical blue bird is unpredictable and uncatchable v repeat the mechanized motion once again and again '),
 ('89', 'field', '8', 'en_us', ' 2 10 '),
 ('89', 'field', '7', 'en_us', ' piano piano '),
 ('89', 'field', '11', 'en_us', ' audio '),
 ('89', 'field', '9', 'en_us', ' composer hsin lei chen composer hsin lei chen piano ye ren lo piano ye ren lo '),
 ('89', 'field', '14', 'en_us', ' 2002 '),
 ('90', 'slug', '0', 'en_us', ' five pieces for piano ii '),
 ('90', 'title', '0', 'en_us', ' five pieces for piano ii '),
 ('90', 'field', '43', 'en_us', ' n '),
 ('90', 'field', '3', 'en_us', ' every piece has unique atmosphere i sounds of steps spreading in hospital s air with the medical machines beeping something is hidden ii carousel music box plays some neurotic song iii low moan releases the concealed pain and anger of a lost soul iv the transparent and magical blue bird is unpredictable and uncatchable v repeat the mechanized motion once again and again '),
 ('90', 'field', '8', 'en_us', ' 0 57 '),
 ('90', 'field', '7', 'en_us', ' piano piano '),
 ('90', 'field', '11', 'en_us', ' audio '),
 ('90', 'field', '9', 'en_us', ' composer hsin lei chen composer hsin lei chen piano ye ren lo piano ye ren lo '),
 ('90', 'field', '14', 'en_us', ' 2002 '),
 ('91', 'slug', '0', 'en_us', ' five pieces for piano iii '),
 ('91', 'title', '0', 'en_us', ' five pieces for piano iii '),
 ('91', 'field', '43', 'en_us', ' n '),
 ('91', 'field', '3', 'en_us', ' every piece has unique atmosphere i sounds of steps spreading in hospital s air with the medical machines beeping something is hidden ii carousel music box plays some neurotic song iii low moan releases the concealed pain and anger of a lost soul iv the transparent and magical blue bird is unpredictable and uncatchable v repeat the mechanized motion once again and again '),
 ('91', 'field', '8', 'en_us', ' 1 03 '),
 ('91', 'field', '7', 'en_us', ' piano piano '),
 ('91', 'field', '11', 'en_us', ' audio '),
 ('91', 'field', '9', 'en_us', ' composer hsin lei chen composer hsin lei chen piano ye ren lo piano ye ren lo '),
 ('91', 'field', '14', 'en_us', ' 2002 '),
 ('92', 'slug', '0', 'en_us', ' five pieces for piano iv '),
 ('92', 'title', '0', 'en_us', ' five pieces for piano iv '),
 ('92', 'field', '43', 'en_us', ' n '),
 ('92', 'field', '3', 'en_us', ' every piece has unique atmosphere i sounds of steps spreading in hospital s air with the medical machines beeping something is hidden ii carousel music box plays some neurotic song iii low moan releases the concealed pain and anger of a lost soul iv the transparent and magical blue bird is unpredictable and uncatchable v repeat the mechanized motion once again and again '),
 ('92', 'field', '8', 'en_us', ' 1 03 '),
 ('92', 'field', '7', 'en_us', ' piano piano '),
 ('92', 'field', '11', 'en_us', ' audio '),
 ('92', 'field', '9', 'en_us', ' composer hsin lei chen composer hsin lei chen piano ye ren lo piano ye ren lo '),
 ('92', 'field', '14', 'en_us', ' 2002 '),
 ('93', 'slug', '0', 'en_us', ' five pieces for piano v '),
 ('93', 'title', '0', 'en_us', ' five pieces for piano v '),
 ('93', 'field', '43', 'en_us', ' n '),
 ('93', 'field', '3', 'en_us', ' every piece has unique atmosphere i sounds of steps spreading in hospital s air with the medical machines beeping something is hidden ii carousel music box plays some neurotic song iii low moan releases the concealed pain and anger of a lost soul iv the transparent and magical blue bird is unpredictable and uncatchable v repeat the mechanized motion once again and again '),
 ('93', 'field', '8', 'en_us', ' 0 38 '),
 ('93', 'field', '7', 'en_us', ' piano piano '),
 ('93', 'field', '11', 'en_us', ' audio '),
 ('93', 'field', '9', 'en_us', ' composer hsin lei chen composer hsin lei chen piano ye ren lo piano ye ren lo '),
 ('93', 'field', '14', 'en_us', ' 2002 '),
 ('94', 'filename', '0', 'en_us', ' five_pieces_for_piano 2 json '),
 ('94', 'extension', '0', 'en_us', ' json '),
 ('94', 'title', '0', 'en_us', ' five pieces for piano 2 '),
 ('95', 'filename', '0', 'en_us', ' five_pieces_for_piano 1 mp3 '),
 ('95', 'extension', '0', 'en_us', ' mp3 '),
 ('95', 'kind', '0', 'en_us', ' audio '),
 ('95', 'title', '0', 'en_us', ' five pieces for piano 1 '),
 ('96', 'filename', '0', 'en_us', ' five_pieces_for_piano 1 ogg '),
 ('96', 'extension', '0', 'en_us', ' ogg '),
 ('96', 'kind', '0', 'en_us', ' video '),
 ('96', 'title', '0', 'en_us', ' five pieces for piano 1 '),
 ('97', 'filename', '0', 'en_us', ' five_pieces_for_piano 2 mp3 '),
 ('97', 'extension', '0', 'en_us', ' mp3 '),
 ('97', 'kind', '0', 'en_us', ' audio '),
 ('97', 'title', '0', 'en_us', ' five pieces for piano 2 '),
 ('98', 'filename', '0', 'en_us', ' five_pieces_for_piano 2 ogg '),
 ('98', 'extension', '0', 'en_us', ' ogg '),
 ('98', 'kind', '0', 'en_us', ' video '),
 ('98', 'title', '0', 'en_us', ' five pieces for piano 2 '),
 ('99', 'filename', '0', 'en_us', ' five_pieces_for_piano 3 json '),
 ('99', 'extension', '0', 'en_us', ' json '),
 ('99', 'title', '0', 'en_us', ' five pieces for piano 3 '),
 ('100', 'filename', '0', 'en_us', ' five_pieces_for_piano 3 mp3 '),
 ('100', 'extension', '0', 'en_us', ' mp3 '),
 ('100', 'kind', '0', 'en_us', ' audio '),
 ('100', 'title', '0', 'en_us', ' five pieces for piano 3 '),
 ('101', 'filename', '0', 'en_us', ' five_pieces_for_piano 3 ogg '),
 ('101', 'extension', '0', 'en_us', ' ogg '),
 ('101', 'kind', '0', 'en_us', ' video '),
 ('101', 'title', '0', 'en_us', ' five pieces for piano 3 '),
 ('102', 'filename', '0', 'en_us', ' five_pieces_for_piano 4 json '),
 ('102', 'extension', '0', 'en_us', ' json '),
 ('102', 'title', '0', 'en_us', ' five pieces for piano 4 '),
 ('103', 'filename', '0', 'en_us', ' five_pieces_for_piano 4 mp3 '),
 ('103', 'extension', '0', 'en_us', ' mp3 '),
 ('103', 'kind', '0', 'en_us', ' audio '),
 ('103', 'title', '0', 'en_us', ' five pieces for piano 4 '),
 ('104', 'filename', '0', 'en_us', ' five_pieces_for_piano 4 ogg '),
 ('104', 'extension', '0', 'en_us', ' ogg '),
 ('104', 'kind', '0', 'en_us', ' video '),
 ('104', 'title', '0', 'en_us', ' five pieces for piano 4 '),
 ('105', 'filename', '0', 'en_us', ' five_pieces_for_piano 5 json '),
 ('105', 'extension', '0', 'en_us', ' json '),
 ('105', 'title', '0', 'en_us', ' five pieces for piano 5 '),
 ('106', 'filename', '0', 'en_us', ' five_pieces_for_piano 5 mp3 '),
 ('106', 'extension', '0', 'en_us', ' mp3 '),
 ('106', 'kind', '0', 'en_us', ' audio '),
 ('106', 'title', '0', 'en_us', ' five pieces for piano 5 '),
 ('107', 'filename', '0', 'en_us', ' five_pieces_for_piano 5 ogg '),
 ('107', 'extension', '0', 'en_us', ' ogg '),
 ('107', 'kind', '0', 'en_us', ' video '),
 ('107', 'title', '0', 'en_us', ' five pieces for piano 5 '),
 ('108', 'filename', '0', 'en_us', ' five_pieces_for_piano 1 json '),
 ('108', 'extension', '0', 'en_us', ' json '),
 ('108', 'title', '0', 'en_us', ' five pieces for piano 1 '),
 ('109', 'filename', '0', 'en_us', ' five_pieces_for_piano 2 json '),
 ('109', 'extension', '0', 'en_us', ' json '),
 ('109', 'title', '0', 'en_us', ' five pieces for piano 2 '),
 ('110', 'filename', '0', 'en_us', ' five_pieces_for_piano 3 json '),
 ('110', 'extension', '0', 'en_us', ' json '),
 ('110', 'title', '0', 'en_us', ' five pieces for piano 3 '),
 ('111', 'filename', '0', 'en_us', ' five_pieces_for_piano 4 json '),
 ('111', 'extension', '0', 'en_us', ' json '),
 ('111', 'title', '0', 'en_us', ' five pieces for piano 4 '),
 ('112', 'filename', '0', 'en_us', ' five_pieces_for_piano 5 json '),
 ('112', 'extension', '0', 'en_us', ' json '),
 ('112', 'title', '0', 'en_us', ' five pieces for piano 5 '),
 ('89', 'field', '4', 'en_us', ' five pieces for piano 1 five pieces for piano 1 '),
 ('89', 'field', '41', 'en_us', ' five pieces for piano 1 '),
 ('90', 'field', '4', 'en_us', ' five pieces for piano 2 five pieces for piano 2 '),
 ('90', 'field', '41', 'en_us', ' five pieces for piano 2 '),
 ('90', 'field', '12', 'en_us', ' five pieces for piano i five pieces for piano iii five pieces for piano iv five pieces for piano v '),
 ('89', 'field', '12', 'en_us', ' five pieces for piano ii five pieces for piano iii five pieces for piano iv five pieces for piano v '),
 ('91', 'field', '4', 'en_us', ' five pieces for piano 3 five pieces for piano 3 '),
 ('91', 'field', '41', 'en_us', ' five pieces for piano 3 '),
 ('91', 'field', '12', 'en_us', ' five pieces for piano i five pieces for piano ii five pieces for piano iv five pieces for piano v '),
 ('92', 'field', '4', 'en_us', ' five pieces for piano 4 five pieces for piano 4 '),
 ('92', 'field', '41', 'en_us', ' five pieces for piano 4 '),
 ('92', 'field', '12', 'en_us', ' five pieces for piano i five pieces for piano ii five pieces for piano iii five pieces for piano v '),
 ('93', 'field', '4', 'en_us', ' five pieces for piano 5 five pieces for piano 5 '),
 ('93', 'field', '41', 'en_us', ' five pieces for piano 5 '),
 ('93', 'field', '12', 'en_us', ' five pieces for piano i five pieces for piano ii five pieces for piano iii five pieces for piano iv '),
 ('113', 'filename', '0', 'en_us', ' willow_catkins ogg '),
 ('113', 'extension', '0', 'en_us', ' ogg '),
 ('113', 'kind', '0', 'en_us', ' video '),
 ('113', 'title', '0', 'en_us', ' willow catkins '),
 ('114', 'filename', '0', 'en_us', ' willow_catkins mp3 '),
 ('114', 'extension', '0', 'en_us', ' mp3 '),
 ('114', 'kind', '0', 'en_us', ' audio '),
 ('114', 'title', '0', 'en_us', ' willow catkins '),
 ('115', 'filename', '0', 'en_us', ' willow_catkins json '),
 ('115', 'extension', '0', 'en_us', ' json '),
 ('115', 'title', '0', 'en_us', ' willow catkins '),
 ('116', 'slug', '0', 'en_us', ' willow catkins '),
 ('116', 'title', '0', 'en_us', ' willow catkins '),
 ('116', 'field', '43', 'en_us', ' n '),
 ('116', 'field', '4', 'en_us', ' willow catkins willow catkins '),
 ('116', 'field', '41', 'en_us', ' willow catkins '),
 ('116', 'field', '3', 'en_us', ' willow catkins fly in the wind like snow dancing under sunshine everything is like a dream everything freezes at that moment time does not move forever perhaps exists in somewhere we see and do not see '),
 ('116', 'field', '8', 'en_us', ' 7 17 '),
 ('116', 'field', '7', 'en_us', ' violin violin computer music computer music '),
 ('116', 'field', '11', 'en_us', ' audio '),
 ('116', 'field', '9', 'en_us', ' composer hsin lei chen composer hsin lei chen violin hsiang chun chien violin hsiang chun chien '),
 ('116', 'field', '14', 'en_us', ' 1999 '),
 ('117', 'slug', '0', 'en_us', ' poemes fantastiques mvt i '),
 ('117', 'title', '0', 'en_us', ' poemes fantastiques mvt i '),
 ('117', 'field', '43', 'en_us', ' n '),
 ('117', 'field', '3', 'en_us', ' mvt 1 thirds and minor seconds establish the theme the composer tries to express tough but still flexible full of life force use pizz to imitate heartbeats like pulsation mvt 2 the overtone imitates the sound of peaceful whistle strength flows out of the inner heart calmly and steadily mvt 3 under the tense atmosphere tempt to find a way out step by step become frantic and crazy at last escape from the cage breath in the air from the sky '),
 ('117', 'field', '8', 'en_us', ' 5 30 '),
 ('117', 'field', '7', 'en_us', ' violin solo violin solo '),
 ('117', 'field', '11', 'en_us', ' audio '),
 ('117', 'field', '9', 'en_us', ' composer hsin lei chen composer hsin lei chen violin chia lun chang violin chia lun chang '),
 ('117', 'field', '14', 'en_us', ' 2000 '),
 ('118', 'slug', '0', 'en_us', ' poemes fantastiques mvt ii '),
 ('118', 'title', '0', 'en_us', ' poemes fantastiques mvt ii '),
 ('118', 'field', '43', 'en_us', ' n '),
 ('118', 'field', '3', 'en_us', ' mvt 1 thirds and minor seconds establish the theme the composer tries to express tough but still flexible full of life force use pizz to imitate heartbeats like pulsation mvt 2 the overtone imitates the sound of peaceful whistle strength flows out of the inner heart calmly and steadily mvt 3 under the tense atmosphere tempt to find a way out step by step become frantic and crazy at last escape from the cage breath in the air from the sky '),
 ('118', 'field', '8', 'en_us', ' 5 22 '),
 ('118', 'field', '7', 'en_us', ' violin solo violin solo '),
 ('118', 'field', '11', 'en_us', ' audio '),
 ('118', 'field', '9', 'en_us', ' composer hsin lei chen composer hsin lei chen violin chia lun chang violin chia lun chang '),
 ('118', 'field', '14', 'en_us', ' 2000 '),
 ('119', 'slug', '0', 'en_us', ' poemes fantastiques mvt iii '),
 ('119', 'title', '0', 'en_us', ' poemes fantastiques mvt iii '),
 ('119', 'field', '43', 'en_us', ' n '),
 ('119', 'field', '3', 'en_us', ' mvt 1 thirds and minor seconds establish the theme the composer tries to express tough but still flexible full of life force use pizz to imitate heartbeats like pulsation mvt 2 the overtone imitates the sound of peaceful whistle strength flows out of the inner heart calmly and steadily mvt 3 under the tense atmosphere tempt to find a way out step by step become frantic and crazy at last escape from the cage breath in the air from the sky '),
 ('119', 'field', '8', 'en_us', ' 7 20 '),
 ('119', 'field', '7', 'en_us', ' violin solo violin solo '),
 ('119', 'field', '11', 'en_us', ' audio '),
 ('119', 'field', '9', 'en_us', ' composer hsin lei chen composer hsin lei chen violin chia lun chang violin chia lun chang '),
 ('119', 'field', '14', 'en_us', ' 2000 '),
 ('120', 'filename', '0', 'en_us', ' mvt _1 ogg '),
 ('120', 'extension', '0', 'en_us', ' ogg '),
 ('120', 'kind', '0', 'en_us', ' video '),
 ('120', 'title', '0', 'en_us', ' mvt 1 '),
 ('121', 'filename', '0', 'en_us', ' mvt _2 mp3 '),
 ('121', 'extension', '0', 'en_us', ' mp3 '),
 ('121', 'kind', '0', 'en_us', ' audio '),
 ('121', 'title', '0', 'en_us', ' mvt 2 '),
 ('122', 'filename', '0', 'en_us', ' mvt _1 mp3 '),
 ('122', 'extension', '0', 'en_us', ' mp3 '),
 ('122', 'kind', '0', 'en_us', ' audio '),
 ('122', 'title', '0', 'en_us', ' mvt 1 '),
 ('123', 'filename', '0', 'en_us', ' mvt _2 ogg '),
 ('123', 'extension', '0', 'en_us', ' ogg '),
 ('123', 'kind', '0', 'en_us', ' video '),
 ('123', 'title', '0', 'en_us', ' mvt 2 '),
 ('124', 'filename', '0', 'en_us', ' mvt _3 mp3 '),
 ('124', 'extension', '0', 'en_us', ' mp3 '),
 ('124', 'kind', '0', 'en_us', ' audio '),
 ('124', 'title', '0', 'en_us', ' mvt 3 '),
 ('125', 'filename', '0', 'en_us', ' mvt _3 ogg '),
 ('125', 'extension', '0', 'en_us', ' ogg '),
 ('125', 'kind', '0', 'en_us', ' video '),
 ('125', 'title', '0', 'en_us', ' mvt 3 '),
 ('126', 'filename', '0', 'en_us', ' mvt _1 json '),
 ('126', 'extension', '0', 'en_us', ' json '),
 ('126', 'title', '0', 'en_us', ' mvt 1 '),
 ('117', 'field', '4', 'en_us', ' mvt 1 mvt 1 '),
 ('117', 'field', '41', 'en_us', ' mvt 1 '),
 ('117', 'field', '12', 'en_us', ' poemes fantastiques mvt ii poemes fantastiques mvt iii '),
 ('127', 'filename', '0', 'en_us', ' mvt _2 json '),
 ('127', 'extension', '0', 'en_us', ' json '),
 ('127', 'title', '0', 'en_us', ' mvt 2 '),
 ('118', 'field', '4', 'en_us', ' mvt 2 mvt 2 '),
 ('118', 'field', '41', 'en_us', ' mvt 2 '),
 ('118', 'field', '12', 'en_us', ' poemes fantastiques mvt i poemes fantastiques mvt iii '),
 ('128', 'filename', '0', 'en_us', ' mvt _3 json '),
 ('128', 'extension', '0', 'en_us', ' json '),
 ('128', 'title', '0', 'en_us', ' mvt 3 '),
 ('119', 'field', '4', 'en_us', ' mvt 3 mvt 3 '),
 ('119', 'field', '41', 'en_us', ' mvt 3 '),
 ('119', 'field', '12', 'en_us', ' poemes fantastiques mvt i poemes fantastiques mvt ii '),
 ('129', 'filename', '0', 'en_us', ' colors_of_clouds a_beacon_of_fire mp3 '),
 ('129', 'extension', '0', 'en_us', ' mp3 '),
 ('129', 'kind', '0', 'en_us', ' audio '),
 ('129', 'title', '0', 'en_us', ' colors of clouds a beacon of fire '),
 ('130', 'filename', '0', 'en_us', ' colors_of_clouds a_beacon_of_fire ogg '),
 ('130', 'extension', '0', 'en_us', ' ogg '),
 ('130', 'kind', '0', 'en_us', ' video '),
 ('130', 'title', '0', 'en_us', ' colors of clouds a beacon of fire '),
 ('131', 'filename', '0', 'en_us', ' colors_of_clouds a_beacon_of_fire json '),
 ('131', 'extension', '0', 'en_us', ' json '),
 ('131', 'title', '0', 'en_us', ' colors of clouds a beacon of fire '),
 ('132', 'slug', '0', 'en_us', ' colors of clouds a beacon of fire '),
 ('132', 'title', '0', 'en_us', ' colors of clouds a beacon of fire '),
 ('132', 'field', '43', 'en_us', ' n '),
 ('132', 'field', '4', 'en_us', ' colors of clouds a beacon of fire colors of clouds a beacon of fire '),
 ('132', 'field', '41', 'en_us', ' colors of clouds a beacon of fire '),
 ('132', 'field', '3', 'en_us', ' cloud colors contains 12 small piece each single pieces represents different atmosphere the diversity of the colors of clouds like open 12 doors of 12 moments '),
 ('132', 'field', '8', 'en_us', ' 0 20 '),
 ('132', 'field', '7', 'en_us', ' bassoon bassoon 2 violins 2 violins viola viola cello cello contrabass contrabass '),
 ('132', 'field', '11', 'en_us', ' audio '),
 ('132', 'field', '9', 'en_us', ' composer hsin lei chen composer hsin lei chen bassoon christopher sales bassoon christopher sales violin gao can and kaun chang tu violin gao can and kaun chang tu viola miks silis viola miks silis cello sunghan seung cello sunghan seung contrabass maurice todd contrabass maurice todd '),
 ('132', 'field', '14', 'en_us', ' 2000 '),
 ('133', 'filename', '0', 'en_us', ' colors_of_clouds a_concubine_s_room mp3 '),
 ('133', 'extension', '0', 'en_us', ' mp3 '),
 ('133', 'kind', '0', 'en_us', ' audio '),
 ('133', 'title', '0', 'en_us', ' colors of clouds a concubine s room '),
 ('134', 'filename', '0', 'en_us', ' colors_of_clouds a_concubine_s_room ogg '),
 ('134', 'extension', '0', 'en_us', ' ogg '),
 ('134', 'kind', '0', 'en_us', ' video '),
 ('134', 'title', '0', 'en_us', ' colors of clouds a concubine s room '),
 ('135', 'filename', '0', 'en_us', ' colors_of_clouds a_concubine_s_room json '),
 ('135', 'extension', '0', 'en_us', ' json '),
 ('135', 'title', '0', 'en_us', ' colors of clouds a concubine s room '),
 ('136', 'slug', '0', 'en_us', ' colors of clouds a concubine s room '),
 ('136', 'title', '0', 'en_us', ' colors of clouds a concubine s room '),
 ('136', 'field', '43', 'en_us', ' n '),
 ('136', 'field', '4', 'en_us', ' colors of clouds a concubine s room colors of clouds a concubine s room '),
 ('136', 'field', '41', 'en_us', ' colors of clouds a concubine s room '),
 ('136', 'field', '3', 'en_us', ' cloud colors contains 12 small piece each single pieces represents different atmosphere the diversity of the colors of clouds like open 12 doors of 12 moments '),
 ('136', 'field', '8', 'en_us', ' 0 51 '),
 ('136', 'field', '7', 'en_us', ' bassoon bassoon 2 violins 2 violins viola viola cello cello contrabass contrabass '),
 ('136', 'field', '11', 'en_us', ' audio '),
 ('136', 'field', '9', 'en_us', ' composer hsin lei chen composer hsin lei chen bassoon christopher sales bassoon christopher sales violin gao can and kaun chang tu violin gao can and kaun chang tu viola miks silis viola miks silis cello sunghan seung cello sunghan seung contrabass maurice todd contrabass maurice todd '),
 ('136', 'field', '14', 'en_us', ' 2000 '),
 ('137', 'filename', '0', 'en_us', ' colors_of_clouds a_dark_valley mp3 '),
 ('137', 'extension', '0', 'en_us', ' mp3 '),
 ('137', 'kind', '0', 'en_us', ' audio '),
 ('137', 'title', '0', 'en_us', ' colors of clouds a dark valley '),
 ('138', 'filename', '0', 'en_us', ' colors_of_clouds a_dark_valley ogg '),
 ('138', 'extension', '0', 'en_us', ' ogg '),
 ('138', 'kind', '0', 'en_us', ' video '),
 ('138', 'title', '0', 'en_us', ' colors of clouds a dark valley '),
 ('139', 'filename', '0', 'en_us', ' colors_of_clouds a_dark_valley json '),
 ('139', 'extension', '0', 'en_us', ' json '),
 ('139', 'title', '0', 'en_us', ' colors of clouds a dark valley '),
 ('140', 'slug', '0', 'en_us', ' colors of clouds a dark valley '),
 ('140', 'title', '0', 'en_us', ' colors of clouds a dark valley '),
 ('140', 'field', '43', 'en_us', ' n '),
 ('140', 'field', '4', 'en_us', ' colors of clouds a dark valley colors of clouds a dark valley '),
 ('140', 'field', '41', 'en_us', ' colors of clouds a dark valley '),
 ('140', 'field', '3', 'en_us', ' cloud colors contains 12 small piece each single pieces represents different atmosphere the diversity of the colors of clouds like open 12 doors of 12 moments '),
 ('140', 'field', '8', 'en_us', ' 1 02 '),
 ('140', 'field', '7', 'en_us', ' bassoon bassoon 2 violins 2 violins viola viola cello cello contrabass contrabass '),
 ('140', 'field', '11', 'en_us', ' audio '),
 ('140', 'field', '9', 'en_us', ' composer hsin lei chen composer hsin lei chen bassoon christopher sales bassoon christopher sales violin gao can and kaun chang tu violin gao can and kaun chang tu viola miks silis viola miks silis cello sunghan seung cello sunghan seung contrabass maurice todd contrabass maurice todd '),
 ('140', 'field', '14', 'en_us', ' 2000 '),
 ('141', 'filename', '0', 'en_us', ' colors_of_clouds an_old_general_s_soliloquy mp3 '),
 ('141', 'extension', '0', 'en_us', ' mp3 '),
 ('141', 'kind', '0', 'en_us', ' audio '),
 ('141', 'title', '0', 'en_us', ' colors of clouds an old general s soliloquy '),
 ('142', 'filename', '0', 'en_us', ' colors_of_clouds an_old_general_s_soliloquy ogg '),
 ('142', 'extension', '0', 'en_us', ' ogg '),
 ('142', 'kind', '0', 'en_us', ' video '),
 ('142', 'title', '0', 'en_us', ' colors of clouds an old general s soliloquy '),
 ('143', 'filename', '0', 'en_us', ' colors_of_clouds an_old_general_s_soliloquy json '),
 ('143', 'extension', '0', 'en_us', ' json '),
 ('143', 'title', '0', 'en_us', ' colors of clouds an old general s soliloquy '),
 ('144', 'slug', '0', 'en_us', ' colors of clouds an old general s soliloquy '),
 ('144', 'title', '0', 'en_us', ' colors of clouds an old general s soliloquy '),
 ('144', 'field', '43', 'en_us', ' n '),
 ('144', 'field', '4', 'en_us', ' colors of clouds an old general s soliloquy colors of clouds an old general s soliloquy '),
 ('144', 'field', '41', 'en_us', ' colors of clouds an old general s soliloquy '),
 ('144', 'field', '3', 'en_us', ' cloud colors contains 12 small piece each single pieces represents different atmosphere the diversity of the colors of clouds like open 12 doors of 12 moments '),
 ('144', 'field', '8', 'en_us', ' 1 42 '),
 ('144', 'field', '7', 'en_us', ' bassoon bassoon 2 violins 2 violins viola viola cello cello contrabass contrabass '),
 ('144', 'field', '11', 'en_us', ' audio '),
 ('144', 'field', '9', 'en_us', ' composer hsin lei chen composer hsin lei chen bassoon christopher sales bassoon christopher sales violin gao can and kaun chang tu violin gao can and kaun chang tu viola miks silis viola miks silis cello sunghan seung cello sunghan seung contrabass maurice todd contrabass maurice todd '),
 ('144', 'field', '14', 'en_us', ' 2000 '),
 ('145', 'filename', '0', 'en_us', ' colors_of_clouds butterfly mp3 '),
 ('145', 'extension', '0', 'en_us', ' mp3 '),
 ('145', 'kind', '0', 'en_us', ' audio '),
 ('145', 'title', '0', 'en_us', ' colors of clouds butterfly '),
 ('146', 'filename', '0', 'en_us', ' colors_of_clouds butterfly ogg '),
 ('146', 'extension', '0', 'en_us', ' ogg '),
 ('146', 'kind', '0', 'en_us', ' video '),
 ('146', 'title', '0', 'en_us', ' colors of clouds butterfly '),
 ('147', 'filename', '0', 'en_us', ' colors_of_clouds butterfly json '),
 ('147', 'extension', '0', 'en_us', ' json '),
 ('147', 'title', '0', 'en_us', ' colors of clouds butterfly '),
 ('148', 'slug', '0', 'en_us', ' colors of clouds butterfly '),
 ('148', 'title', '0', 'en_us', ' colors of clouds butterfly '),
 ('148', 'field', '43', 'en_us', ' n '),
 ('148', 'field', '4', 'en_us', ' colors of clouds butterfly colors of clouds butterfly '),
 ('148', 'field', '41', 'en_us', ' colors of clouds butterfly '),
 ('148', 'field', '3', 'en_us', ' cloud colors contains 12 small piece each single pieces represents different atmosphere the diversity of the colors of clouds like open 12 doors of 12 moments '),
 ('148', 'field', '8', 'en_us', ' 0 33 '),
 ('148', 'field', '7', 'en_us', ' bassoon bassoon 2 violins 2 violins viola viola cello cello contrabass contrabass '),
 ('148', 'field', '11', 'en_us', ' audio '),
 ('148', 'field', '9', 'en_us', ' composer hsin lei chen composer hsin lei chen bassoon christopher sales bassoon christopher sales violin gao can and kaun chang tu violin gao can and kaun chang tu viola miks silis viola miks silis cello sunghan seung cello sunghan seung contrabass maurice todd contrabass maurice todd '),
 ('148', 'field', '14', 'en_us', ' 2000 '),
 ('149', 'filename', '0', 'en_us', ' colors_of_clouds empty_temple mp3 '),
 ('149', 'extension', '0', 'en_us', ' mp3 '),
 ('149', 'kind', '0', 'en_us', ' audio '),
 ('149', 'title', '0', 'en_us', ' colors of clouds empty temple '),
 ('150', 'filename', '0', 'en_us', ' colors_of_clouds empty_temple ogg '),
 ('150', 'extension', '0', 'en_us', ' ogg '),
 ('150', 'kind', '0', 'en_us', ' video '),
 ('150', 'title', '0', 'en_us', ' colors of clouds empty temple '),
 ('151', 'filename', '0', 'en_us', ' colors_of_clouds empty_temple json '),
 ('151', 'extension', '0', 'en_us', ' json '),
 ('151', 'title', '0', 'en_us', ' colors of clouds empty temple '),
 ('152', 'slug', '0', 'en_us', ' colors of clouds empty temple '),
 ('152', 'title', '0', 'en_us', ' colors of clouds empty temple '),
 ('152', 'field', '43', 'en_us', ' n '),
 ('152', 'field', '4', 'en_us', ' colors of clouds empty temple colors of clouds empty temple '),
 ('152', 'field', '41', 'en_us', ' colors of clouds empty temple '),
 ('152', 'field', '3', 'en_us', ' cloud colors contains 12 small piece each single pieces represents different atmosphere the diversity of the colors of clouds like open 12 doors of 12 moments '),
 ('152', 'field', '8', 'en_us', ' 0 47 '),
 ('152', 'field', '7', 'en_us', ' bassoon bassoon 2 violins 2 violins viola viola cello cello contrabass contrabass '),
 ('152', 'field', '11', 'en_us', ' audio '),
 ('152', 'field', '9', 'en_us', ' composer hsin lei chen composer hsin lei chen bassoon christopher sales bassoon christopher sales violin gao can and kaun chang tu violin gao can and kaun chang tu viola miks silis viola miks silis cello sunghan seung cello sunghan seung contrabass maurice todd contrabass maurice todd '),
 ('152', 'field', '14', 'en_us', ' 2000 '),
 ('153', 'filename', '0', 'en_us', ' colors_of_clouds floating_air mp3 '),
 ('153', 'extension', '0', 'en_us', ' mp3 '),
 ('153', 'kind', '0', 'en_us', ' audio '),
 ('153', 'title', '0', 'en_us', ' colors of clouds floating air '),
 ('154', 'filename', '0', 'en_us', ' colors_of_clouds floating_air ogg '),
 ('154', 'extension', '0', 'en_us', ' ogg '),
 ('154', 'kind', '0', 'en_us', ' video '),
 ('154', 'title', '0', 'en_us', ' colors of clouds floating air '),
 ('155', 'filename', '0', 'en_us', ' colors_of_clouds floating_air json '),
 ('155', 'extension', '0', 'en_us', ' json '),
 ('155', 'title', '0', 'en_us', ' colors of clouds floating air '),
 ('156', 'slug', '0', 'en_us', ' colors of clouds floating air '),
 ('156', 'title', '0', 'en_us', ' colors of clouds floating air '),
 ('156', 'field', '43', 'en_us', ' n '),
 ('156', 'field', '4', 'en_us', ' colors of clouds floating air colors of clouds floating air '),
 ('156', 'field', '41', 'en_us', ' colors of clouds floating air '),
 ('156', 'field', '3', 'en_us', ' cloud colors contains 12 small piece each single pieces represents different atmosphere the diversity of the colors of clouds like open 12 doors of 12 moments '),
 ('156', 'field', '8', 'en_us', ' 0 29 '),
 ('156', 'field', '7', 'en_us', ' bassoon bassoon 2 violins 2 violins viola viola cello cello contrabass contrabass '),
 ('156', 'field', '11', 'en_us', ' audio '),
 ('156', 'field', '9', 'en_us', ' composer hsin lei chen composer hsin lei chen bassoon christopher sales bassoon christopher sales violin gao can and kaun chang tu violin gao can and kaun chang tu viola miks silis viola miks silis cello sunghan seung cello sunghan seung contrabass maurice todd contrabass maurice todd '),
 ('156', 'field', '14', 'en_us', ' 2000 '),
 ('157', 'filename', '0', 'en_us', ' colors_of_clouds old_palace mp3 '),
 ('157', 'extension', '0', 'en_us', ' mp3 '),
 ('157', 'kind', '0', 'en_us', ' audio '),
 ('157', 'title', '0', 'en_us', ' colors of clouds old palace '),
 ('158', 'filename', '0', 'en_us', ' colors_of_clouds old_palace ogg '),
 ('158', 'extension', '0', 'en_us', ' ogg '),
 ('158', 'kind', '0', 'en_us', ' video '),
 ('158', 'title', '0', 'en_us', ' colors of clouds old palace '),
 ('159', 'filename', '0', 'en_us', ' colors_of_clouds old_palace json '),
 ('159', 'extension', '0', 'en_us', ' json '),
 ('159', 'title', '0', 'en_us', ' colors of clouds old palace '),
 ('160', 'slug', '0', 'en_us', ' colors of clouds old palace '),
 ('160', 'title', '0', 'en_us', ' colors of clouds old palace '),
 ('160', 'field', '43', 'en_us', ' n '),
 ('160', 'field', '4', 'en_us', ' colors of clouds old palace colors of clouds old palace '),
 ('160', 'field', '41', 'en_us', ' colors of clouds old palace '),
 ('160', 'field', '3', 'en_us', ' cloud colors contains 12 small piece each single pieces represents different atmosphere the diversity of the colors of clouds like open 12 doors of 12 moments '),
 ('160', 'field', '8', 'en_us', ' 0 54 '),
 ('160', 'field', '7', 'en_us', ' bassoon bassoon 2 violins 2 violins viola viola cello cello contrabass contrabass '),
 ('160', 'field', '11', 'en_us', ' audio '),
 ('160', 'field', '9', 'en_us', ' composer hsin lei chen composer hsin lei chen '),
 ('160', 'field', '14', 'en_us', ' 2000 '),
 ('161', 'filename', '0', 'en_us', ' colors_of_clouds silent_rage mp3 '),
 ('161', 'extension', '0', 'en_us', ' mp3 '),
 ('161', 'kind', '0', 'en_us', ' audio '),
 ('161', 'title', '0', 'en_us', ' colors of clouds silent rage '),
 ('162', 'filename', '0', 'en_us', ' colors_of_clouds silent_rage ogg '),
 ('162', 'extension', '0', 'en_us', ' ogg '),
 ('162', 'kind', '0', 'en_us', ' video '),
 ('162', 'title', '0', 'en_us', ' colors of clouds silent rage '),
 ('163', 'filename', '0', 'en_us', ' colors_of_clouds silent_rage json '),
 ('163', 'extension', '0', 'en_us', ' json '),
 ('163', 'title', '0', 'en_us', ' colors of clouds silent rage '),
 ('164', 'slug', '0', 'en_us', ' colors of clouds silent rage '),
 ('164', 'title', '0', 'en_us', ' colors of clouds silent rage '),
 ('164', 'field', '43', 'en_us', ' n '),
 ('164', 'field', '4', 'en_us', ' colors of clouds silent rage colors of clouds silent rage '),
 ('164', 'field', '41', 'en_us', ' colors of clouds silent rage '),
 ('164', 'field', '3', 'en_us', ' cloud colors contains 12 small piece each single pieces represents different atmosphere the diversity of the colors of clouds like open 12 doors of 12 moments '),
 ('164', 'field', '8', 'en_us', ' 0 20 '),
 ('164', 'field', '7', 'en_us', ' bassoon bassoon 2 violins 2 violins viola viola cello cello contrabass contrabass '),
 ('164', 'field', '11', 'en_us', ' audio '),
 ('164', 'field', '9', 'en_us', ' composer hsin lei chen composer hsin lei chen bassoon christopher sales bassoon christopher sales violin gao can and kaun chang tu violin gao can and kaun chang tu viola miks silis viola miks silis cello sunghan seung cello sunghan seung contrabass maurice todd contrabass maurice todd '),
 ('164', 'field', '14', 'en_us', ' 2000 '),
 ('165', 'filename', '0', 'en_us', ' colors_of_clouds swimming_in_between_streams_of_light ogg '),
 ('165', 'extension', '0', 'en_us', ' ogg '),
 ('165', 'kind', '0', 'en_us', ' video '),
 ('165', 'title', '0', 'en_us', ' colors of clouds swimming in between streams of light '),
 ('166', 'filename', '0', 'en_us', ' colors_of_clouds swimming_in_between_streams_of_light mp3 '),
 ('166', 'extension', '0', 'en_us', ' mp3 '),
 ('166', 'kind', '0', 'en_us', ' audio '),
 ('166', 'title', '0', 'en_us', ' colors of clouds swimming in between streams of light '),
 ('167', 'filename', '0', 'en_us', ' colors_of_clouds swimming_in_between_streams_of_light json '),
 ('167', 'extension', '0', 'en_us', ' json '),
 ('167', 'title', '0', 'en_us', ' colors of clouds swimming in between streams of light '),
 ('168', 'slug', '0', 'en_us', ' colors of clouds swimming in between streams of light '),
 ('168', 'title', '0', 'en_us', ' colors of clouds swimming in between streams of light '),
 ('168', 'field', '43', 'en_us', ' n '),
 ('168', 'field', '4', 'en_us', ' colors of clouds swimming in between streams of light colors of clouds swimming in between streams of light '),
 ('168', 'field', '41', 'en_us', ' colors of clouds swimming in between streams of light '),
 ('168', 'field', '3', 'en_us', ' cloud colors contains 12 small piece each single pieces represents different atmosphere the diversity of the colors of clouds like open 12 doors of 12 moments '),
 ('168', 'field', '8', 'en_us', ' 0 48 '),
 ('168', 'field', '7', 'en_us', ' bassoon bassoon 2 violins 2 violins viola viola cello cello contrabass contrabass '),
 ('168', 'field', '11', 'en_us', ' audio '),
 ('168', 'field', '9', 'en_us', ' composer hsin lei chen composer hsin lei chen bassoon christopher sales bassoon christopher sales violin gao can and kaun chang tu violin gao can and kaun chang tu viola miks silis viola miks silis cello sunghan seung cello sunghan seung contrabass maurice todd contrabass maurice todd '),
 ('168', 'field', '14', 'en_us', ' 2000 '),
 ('169', 'filename', '0', 'en_us', ' colors_of_clouds tinkly_jewels mp3 '),
 ('169', 'extension', '0', 'en_us', ' mp3 '),
 ('169', 'kind', '0', 'en_us', ' audio '),
 ('169', 'title', '0', 'en_us', ' colors of clouds tinkly jewels '),
 ('170', 'filename', '0', 'en_us', ' colors_of_clouds tinkly_jewels ogg '),
 ('170', 'extension', '0', 'en_us', ' ogg '),
 ('170', 'kind', '0', 'en_us', ' video '),
 ('170', 'title', '0', 'en_us', ' colors of clouds tinkly jewels '),
 ('171', 'filename', '0', 'en_us', ' colors_of_clouds tinkly_jewels json '),
 ('171', 'extension', '0', 'en_us', ' json '),
 ('171', 'title', '0', 'en_us', ' colors of clouds tinkly jewels '),
 ('172', 'slug', '0', 'en_us', ' colors of clouds tinkly jewels '),
 ('172', 'title', '0', 'en_us', ' colors of clouds tinkly jewels '),
 ('172', 'field', '43', 'en_us', ' n '),
 ('172', 'field', '4', 'en_us', ' colors of clouds tinkly jewels colors of clouds tinkly jewels '),
 ('172', 'field', '41', 'en_us', ' colors of clouds tinkly jewels '),
 ('172', 'field', '3', 'en_us', ' cloud colors contains 12 small piece each single pieces represents different atmosphere the diversity of the colors of clouds like open 12 doors of 12 moments '),
 ('172', 'field', '8', 'en_us', ' 0 31 '),
 ('172', 'field', '7', 'en_us', ' bassoon bassoon 2 violins 2 violins viola viola cello cello contrabass contrabass '),
 ('172', 'field', '11', 'en_us', ' audio '),
 ('172', 'field', '9', 'en_us', ' composer hsin lei chen composer hsin lei chen bassoon christopher sales bassoon christopher sales violin gao can and kaun chang tu violin gao can and kaun chang tu viola miks silis viola miks silis cello sunghan seung cello sunghan seung contrabass maurice todd contrabass maurice todd '),
 ('172', 'field', '14', 'en_us', ' 2000 '),
 ('173', 'filename', '0', 'en_us', ' colors_of_clouds to_the_sky_line json '),
 ('173', 'extension', '0', 'en_us', ' json '),
 ('173', 'title', '0', 'en_us', ' colors of clouds to the sky line '),
 ('174', 'filename', '0', 'en_us', ' colors_of_clouds to_the_sky_line ogg '),
 ('174', 'extension', '0', 'en_us', ' ogg '),
 ('174', 'kind', '0', 'en_us', ' video '),
 ('174', 'title', '0', 'en_us', ' colors of clouds to the sky line '),
 ('175', 'filename', '0', 'en_us', ' colors_of_clouds to_the_sky_line mp3 '),
 ('175', 'extension', '0', 'en_us', ' mp3 '),
 ('175', 'kind', '0', 'en_us', ' audio '),
 ('175', 'title', '0', 'en_us', ' colors of clouds to the sky line '),
 ('176', 'slug', '0', 'en_us', ' colors of clouds to the sky line '),
 ('176', 'title', '0', 'en_us', ' colors of clouds to the sky line '),
 ('176', 'field', '43', 'en_us', ' n '),
 ('176', 'field', '4', 'en_us', ' colors of clouds to the sky line colors of clouds to the sky line '),
 ('176', 'field', '41', 'en_us', ' colors of clouds to the sky line '),
 ('176', 'field', '3', 'en_us', ' cloud colors contains 12 small piece each single pieces represents different atmosphere the diversity of the colors of clouds like open 12 doors of 12 moments '),
 ('176', 'field', '8', 'en_us', ' 0 30 '),
 ('176', 'field', '7', 'en_us', ' bassoon bassoon 2 violins 2 violins viola viola cello cello contrabass contrabass '),
 ('176', 'field', '11', 'en_us', ' audio '),
 ('176', 'field', '9', 'en_us', ' composer hsin lei chen composer hsin lei chen bassoon christopher sales bassoon christopher sales violin gao can and kaun chang tu violin gao can and kaun chang tu viola miks silis viola miks silis cello sunghan seung cello sunghan seung contrabass maurice todd contrabass maurice todd '),
 ('176', 'field', '14', 'en_us', ' 2000 '),
 ('176', 'field', '12', 'en_us', ' colors of clouds tinkly jewels colors of clouds swimming in between streams of light colors of clouds silent rage colors of clouds old palace '),
 ('172', 'field', '12', 'en_us', ' colors of clouds to the sky line colors of clouds swimming in between streams of light colors of clouds silent rage colors of clouds old palace '),
 ('168', 'field', '12', 'en_us', ' colors of clouds to the sky line colors of clouds tinkly jewels colors of clouds silent rage colors of clouds old palace '),
 ('164', 'field', '12', 'en_us', ' colors of clouds to the sky line colors of clouds tinkly jewels colors of clouds swimming in between streams of light colors of clouds old palace '),
 ('160', 'field', '12', 'en_us', ' colors of clouds to the sky line colors of clouds tinkly jewels colors of clouds swimming in between streams of light colors of clouds silent rage '),
 ('132', 'field', '12', 'en_us', ' colors of clouds to the sky line colors of clouds tinkly jewels colors of clouds swimming in between streams of light colors of clouds silent rage '),
 ('136', 'field', '12', 'en_us', ' colors of clouds to the sky line colors of clouds tinkly jewels colors of clouds swimming in between streams of light colors of clouds silent rage '),
 ('140', 'field', '12', 'en_us', ' colors of clouds to the sky line colors of clouds tinkly jewels colors of clouds swimming in between streams of light colors of clouds silent rage '),
 ('144', 'field', '12', 'en_us', ' colors of clouds to the sky line colors of clouds tinkly jewels colors of clouds swimming in between streams of light colors of clouds silent rage '),
 ('148', 'field', '12', 'en_us', ' colors of clouds to the sky line colors of clouds tinkly jewels colors of clouds swimming in between streams of light colors of clouds silent rage '),
 ('152', 'field', '12', 'en_us', ' colors of clouds to the sky line colors of clouds tinkly jewels colors of clouds swimming in between streams of light colors of clouds silent rage '),
 ('156', 'field', '12', 'en_us', ' colors of clouds to the sky line colors of clouds tinkly jewels colors of clouds swimming in between streams of light colors of clouds silent rage '),
 ('177', 'title', '0', 'en_us', ' rustling leaves '),
 ('178', 'filename', '0', 'en_us', ' rustling_leaves mp3 '),
 ('178', 'extension', '0', 'en_us', ' mp3 '),
 ('178', 'kind', '0', 'en_us', ' audio '),
 ('178', 'title', '0', 'en_us', ' rustling leaves '),
 ('179', 'filename', '0', 'en_us', ' rustling_leaves json '),
 ('179', 'extension', '0', 'en_us', ' json '),
 ('179', 'title', '0', 'en_us', ' rustling leaves '),
 ('180', 'slug', '0', 'en_us', ' rustling leaves '),
 ('180', 'title', '0', 'en_us', ' rustling leaves '),
 ('180', 'field', '43', 'en_us', ' n '),
 ('180', 'field', '4', 'en_us', ' rustling leaves rustling leaves '),
 ('180', 'field', '41', 'en_us', ' rustling leaves '),
 ('180', 'field', '3', 'en_us', ' in rustling leaves i am trying to depict the sound of leaves the music is about the special experience of the great nature these is a mandarin term that i could not understand which is  it means mountain waves until one day i went to a park i was surrounded by trees while wind was blowing the sound of leaves was almost like ocean s waves for a moment i thought that i am by the beach the only difference was that the waves actually go thought my body i felt like that i am floating in the air with the ebb and flow up and down up and down '),
 ('180', 'field', '8', 'en_us', ' 9 42 '),
 ('180', 'field', '7', 'en_us', ' violin violin viola viola '),
 ('180', 'field', '11', 'en_us', ' audio '),
 ('180', 'field', '9', 'en_us', ' composer hsin lei chen composer hsin lei chen violin nick naegele violin nick naegele viola momchil monchev viola momchil monchev '),
 ('180', 'field', '14', 'en_us', ' 1998 '),
 ('181', 'filename', '0', 'en_us', ' in_the_love ogg '),
 ('181', 'extension', '0', 'en_us', ' ogg '),
 ('181', 'kind', '0', 'en_us', ' video '),
 ('181', 'title', '0', 'en_us', ' in the love '),
 ('182', 'filename', '0', 'en_us', ' in_the_love mp3 '),
 ('182', 'extension', '0', 'en_us', ' mp3 '),
 ('182', 'kind', '0', 'en_us', ' audio '),
 ('182', 'title', '0', 'en_us', ' in the love '),
 ('183', 'filename', '0', 'en_us', ' in_the_love json '),
 ('183', 'extension', '0', 'en_us', ' json '),
 ('183', 'title', '0', 'en_us', ' in the love '),
 ('184', 'slug', '0', 'en_us', ' in the love '),
 ('184', 'title', '0', 'en_us', ' in the love '),
 ('184', 'field', '43', 'en_us', ' n '),
 ('184', 'field', '4', 'en_us', ' in the love in the love '),
 ('184', 'field', '41', 'en_us', ' in the love '),
 ('184', 'field', '3', 'en_us', ' love is not to die for not to possess but to let it be no matter in love or losing one you should set the other free '),
 ('184', 'field', '8', 'en_us', ' 6 44 '),
 ('184', 'field', '7', 'en_us', ' violin violin cello cello piano piano '),
 ('184', 'field', '11', 'en_us', ' audio '),
 ('184', 'field', '9', 'en_us', ' composer hsin lei chen composer hsin lei chen violin jingye zhang violin jingye zhang cello song zhao cello song zhao piano jia lin zhang piano jia lin zhang '),
 ('184', 'field', '14', 'en_us', ' 2011 '),
 ('185', 'filename', '0', 'en_us', ' the_glance mp3 '),
 ('185', 'extension', '0', 'en_us', ' mp3 '),
 ('185', 'kind', '0', 'en_us', ' audio '),
 ('185', 'title', '0', 'en_us', ' the glance '),
 ('186', 'filename', '0', 'en_us', ' the_glance ogg '),
 ('186', 'extension', '0', 'en_us', ' ogg '),
 ('186', 'kind', '0', 'en_us', ' video '),
 ('186', 'title', '0', 'en_us', ' the glance '),
 ('187', 'filename', '0', 'en_us', ' the_glance json '),
 ('187', 'extension', '0', 'en_us', ' json '),
 ('187', 'title', '0', 'en_us', ' the glance '),
 ('188', 'slug', '0', 'en_us', ' the glance '),
 ('188', 'title', '0', 'en_us', ' the glance '),
 ('188', 'field', '43', 'en_us', ' n '),
 ('188', 'field', '4', 'en_us', ' the glance the glance '),
 ('188', 'field', '41', 'en_us', ' the glance '),
 ('188', 'field', '3', 'en_us', ' starts with the beginning of a pop song because of the glance of you among people i can t forget your face after the glance you are stuck everything is already written is destined i was a very rational love life was never my priority thus i could not understand johannes brahms love to the one woman through out life until i met a person i realized that staying quietly beside clara might have been the only thing brahms wished for i love this person more and more day by day the happier i felt the more painful i experienced the piece describes the contrasts in between the extreme emotions from tonal to atonal from purity to density from rational to emotional life is a process of repeating and circulating however every time it does not go back to exactly same place it changes a little the piece ends in e major which is a major this higher than the beginning it contains quotation another pop song at least i have you i am afraid that it s gonna be too late and i am going to hold you tight which is symbolization of sublime no matter what i am thankful that i loved '),
 ('188', 'field', '8', 'en_us', ' 5 14 '),
 ('188', 'field', '7', 'en_us', ' violin violin cello cello piano piano '),
 ('188', 'field', '11', 'en_us', ' audio '),
 ('188', 'field', '9', 'en_us', ' composer hsin lei chen composer hsin lei chen '),
 ('188', 'field', '14', 'en_us', ' 2008 '),
 ('189', 'filename', '0', 'en_us', ' immaculate_snow mp3 '),
 ('189', 'extension', '0', 'en_us', ' mp3 '),
 ('189', 'kind', '0', 'en_us', ' audio '),
 ('189', 'title', '0', 'en_us', ' immaculate snow '),
 ('190', 'filename', '0', 'en_us', ' immaculate_snow ogg '),
 ('190', 'extension', '0', 'en_us', ' ogg '),
 ('190', 'kind', '0', 'en_us', ' video '),
 ('190', 'title', '0', 'en_us', ' immaculate snow '),
 ('191', 'filename', '0', 'en_us', ' immaculate_snow json '),
 ('191', 'extension', '0', 'en_us', ' json '),
 ('191', 'title', '0', 'en_us', ' immaculate snow '),
 ('192', 'slug', '0', 'en_us', ' immaculate snow '),
 ('192', 'title', '0', 'en_us', ' immaculate snow '),
 ('192', 'field', '43', 'en_us', ' n '),
 ('192', 'field', '4', 'en_us', ' immaculate snow immaculate snow '),
 ('192', 'field', '41', 'en_us', ' immaculate snow '),
 ('192', 'field', '3', 'en_us', ' the title in chinese means the lean air and light after thunderstorm or snowstorm deeper meaning is about being calm in this material world i was inspired by the last snow in beijing it snowed heavily the snow s crystal was very light and large so it looks like feather i was standing in front of a huge glass the snow was so light so it flowed in the air sometimes up towards the sky i felt like that i was in a glass snow ball the snow leaned up the city and covered every noise the world was full of tranquility '),
 ('192', 'field', '8', 'en_us', ' 7 23 '),
 ('192', 'field', '7', 'en_us', ' string quartet string quartet '),
 ('192', 'field', '11', 'en_us', ' audio '),
 ('192', 'field', '9', 'en_us', ' composer hsin lei chen composer hsin lei chen violin can gao and yajing su violin can gao and yajing su viola wenting kang viola wenting kang cello yichen yang cello yichen yang '),
 ('192', 'field', '14', 'en_us', ' 2004 '),
 ('193', 'filename', '0', 'en_us', ' lurching_ambush_from_all_directions ogg '),
 ('193', 'extension', '0', 'en_us', ' ogg '),
 ('193', 'kind', '0', 'en_us', ' video '),
 ('193', 'title', '0', 'en_us', ' lurching ambush from all directions '),
 ('194', 'filename', '0', 'en_us', ' lurching_ambush_from_all_directions mp3 '),
 ('194', 'extension', '0', 'en_us', ' mp3 '),
 ('194', 'kind', '0', 'en_us', ' audio '),
 ('194', 'title', '0', 'en_us', ' lurching ambush from all directions '),
 ('195', 'filename', '0', 'en_us', ' lurching_ambush_from_all_directions json '),
 ('195', 'extension', '0', 'en_us', ' json '),
 ('195', 'title', '0', 'en_us', ' lurching ambush from all directions '),
 ('196', 'slug', '0', 'en_us', ' lurching ambush from all directions '),
 ('196', 'title', '0', 'en_us', ' lurching ambush from all directions '),
 ('196', 'field', '43', 'en_us', ' n '),
 ('196', 'field', '4', 'en_us', ' lurching ambush from all directions lurching ambush from all directions '),
 ('196', 'field', '41', 'en_us', ' lurching ambush from all directions '),
 ('196', 'field', '3', 'en_us', ' based on a traditional pipa work '),
 ('196', 'field', '8', 'en_us', ' 7 56 '),
 ('196', 'field', '7', 'en_us', ' string quartet string quartet '),
 ('196', 'field', '11', 'en_us', ' audio '),
 ('196', 'field', '9', 'en_us', ' composer hsin lei chen composer hsin lei chen string quartet marco polo string quartet yabing tan yang liu qing li and hao yu wang string quartet marco polo string quartet yabing tan yang liu qing li and hao yu wang '),
 ('197', 'filename', '0', 'en_us', ' mvt _i__mei__lan fang mp3 '),
 ('197', 'extension', '0', 'en_us', ' mp3 '),
 ('197', 'kind', '0', 'en_us', ' audio '),
 ('197', 'title', '0', 'en_us', ' mvt i mei lan fang '),
 ('198', 'filename', '0', 'en_us', ' mvt _i__mei__lan fang ogg '),
 ('198', 'extension', '0', 'en_us', ' ogg '),
 ('198', 'kind', '0', 'en_us', ' video '),
 ('198', 'title', '0', 'en_us', ' mvt i mei lan fang '),
 ('199', 'filename', '0', 'en_us', ' mvt _i__mei__lan fang json '),
 ('199', 'extension', '0', 'en_us', ' json '),
 ('199', 'title', '0', 'en_us', ' mvt i mei lan fang '),
 ('200', 'slug', '0', 'en_us', ' mvt i mei lan fang '),
 ('200', 'title', '0', 'en_us', ' mvt i mei lan fang '),
 ('200', 'field', '43', 'en_us', ' n '),
 ('200', 'field', '4', 'en_us', ' mvt i mei lan fang mvt i mei lan fang '),
 ('200', 'field', '41', 'en_us', ' mvt i mei lan fang '),
 ('200', 'field', '3', 'en_us', ' the main character of chinese opera stands on the stage '),
 ('200', 'field', '8', 'en_us', ' 5 15 '),
 ('200', 'field', '7', 'en_us', ' string quartet string quartet '),
 ('200', 'field', '11', 'en_us', ' audio '),
 ('200', 'field', '9', 'en_us', ' composer hsin lei chen composer hsin lei chen vioin pei yun hsiao and kai si fan vioin pei yun hsiao and kai si fan viola jun yan lai viola jun yan lai cello peng yun hsu cello peng yun hsu '),
 ('200', 'field', '14', 'en_us', ' 2006 '),
 ('201', 'filename', '0', 'en_us', ' mvt _ii__recitative mp3 '),
 ('201', 'extension', '0', 'en_us', ' mp3 '),
 ('201', 'kind', '0', 'en_us', ' audio '),
 ('201', 'title', '0', 'en_us', ' mvt ii recitative '),
 ('202', 'filename', '0', 'en_us', ' mvt _ii__recitative ogg '),
 ('202', 'extension', '0', 'en_us', ' ogg '),
 ('202', 'kind', '0', 'en_us', ' video '),
 ('202', 'title', '0', 'en_us', ' mvt ii recitative '),
 ('203', 'filename', '0', 'en_us', ' mvt _ii__recitative json '),
 ('203', 'extension', '0', 'en_us', ' json '),
 ('203', 'title', '0', 'en_us', ' mvt ii recitative '),
 ('204', 'slug', '0', 'en_us', ' mvt ii recitative '),
 ('204', 'title', '0', 'en_us', ' mvt ii recitative '),
 ('204', 'field', '43', 'en_us', ' n '),
 ('204', 'field', '4', 'en_us', ' mvt ii recitative mvt ii recitative '),
 ('204', 'field', '41', 'en_us', ' mvt ii recitative '),
 ('204', 'field', '3', 'en_us', ' in the dark and empty theater after taking off the oil cosmetics and mask for the character in chinese opera a person sits there aspirates breath and hum '),
 ('204', 'field', '8', 'en_us', ' 4 52 '),
 ('204', 'field', '7', 'en_us', ' string quartet string quartet '),
 ('204', 'field', '11', 'en_us', ' audio '),
 ('204', 'field', '9', 'en_us', ' composer hsin lei chen composer hsin lei chen vioin pei yun hsiao and kai si fan vioin pei yun hsiao and kai si fan viola jun yan lai viola jun yan lai cello peng yun hsu cello peng yun hsu '),
 ('204', 'field', '14', 'en_us', ' 2006 '),
 ('196', 'field', '14', 'en_us', ' 2008 '),
 ('205', 'filename', '0', 'en_us', ' ink_painting mp3 '),
 ('205', 'extension', '0', 'en_us', ' mp3 '),
 ('205', 'kind', '0', 'en_us', ' audio '),
 ('205', 'title', '0', 'en_us', ' ink painting '),
 ('206', 'filename', '0', 'en_us', ' ink_painting ogg '),
 ('206', 'extension', '0', 'en_us', ' ogg '),
 ('206', 'kind', '0', 'en_us', ' video '),
 ('206', 'title', '0', 'en_us', ' ink painting '),
 ('207', 'filename', '0', 'en_us', ' ink_painting json '),
 ('207', 'extension', '0', 'en_us', ' json '),
 ('207', 'title', '0', 'en_us', ' ink painting '),
 ('208', 'slug', '0', 'en_us', ' ink painting '),
 ('208', 'title', '0', 'en_us', ' ink painting '),
 ('208', 'field', '43', 'en_us', ' n '),
 ('208', 'field', '4', 'en_us', ' ink painting ink painting '),
 ('208', 'field', '41', 'en_us', ' ink painting '),
 ('208', 'field', '3', 'en_us', ' each single instrument of the quartet represents a basic nature element first violin is the fire of war fire second violin is the wind in forest wind viola is the deep ocean water and cello is the shifting sands of desert earth '),
 ('208', 'field', '8', 'en_us', ' 14 32 '),
 ('208', 'field', '7', 'en_us', ' string quartet string quartet orchestra orchestra '),
 ('208', 'field', '11', 'en_us', ' audio '),
 ('208', 'field', '9', 'en_us', ' composer hsin lei chen composer hsin lei chen conductor mark gibson conductor mark gibson violin gao can and kuan chang tu violin gao can and kuan chang tu viola yan ting wu viola yan ting wu cello chang pan cello chang pan '),
 ('208', 'field', '14', 'en_us', ' 2011 '),
 ('209', 'filename', '0', 'en_us', ' tinkly_jade mp3 '),
 ('209', 'extension', '0', 'en_us', ' mp3 '),
 ('209', 'kind', '0', 'en_us', ' audio '),
 ('209', 'title', '0', 'en_us', ' tinkly jade '),
 ('210', 'filename', '0', 'en_us', ' tinkly_jade ogg '),
 ('210', 'extension', '0', 'en_us', ' ogg '),
 ('210', 'kind', '0', 'en_us', ' video '),
 ('210', 'title', '0', 'en_us', ' tinkly jade '),
 ('211', 'filename', '0', 'en_us', ' tinkly_jade json '),
 ('211', 'extension', '0', 'en_us', ' json '),
 ('211', 'title', '0', 'en_us', ' tinkly jade '),
 ('212', 'slug', '0', 'en_us', ' tinkly jade '),
 ('212', 'title', '0', 'en_us', ' tinkly jade '),
 ('212', 'field', '43', 'en_us', ' n '),
 ('212', 'field', '4', 'en_us', ' tinkly jade tinkly jade '),
 ('212', 'field', '41', 'en_us', ' tinkly jade '),
 ('212', 'field', '3', 'en_us', ' in an empty palace that is so quiet even the tinkling sound of jade hung on concubine s belt can be heard easily '),
 ('212', 'field', '8', 'en_us', ' 10 19 '),
 ('212', 'field', '7', 'en_us', ' marimba marimba string quartet string quartet '),
 ('212', 'field', '11', 'en_us', ' audio '),
 ('212', 'field', '9', 'en_us', ' composer hsin lei chen composer hsin lei chen conductor jingye zhang conductor jingye zhang marimba bingye chen marimba bingye chen string orchestra eos orchestra string orchestra eos orchestra '),
 ('212', 'field', '14', 'en_us', ' 2007 '),
 ('213', 'filename', '0', 'en_us', ' ebb_and_flow mp3 '),
 ('213', 'extension', '0', 'en_us', ' mp3 '),
 ('213', 'kind', '0', 'en_us', ' audio '),
 ('213', 'title', '0', 'en_us', ' ebb and flow '),
 ('214', 'filename', '0', 'en_us', ' ebb_and_flow ogg '),
 ('214', 'extension', '0', 'en_us', ' ogg '),
 ('214', 'kind', '0', 'en_us', ' video '),
 ('214', 'title', '0', 'en_us', ' ebb and flow '),
 ('215', 'filename', '0', 'en_us', ' ebb_and_flow json '),
 ('215', 'extension', '0', 'en_us', ' json '),
 ('215', 'title', '0', 'en_us', ' ebb and flow '),
 ('216', 'slug', '0', 'en_us', ' ebb and flow '),
 ('216', 'title', '0', 'en_us', ' ebb and flow '),
 ('216', 'field', '43', 'en_us', ' n '),
 ('216', 'field', '4', 'en_us', ' ebb and flow ebb and flow '),
 ('216', 'field', '41', 'en_us', ' ebb and flow '),
 ('216', 'field', '3', 'en_us', ' ebb and flow is inspired by the idea of cause and effect all things as well as the sections of this work start with a strike and followed by series of effects that create different outcomes these unpredictable results lead this work to conflict or cohesive sections that create emotional tension to propel the music forward the piece is constructed around two groups of pitches c c d d e and f g g a bb they start the work together as a whole and go apart through out the piece in variation the sets are presented wholly or partially in forms of pillar chords melodic components accompanying forces and harmonic backdrop furthermore the two sets sometimes compete with each other and sometimes combine to compliment each other f and b the two among the twelve pitches that are not presented in the main pitch materials play an insignificant role in the composition they act as the filling of the twelve tone chord sonority but don t draw melodic or thematic attention it is not until the end after all instruments reach the climax that the vibraphone hit these two notes strongly to conclude this piece with a satisfying completion of twelve pitches '),
 ('216', 'field', '8', 'en_us', ' 10 09 '),
 ('216', 'field', '7', 'en_us', ' orchestra orchestra '),
 ('216', 'field', '11', 'en_us', ' audio '),
 ('216', 'field', '9', 'en_us', ' composer hsin lei chen composer hsin lei chen orchestra kiev philoharmonics orchestra kiev philoharmonics '),
 ('216', 'field', '14', 'en_us', ' 2007 '),
 ('217', 'filename', '0', 'en_us', ' the_four_immeasurable ogg '),
 ('217', 'extension', '0', 'en_us', ' ogg '),
 ('217', 'kind', '0', 'en_us', ' video '),
 ('217', 'title', '0', 'en_us', ' the four immeasurable '),
 ('218', 'filename', '0', 'en_us', ' the_four_immeasurable mp3 '),
 ('218', 'extension', '0', 'en_us', ' mp3 '),
 ('218', 'kind', '0', 'en_us', ' audio '),
 ('218', 'title', '0', 'en_us', ' the four immeasurable '),
 ('219', 'filename', '0', 'en_us', ' the_four_immeasurable json '),
 ('219', 'extension', '0', 'en_us', ' json '),
 ('219', 'title', '0', 'en_us', ' the four immeasurable '),
 ('220', 'slug', '0', 'en_us', ' the four immeasurable '),
 ('220', 'title', '0', 'en_us', ' the four immeasurable '),
 ('220', 'field', '43', 'en_us', ' n '),
 ('220', 'field', '4', 'en_us', ' the four immeasurable the four immeasurable '),
 ('220', 'field', '41', 'en_us', ' the four immeasurable '),
 ('220', 'field', '3', 'en_us', ' wish everything has happiness and the cause of happiness wish everything has no bitterness and away from the cause of bitterness wish everything has luck and the cause of luck wish everything has no hatry desire lust and anger '),
 ('220', 'field', '8', 'en_us', ' 8 28 '),
 ('220', 'field', '7', 'en_us', ' soprano soprano alto alto tenor tenor bass bass mixed choir mixed choir orchestra orchestra '),
 ('220', 'field', '11', 'en_us', ' audio '),
 ('220', 'field', '9', 'en_us', ' composer hsin lei chen composer hsin lei chen conductor jun chiang chiu conductor jun chiang chiu orchestra taipei philharmonics orchestra taipei philharmonics '),
 ('220', 'field', '14', 'en_us', ' 2007 '),
 ('200', 'field', '12', 'en_us', ' mvt ii recitative '),
 ('204', 'field', '12', 'en_us', ' mvt i mei lan fang '),
 ('221', 'filename', '0', 'en_us', ' long lived_buddhism_goddess_sutra ogg '),
 ('221', 'extension', '0', 'en_us', ' ogg '),
 ('221', 'kind', '0', 'en_us', ' video '),
 ('221', 'title', '0', 'en_us', ' long lived buddhism goddess sutra '),
 ('222', 'filename', '0', 'en_us', ' long lived_buddhism_goddess_sutra mp3 '),
 ('222', 'extension', '0', 'en_us', ' mp3 '),
 ('222', 'kind', '0', 'en_us', ' audio '),
 ('222', 'title', '0', 'en_us', ' long lived buddhism goddess sutra '),
 ('223', 'filename', '0', 'en_us', ' long lived_buddhism_goddess_sutra json '),
 ('223', 'extension', '0', 'en_us', ' json '),
 ('223', 'title', '0', 'en_us', ' long lived buddhism goddess sutra '),
 ('224', 'slug', '0', 'en_us', ' long lived buddhism goddess sutra '),
 ('224', 'title', '0', 'en_us', ' long lived buddhism goddess sutra '),
 ('224', 'field', '43', 'en_us', ' n '),
 ('224', 'field', '4', 'en_us', ' long lived buddhism goddess sutra long lived buddhism goddess sutra '),
 ('224', 'field', '41', 'en_us', ' long lived buddhism goddess sutra '),
 ('224', 'field', '3', 'en_us', ' buddhism goddess buddha affinity with her karma with her dharma and phase as one happiness with me in the morning read her name in the twilight think of her thoughts from heart thoughts with heart '),
 ('224', 'field', '8', 'en_us', ' 3 39 '),
 ('224', 'field', '7', 'en_us', ' soprano soprano mixed choir mixed choir harp harp string orchestra string orchestra '),
 ('224', 'field', '11', 'en_us', ' audio '),
 ('224', 'field', '9', 'en_us', ' composer hsin lei chen composer hsin lei chen conductor jun chiang chiu conductor jun chiang chiu orchestra taipei philharmonics orchestra taipei philharmonics '),
 ('224', 'field', '14', 'en_us', ' 2007 '),
 ('225', 'filename', '0', 'en_us', ' v_to_transformative_lightness_of_being mp3 '),
 ('225', 'extension', '0', 'en_us', ' mp3 '),
 ('225', 'kind', '0', 'en_us', ' audio '),
 ('225', 'title', '0', 'en_us', ' v to transformative lightness of being '),
 ('226', 'filename', '0', 'en_us', ' v_to_transformative_lightness_of_being ogg '),
 ('226', 'extension', '0', 'en_us', ' ogg '),
 ('226', 'kind', '0', 'en_us', ' video '),
 ('226', 'title', '0', 'en_us', ' v to transformative lightness of being '),
 ('227', 'filename', '0', 'en_us', ' v_to_transformative_lightness_of_being json '),
 ('227', 'extension', '0', 'en_us', ' json '),
 ('227', 'title', '0', 'en_us', ' v to transformative lightness of being '),
 ('228', 'slug', '0', 'en_us', ' v to transformative lightness of beings '),
 ('228', 'title', '0', 'en_us', ' v to transformative lightness of beings '),
 ('228', 'field', '43', 'en_us', ' n '),
 ('228', 'field', '4', 'en_us', ' v to transformative lightness of being v to transformative lightness of being '),
 ('228', 'field', '41', 'en_us', ' v to transformative lightness of being '),
 ('228', 'field', '3', 'en_us', ' maestro hu yongyen told me hsin lei give me wagner we want wagner and i though it s about time to go back to german style this piece is inspired by wagner s valkyrie and quoted many leitmotivs wagner s aesthetics to war violence destroy and the pleasant comes afterwards are too excitingly brutal for me to accept there is no fatherly kind reliable and warm spirit in the opera it s restless it s reality it s way too close to us after being through the delicatly processed agony and force here comes the hope and eager for piece beethoven s motive orchestration phrasing and chord is the foundation of this piece if wagner is the deep ocean that can swallow and destroy everything beethoven is the broad sea that give the world life with beethoven s spirit there is courage to floor in the waves of thunderstorm this piece is about struggling struggle in between hope and desperation against lust and desire like black hole of humanity and yet after everything have been through still peruse the brightness the reflection of sun the light of the promise land '),
 ('228', 'field', '8', 'en_us', ' 19 24 '),
 ('228', 'field', '7', 'en_us', ' orchestra orchestra '),
 ('228', 'field', '11', 'en_us', ' audio '),
 ('228', 'field', '9', 'en_us', ' composer hsin lei chen composer hsin lei chen conductor xu zhi lian conductor xu zhi lian orchestra eos orchestra orchestra eos orchestra '),
 ('228', 'field', '14', 'en_us', ' 2005 '),
 ('229', 'filename', '0', 'en_us', ' deep_ movement_1__deep_ ogg '),
 ('229', 'extension', '0', 'en_us', ' ogg '),
 ('229', 'kind', '0', 'en_us', ' video '),
 ('229', 'title', '0', 'en_us', ' deep movement 1 deep '),
 ('230', 'filename', '0', 'en_us', ' deep_ movement_1__deep_ mp3 '),
 ('230', 'extension', '0', 'en_us', ' mp3 '),
 ('230', 'kind', '0', 'en_us', ' audio '),
 ('230', 'title', '0', 'en_us', ' deep movement 1 deep '),
 ('231', 'filename', '0', 'en_us', ' deep_ movement_1__deep_ json '),
 ('231', 'extension', '0', 'en_us', ' json '),
 ('231', 'title', '0', 'en_us', ' deep movement 1 deep '),
 ('232', 'slug', '0', 'en_us', ' deep movement 1 '),
 ('232', 'title', '0', 'en_us', ' deep mvt i deep '),
 ('232', 'field', '43', 'en_us', ' n '),
 ('232', 'field', '4', 'en_us', ' deep movement 1 deep deep movement 1 deep '),
 ('232', 'field', '41', 'en_us', ' deep movement 1 deep '),
 ('232', 'field', '8', 'en_us', ' 2 25 '),
 ('232', 'field', '7', 'en_us', ' violin solo violin solo orchestra orchestra '),
 ('232', 'field', '11', 'en_us', ' audio '),
 ('232', 'field', '9', 'en_us', ' composer hsin lei chen composer hsin lei chen conductor dong jie chuang conductor dong jie chuang violin kuan chang tu violin kuan chang tu orchestra university of cincinnati college conservatory of music concert orchestra orchestra university of cincinnati college conservatory of music concert orchestra '),
 ('232', 'field', '14', 'en_us', ' 2009 '),
 ('232', 'field', '12', 'en_us', ' deep movement 2 lament deep movement 3 agony '),
 ('233', 'filename', '0', 'en_us', ' deep_ movement_2__lament_ ogg '),
 ('233', 'extension', '0', 'en_us', ' ogg '),
 ('233', 'kind', '0', 'en_us', ' video '),
 ('233', 'title', '0', 'en_us', ' deep movement 2 lament '),
 ('234', 'filename', '0', 'en_us', ' deep_ movement_2__lament_ mp3 '),
 ('234', 'extension', '0', 'en_us', ' mp3 '),
 ('234', 'kind', '0', 'en_us', ' audio '),
 ('234', 'title', '0', 'en_us', ' deep movement 2 lament '),
 ('235', 'filename', '0', 'en_us', ' deep_ movement_2__lament_ json '),
 ('235', 'extension', '0', 'en_us', ' json '),
 ('235', 'title', '0', 'en_us', ' deep movement 2 lament '),
 ('236', 'slug', '0', 'en_us', ' deep movement 2 lament '),
 ('236', 'title', '0', 'en_us', ' deep mvt ii lament '),
 ('236', 'field', '43', 'en_us', ' n '),
 ('236', 'field', '4', 'en_us', ' deep movement 2 lament deep movement 2 lament '),
 ('236', 'field', '41', 'en_us', ' deep movement 2 lament '),
 ('236', 'field', '8', 'en_us', ' 6 58 '),
 ('236', 'field', '7', 'en_us', ' violin solo violin solo orchestra orchestra '),
 ('236', 'field', '11', 'en_us', ' audio '),
 ('236', 'field', '9', 'en_us', ' composer hsin lei chen composer hsin lei chen conductor dong jie chuang conductor dong jie chuang violin kuan chang tu violin kuan chang tu orchestra university of cincinnati college conservatory of music concert orchestra orchestra university of cincinnati college conservatory of music concert orchestra '),
 ('236', 'field', '14', 'en_us', ' 2009 '),
 ('237', 'filename', '0', 'en_us', ' deep_ movement_3__agony_ ogg '),
 ('237', 'extension', '0', 'en_us', ' ogg '),
 ('237', 'kind', '0', 'en_us', ' video '),
 ('237', 'title', '0', 'en_us', ' deep movement 3 agony '),
 ('238', 'filename', '0', 'en_us', ' deep_ movement_3__agony_ mp3 '),
 ('238', 'extension', '0', 'en_us', ' mp3 '),
 ('238', 'kind', '0', 'en_us', ' audio '),
 ('238', 'title', '0', 'en_us', ' deep movement 3 agony '),
 ('239', 'filename', '0', 'en_us', ' deep_ movement_3__agony_ json '),
 ('239', 'extension', '0', 'en_us', ' json '),
 ('239', 'title', '0', 'en_us', ' deep movement 3 agony '),
 ('240', 'slug', '0', 'en_us', ' deep movement 3 agony '),
 ('240', 'title', '0', 'en_us', ' deep mvt iii agony '),
 ('240', 'field', '43', 'en_us', ' n '),
 ('240', 'field', '4', 'en_us', ' deep movement 3 agony deep movement 3 agony '),
 ('240', 'field', '41', 'en_us', ' deep movement 3 agony '),
 ('240', 'field', '8', 'en_us', ' 3 21 '),
 ('240', 'field', '7', 'en_us', ' violin solo violin solo orchestra orchestra '),
 ('240', 'field', '11', 'en_us', ' audio '),
 ('240', 'field', '9', 'en_us', ' composer hsin lei chen composer hsin lei chen conductor dong jie chuang conductor dong jie chuang violin kuan chang tu violin kuan chang tu orchestra university of cincinnati college conservatory of music concert orchestra orchestra university of cincinnati college conservatory of music concert orchestra '),
 ('240', 'field', '14', 'en_us', ' 2009 '),
 ('236', 'field', '12', 'en_us', ' deep mvt i deep deep movement 3 agony '),
 ('240', 'field', '12', 'en_us', ' deep mvt i deep deep mvt ii lament '),
 ('241', 'filename', '0', 'en_us', ' by_the_light_of_nature_1 mp3 '),
 ('241', 'extension', '0', 'en_us', ' mp3 '),
 ('241', 'kind', '0', 'en_us', ' audio '),
 ('241', 'title', '0', 'en_us', ' by the light of nature 1 '),
 ('242', 'filename', '0', 'en_us', ' by_the_light_of_nature_1 ogg '),
 ('242', 'extension', '0', 'en_us', ' ogg '),
 ('242', 'kind', '0', 'en_us', ' video '),
 ('242', 'title', '0', 'en_us', ' by the light of nature 1 '),
 ('243', 'filename', '0', 'en_us', ' fleeting_glimpse ogg '),
 ('243', 'extension', '0', 'en_us', ' ogg '),
 ('243', 'kind', '0', 'en_us', ' video '),
 ('243', 'title', '0', 'en_us', ' fleeting glimpse '),
 ('244', 'filename', '0', 'en_us', ' fleeting_glimpse mp3 '),
 ('244', 'extension', '0', 'en_us', ' mp3 '),
 ('244', 'kind', '0', 'en_us', ' audio '),
 ('244', 'title', '0', 'en_us', ' fleeting glimpse '),
 ('245', 'filename', '0', 'en_us', ' fleeting_glimpse json '),
 ('245', 'extension', '0', 'en_us', ' json '),
 ('245', 'title', '0', 'en_us', ' fleeting glimpse '),
 ('246', 'slug', '0', 'en_us', ' fleeting glimpse '),
 ('246', 'title', '0', 'en_us', ' fleeting glimpse '),
 ('246', 'field', '43', 'en_us', ' n '),
 ('246', 'field', '4', 'en_us', ' fleeting glimpse fleeting glimpse '),
 ('246', 'field', '41', 'en_us', ' fleeting glimpse '),
 ('246', 'field', '3', 'en_us', ' in a trance in between shadow and light to the other shore of thoughts floating were your teardrops '),
 ('246', 'field', '8', 'en_us', ' 8 11 '),
 ('246', 'field', '7', 'en_us', ' 2 pianos 2 pianos string quartet string quartet '),
 ('246', 'field', '11', 'en_us', ' audio '),
 ('246', 'field', '9', 'en_us', ' composer hsin lei chen composer hsin lei chen conductor aikhai peng conductor aikhai peng piano jesse leong and rania ejeilat piano jesse leong and rania ejeilat violin lu li and chun ni hsieh violin lu li and chun ni hsieh viola emily voto viola emily voto cello clair yu hsuan yang cello clair yu hsuan yang '),
 ('246', 'field', '14', 'en_us', ' 2010 '),
 ('247', 'filename', '0', 'en_us', ' foreseeing ogg '),
 ('247', 'extension', '0', 'en_us', ' ogg '),
 ('247', 'kind', '0', 'en_us', ' video '),
 ('247', 'title', '0', 'en_us', ' foreseeing '),
 ('248', 'filename', '0', 'en_us', ' foreseeing mp3 '),
 ('248', 'extension', '0', 'en_us', ' mp3 '),
 ('248', 'kind', '0', 'en_us', ' audio '),
 ('248', 'title', '0', 'en_us', ' foreseeing '),
 ('249', 'filename', '0', 'en_us', ' foreseeing json '),
 ('249', 'extension', '0', 'en_us', ' json '),
 ('249', 'title', '0', 'en_us', ' foreseeing '),
 ('250', 'slug', '0', 'en_us', ' foreseeing '),
 ('250', 'title', '0', 'en_us', ' foreseeing '),
 ('250', 'field', '43', 'en_us', ' n '),
 ('250', 'field', '4', 'en_us', ' foreseeing foreseeing '),
 ('250', 'field', '41', 'en_us', ' foreseeing '),
 ('250', 'field', '8', 'en_us', ' 11 26 '),
 ('250', 'field', '7', 'en_us', ' flute flute oboe oboe clarinet in b flat clarinet in b flat bassoon bassoon horn in f horn in f trumpet in c trumpet in c trombone trombone percussion percussion piano piano 2 violins 2 violins viola viola cello cello contrabass contrabass '),
 ('250', 'field', '11', 'en_us', ' audio '),
 ('250', 'field', '9', 'en_us', ' composer hsin lei chen composer hsin lei chen conductor jing huan conductor jing huan flute valerie estes flute valerie estes oboe sara lynch oboe sara lynch clarinet stephen savage clarinet stephen savage bassoon adam farmer bassoon adam farmer horn anna leverenz horn anna leverenz trumpet zeynep cilingir trumpet zeynep cilingir trombone gif waltz trombone gif waltz percussion brad robinson and ben wallace percussion brad robinson and ben wallace piano dan sato piano dan sato violin sophia attiaga and kuan chang tu violin sophia attiaga and kuan chang tu viola cara simpson viola cara simpson cello journey son cello journey son contrabass yu ling lee contrabass yu ling lee '),
 ('250', 'field', '14', 'en_us', ' 2010 '),
 ('251', 'filename', '0', 'en_us', ' image__mirage ogg '),
 ('251', 'extension', '0', 'en_us', ' ogg '),
 ('251', 'kind', '0', 'en_us', ' video '),
 ('251', 'title', '0', 'en_us', ' image mirage '),
 ('252', 'filename', '0', 'en_us', ' image__mirage mp3 '),
 ('252', 'extension', '0', 'en_us', ' mp3 '),
 ('252', 'kind', '0', 'en_us', ' audio '),
 ('252', 'title', '0', 'en_us', ' image mirage '),
 ('253', 'filename', '0', 'en_us', ' image__mirage json '),
 ('253', 'extension', '0', 'en_us', ' json '),
 ('253', 'title', '0', 'en_us', ' image mirage '),
 ('254', 'slug', '0', 'en_us', ' image mirage '),
 ('254', 'title', '0', 'en_us', ' image mirage '),
 ('254', 'field', '43', 'en_us', ' n '),
 ('254', 'field', '4', 'en_us', ' image mirage image mirage '),
 ('254', 'field', '41', 'en_us', ' image mirage '),
 ('254', 'field', '3', 'en_us', ' after closing eyes there are blocks of colors which are reflection of the so called real world and gradually they alter twist and shift according to imaginations '),
 ('254', 'field', '8', 'en_us', ' 5 38 '),
 ('254', 'field', '7', 'en_us', ' clarinet clarinet bassoon bassoon 2 violins 2 violins cello cello contrabass contrabass '),
 ('254', 'field', '11', 'en_us', ' audio '),
 ('254', 'field', '9', 'en_us', ' composer hsin lei chen composer hsin lei chen clarinet alison mrowka clarinet alison mrowka bassoon brandon blankenship bassoon brandon blankenship violin lai lai louie and chi fan tsai violin lai lai louie and chi fan tsai violoncello ren ariizumi violoncello ren ariizumi contrabass briana goldberg contrabass briana goldberg '),
 ('254', 'field', '14', 'en_us', ' 2006 '),
 ('255', 'filename', '0', 'en_us', ' image__mirage__with_soundtrack_ mp3 '),
 ('255', 'extension', '0', 'en_us', ' mp3 '),
 ('255', 'kind', '0', 'en_us', ' audio '),
 ('255', 'title', '0', 'en_us', ' image mirage with soundtrack '),
 ('256', 'filename', '0', 'en_us', ' image__mirage__with_soundtrack_ ogg '),
 ('256', 'extension', '0', 'en_us', ' ogg '),
 ('256', 'kind', '0', 'en_us', ' video '),
 ('256', 'title', '0', 'en_us', ' image mirage with soundtrack '),
 ('257', 'filename', '0', 'en_us', ' image__mirage__with_soundtrack_ json '),
 ('257', 'extension', '0', 'en_us', ' json '),
 ('257', 'title', '0', 'en_us', ' image mirage with soundtrack '),
 ('258', 'slug', '0', 'en_us', ' image mirage with sound track '),
 ('258', 'title', '0', 'en_us', ' image mirage with sound track '),
 ('258', 'field', '43', 'en_us', ' n '),
 ('258', 'field', '4', 'en_us', ' image mirage with soundtrack image mirage with soundtrack '),
 ('258', 'field', '41', 'en_us', ' image mirage with soundtrack '),
 ('258', 'field', '3', 'en_us', ' after closing eyes there are blocks of colors which are reflection of the so called real world and gradually they alter twist and shift according to imaginations '),
 ('258', 'field', '8', 'en_us', ' 7 12 '),
 ('258', 'field', '7', 'en_us', ' clarinet clarinet bassoon bassoon 2 violins 2 violins cello cello contrabass contrabass tape tape '),
 ('258', 'field', '11', 'en_us', ' audio '),
 ('258', 'field', '9', 'en_us', ' composer hsin lei chen composer hsin lei chen conductor yu chung johnny ku conductor yu chung johnny ku clarinet merlin von frankenberg clarinet merlin von frankenberg bassoon yi chen chiu bassoon yi chen chiu violin yen ting wu and chi fan tsai violin yen ting wu and chi fan tsai violoncello yi ching lee violoncello yi ching lee contrabass briana goldberg contrabass briana goldberg sound designer sun hee kil sound designer sun hee kil '),
 ('258', 'field', '12', 'en_us', ' image mirage '),
 ('258', 'field', '14', 'en_us', ' 2011 '),
 ('254', 'field', '12', 'en_us', ' image mirage with sound track '),
 ('259', 'filename', '0', 'en_us', ' lost_time mp3 '),
 ('259', 'extension', '0', 'en_us', ' mp3 '),
 ('259', 'kind', '0', 'en_us', ' audio '),
 ('259', 'title', '0', 'en_us', ' lost time '),
 ('260', 'filename', '0', 'en_us', ' lost_time ogg '),
 ('260', 'extension', '0', 'en_us', ' ogg '),
 ('260', 'kind', '0', 'en_us', ' video '),
 ('260', 'title', '0', 'en_us', ' lost time '),
 ('261', 'filename', '0', 'en_us', ' lost_time json '),
 ('261', 'extension', '0', 'en_us', ' json '),
 ('261', 'title', '0', 'en_us', ' lost time '),
 ('262', 'slug', '0', 'en_us', ' lost time '),
 ('262', 'title', '0', 'en_us', ' lost time '),
 ('262', 'field', '43', 'en_us', ' n '),
 ('262', 'field', '4', 'en_us', ' lost time lost time '),
 ('262', 'field', '41', 'en_us', ' lost time '),
 ('262', 'field', '3', 'en_us', ' every moment is a frozen shoot by repeating and deleting finally realize what happens at the very first second '),
 ('262', 'field', '8', 'en_us', ' 4 52 '),
 ('262', 'field', '7', 'en_us', ' flute flute clarinet clarinet bassoon bassoon horn horn trombone trombone 2 percussions 2 percussions 2 violins 2 violins violoncello violoncello contrabass contrabass '),
 ('262', 'field', '11', 'en_us', ' audio '),
 ('262', 'field', '9', 'en_us', ' composer hsin lei chen composer hsin lei chen conductor yu chung johnny ku conductor yu chung johnny ku flute chia jui he flute chia jui he clarinet merlin von frankenberg clarinet merlin von frankenberg bassoon yi chen chiu bassoon yi chen chiu horn blake yarbrough horn blake yarbrough trumpet shao chun tsai trumpet shao chun tsai trombone kelvin chan trombone kelvin chan percussion wei chen lin and joseph van hassel percussion wei chen lin and joseph van hassel violin yen ting wu and chi fan tsai violin yen ting wu and chi fan tsai violoncello yi ching lee violoncello yi ching lee contrabass briana goldberg contrabass briana goldberg '),
 ('262', 'field', '14', 'en_us', ' 2012 '),
 ('263', 'filename', '0', 'en_us', ' resounding_silence mp3 '),
 ('263', 'extension', '0', 'en_us', ' mp3 '),
 ('263', 'kind', '0', 'en_us', ' audio '),
 ('263', 'title', '0', 'en_us', ' resounding silence '),
 ('264', 'filename', '0', 'en_us', ' resounding_silence ogg '),
 ('264', 'extension', '0', 'en_us', ' ogg '),
 ('264', 'kind', '0', 'en_us', ' video '),
 ('264', 'title', '0', 'en_us', ' resounding silence '),
 ('265', 'slug', '0', 'en_us', ' resounding silence '),
 ('265', 'title', '0', 'en_us', ' resounding silence '),
 ('265', 'field', '43', 'en_us', ' n '),
 ('265', 'field', '4', 'en_us', ' resounding silence resounding silence '),
 ('265', 'field', '3', 'en_us', ' yeki bout yeki nabout there was someone there was no one the long note at the beginning is realization of room tone everything happens later are heart beat and fantasy followed by severe headache '),
 ('265', 'field', '8', 'en_us', ' 8 20 '),
 ('265', 'field', '7', 'en_us', ' flute flute clarinet clarinet bassoon bassoon horn horn trombone trombone 2 percussions 2 percussions piano piano 2 violins 2 violins violoncello violoncello contrabass contrabass '),
 ('265', 'field', '11', 'en_us', ' audio '),
 ('265', 'field', '9', 'en_us', ' composer hsin lei chen composer hsin lei chen conductor yu chung johnny ku conductor yu chung johnny ku flute chia jui he flute chia jui he clarinet merlin von frankenberg clarinet merlin von frankenberg bassoon yi chen chiu bassoon yi chen chiu horn blake yarbrough horn blake yarbrough trumpet shao chun tsai trumpet shao chun tsai trombone kelvin chan trombone kelvin chan percussion wei chen lin and joseph van hassel percussion wei chen lin and joseph van hassel piano yi wen chang piano yi wen chang violin yen ting wu and chi fan tsai violin yen ting wu and chi fan tsai violoncello yi ching lee violoncello yi ching lee contrabass briana goldberg contrabass briana goldberg '),
 ('265', 'field', '14', 'en_us', ' 2006 '),
 ('266', 'filename', '0', 'en_us', ' resounding_silence json '),
 ('266', 'extension', '0', 'en_us', ' json '),
 ('266', 'title', '0', 'en_us', ' resounding silence '),
 ('265', 'field', '41', 'en_us', ' resounding silence '),
 ('267', 'filename', '0', 'en_us', ' renascence mp3 '),
 ('267', 'extension', '0', 'en_us', ' mp3 '),
 ('267', 'kind', '0', 'en_us', ' audio '),
 ('267', 'title', '0', 'en_us', ' renascence '),
 ('268', 'filename', '0', 'en_us', ' renascence ogg '),
 ('268', 'extension', '0', 'en_us', ' ogg '),
 ('268', 'kind', '0', 'en_us', ' video '),
 ('268', 'title', '0', 'en_us', ' renascence '),
 ('269', 'filename', '0', 'en_us', ' renascence json '),
 ('269', 'extension', '0', 'en_us', ' json '),
 ('269', 'title', '0', 'en_us', ' renascence '),
 ('270', 'slug', '0', 'en_us', ' renascence '),
 ('270', 'title', '0', 'en_us', ' renascence '),
 ('270', 'field', '43', 'en_us', ' n '),
 ('270', 'field', '4', 'en_us', ' renascence renascence '),
 ('270', 'field', '41', 'en_us', ' renascence '),
 ('270', 'field', '3', 'en_us', ' art is life in a deferent tempo countless natural disasters happened in recent years on on hand thinking about that there are people suffering somewhere out there makes me worried but on the other hand knowing that there are people devoting themselves for a better world comforts me the piece to that is to marvel human wisdom and to show respect for the power of nature i pray for the lives in miseries in the past the present and the future in the end of the music i hope the audience can hum with the performers with mahler s resurrection to find the peace on our heart maestro fusao kajim once described just like going back to mother s embrace '),
 ('270', 'field', '8', 'en_us', ' 10 59 '),
 ('270', 'field', '7', 'en_us', ' flute flute clarinet clarinet bassoon bassoon trombone trombone percussion percussion piano piano string quartet string quartet contrabass contrabass tape tape '),
 ('270', 'field', '11', 'en_us', ' audio '),
 ('270', 'field', '9', 'en_us', ' composer hsin lei chen composer hsin lei chen conductor fusao kajim conductor fusao kajim orchestra national taiwan orchestra symphony orchestra national taiwan orchestra symphony '),
 ('270', 'field', '14', 'en_us', ' 2003 '),
 ('271', 'filename', '0', 'en_us', ' fisherman_s_song ogg '),
 ('271', 'extension', '0', 'en_us', ' ogg '),
 ('271', 'kind', '0', 'en_us', ' video '),
 ('271', 'title', '0', 'en_us', ' fisherman s song '),
 ('272', 'filename', '0', 'en_us', ' fisherman_s_song mp3 '),
 ('272', 'extension', '0', 'en_us', ' mp3 '),
 ('272', 'kind', '0', 'en_us', ' audio '),
 ('272', 'title', '0', 'en_us', ' fisherman s song '),
 ('273', 'filename', '0', 'en_us', ' fisherman_s_song json '),
 ('273', 'extension', '0', 'en_us', ' json '),
 ('273', 'title', '0', 'en_us', ' fisherman s song '),
 ('274', 'slug', '0', 'en_us', ' fisherman s song '),
 ('274', 'title', '0', 'en_us', ' fisherman s song '),
 ('274', 'field', '43', 'en_us', ' n '),
 ('274', 'field', '4', 'en_us', ' fisherman s song fisherman s song '),
 ('274', 'field', '41', 'en_us', ' fisherman s song '),
 ('274', 'field', '3', 'en_us', ' egrets fly in front of west piedmont peach flowers flow away with water mandarin fish fertilize having green rain cap and coat with no worry for the light wind and the drizzling rain '),
 ('274', 'field', '8', 'en_us', ' 10 47 '),
 ('274', 'field', '7', 'en_us', ' mixed choir mixed choir '),
 ('274', 'field', '11', 'en_us', ' audio '),
 ('274', 'field', '9', 'en_us', ' composer hsin lei chen composer hsin lei chen conductor yu ching johnny ku conductor yu ching johnny ku lyricist zhang zhi he lyricist zhang zhi he choir ming de choir choir ming de choir '),
 ('274', 'field', '14', 'en_us', ' 2000 '),
 ('275', 'filename', '0', 'en_us', ' novel_sphere mp3 '),
 ('275', 'extension', '0', 'en_us', ' mp3 '),
 ('275', 'kind', '0', 'en_us', ' audio '),
 ('275', 'title', '0', 'en_us', ' novel sphere '),
 ('276', 'filename', '0', 'en_us', ' novel_sphere ogg '),
 ('276', 'extension', '0', 'en_us', ' ogg '),
 ('276', 'kind', '0', 'en_us', ' video '),
 ('276', 'title', '0', 'en_us', ' novel sphere '),
 ('277', 'filename', '0', 'en_us', ' novel_sphere json '),
 ('277', 'extension', '0', 'en_us', ' json '),
 ('277', 'title', '0', 'en_us', ' novel sphere '),
 ('278', 'slug', '0', 'en_us', ' novel sphere '),
 ('278', 'title', '0', 'en_us', ' novel sphere '),
 ('278', 'field', '43', 'en_us', ' n '),
 ('278', 'field', '4', 'en_us', ' novel sphere novel sphere '),
 ('278', 'field', '41', 'en_us', ' novel sphere '),
 ('278', 'field', '3', 'en_us', ' i am ready i am free to cleave the ether on a novel flight to novel sphere of pure activity '),
 ('278', 'field', '8', 'en_us', ' 3 38 '),
 ('278', 'field', '7', 'en_us', ' mixed choir mixed choir '),
 ('278', 'field', '11', 'en_us', ' audio '),
 ('278', 'field', '9', 'en_us', ' composer hsin lei chen composer hsin lei chen conductor shang lun wu conductor shang lun wu lyricist goethe lyricist goethe choir taipei philharmonics chamber choir choir taipei philharmonics chamber choir '),
 ('278', 'field', '14', 'en_us', ' 2003 '),
 ('279', 'filename', '0', 'en_us', ' rainforest ogg '),
 ('279', 'extension', '0', 'en_us', ' ogg '),
 ('279', 'kind', '0', 'en_us', ' video '),
 ('279', 'title', '0', 'en_us', ' rainforest '),
 ('280', 'filename', '0', 'en_us', ' rainforest mp3 '),
 ('280', 'extension', '0', 'en_us', ' mp3 '),
 ('280', 'kind', '0', 'en_us', ' audio '),
 ('280', 'title', '0', 'en_us', ' rainforest '),
 ('281', 'filename', '0', 'en_us', ' rainforest json '),
 ('281', 'extension', '0', 'en_us', ' json '),
 ('281', 'title', '0', 'en_us', ' rainforest '),
 ('282', 'slug', '0', 'en_us', ' rainforest '),
 ('282', 'title', '0', 'en_us', ' rainforest '),
 ('282', 'field', '43', 'en_us', ' n '),
 ('282', 'field', '4', 'en_us', ' rainforest rainforest '),
 ('282', 'field', '41', 'en_us', ' rainforest '),
 ('282', 'field', '3', 'en_us', ' rainforest is a fascinating source for sound the piece shows a window of spectacular sounds from the rainforest '),
 ('282', 'field', '8', 'en_us', ' 4 27 '),
 ('282', 'field', '7', 'en_us', ' mixed choir mixed choir '),
 ('282', 'field', '11', 'en_us', ' audio '),
 ('282', 'field', '9', 'en_us', ' composer hsin lei chen composer hsin lei chen '),
 ('282', 'field', '14', 'en_us', ' 2013 '),
 ('283', 'filename', '0', 'en_us', ' family ogg '),
 ('283', 'extension', '0', 'en_us', ' ogg '),
 ('283', 'kind', '0', 'en_us', ' video '),
 ('283', 'title', '0', 'en_us', ' family '),
 ('284', 'filename', '0', 'en_us', ' family mp3 '),
 ('284', 'extension', '0', 'en_us', ' mp3 '),
 ('284', 'kind', '0', 'en_us', ' audio '),
 ('284', 'title', '0', 'en_us', ' family '),
 ('285', 'filename', '0', 'en_us', ' family json '),
 ('285', 'extension', '0', 'en_us', ' json '),
 ('285', 'title', '0', 'en_us', ' family '),
 ('286', 'slug', '0', 'en_us', ' family '),
 ('286', 'title', '0', 'en_us', ' family '),
 ('286', 'field', '43', 'en_us', ' n '),
 ('286', 'field', '4', 'en_us', ' family family '),
 ('286', 'field', '41', 'en_us', ' family '),
 ('286', 'field', '8', 'en_us', ' 2 49 '),
 ('286', 'field', '11', 'en_us', ' audio '),
 ('286', 'field', '9', 'en_us', ' composer hsin lei chen composer hsin lei chen '),
 ('286', 'field', '14', 'en_us', ' 2013 '),
 ('287', 'filename', '0', 'en_us', ' heartbreak ogg '),
 ('287', 'extension', '0', 'en_us', ' ogg '),
 ('287', 'kind', '0', 'en_us', ' video '),
 ('287', 'title', '0', 'en_us', ' heartbreak '),
 ('288', 'filename', '0', 'en_us', ' heartbreak mp3 '),
 ('288', 'extension', '0', 'en_us', ' mp3 '),
 ('288', 'kind', '0', 'en_us', ' audio '),
 ('288', 'title', '0', 'en_us', ' heartbreak '),
 ('289', 'filename', '0', 'en_us', ' heartbreak json '),
 ('289', 'extension', '0', 'en_us', ' json '),
 ('289', 'title', '0', 'en_us', ' heartbreak '),
 ('290', 'slug', '0', 'en_us', ' heartbreak '),
 ('290', 'title', '0', 'en_us', ' heartbreak '),
 ('290', 'field', '43', 'en_us', ' n '),
 ('290', 'field', '4', 'en_us', ' heartbreak heartbreak '),
 ('290', 'field', '41', 'en_us', ' heartbreak '),
 ('290', 'field', '8', 'en_us', ' 0 58 '),
 ('290', 'field', '11', 'en_us', ' audio '),
 ('290', 'field', '9', 'en_us', ' composer hsin lei chen composer hsin lei chen '),
 ('290', 'field', '14', 'en_us', ' 2013 '),
 ('291', 'filename', '0', 'en_us', ' little_village ogg '),
 ('291', 'extension', '0', 'en_us', ' ogg '),
 ('291', 'kind', '0', 'en_us', ' video '),
 ('291', 'title', '0', 'en_us', ' little village '),
 ('292', 'filename', '0', 'en_us', ' little_village mp3 '),
 ('292', 'extension', '0', 'en_us', ' mp3 '),
 ('292', 'kind', '0', 'en_us', ' audio '),
 ('292', 'title', '0', 'en_us', ' little village '),
 ('293', 'filename', '0', 'en_us', ' little_village json '),
 ('293', 'extension', '0', 'en_us', ' json '),
 ('293', 'title', '0', 'en_us', ' little village '),
 ('294', 'slug', '0', 'en_us', ' little village '),
 ('294', 'title', '0', 'en_us', ' little village '),
 ('294', 'field', '43', 'en_us', ' n '),
 ('294', 'field', '4', 'en_us', ' little village little village '),
 ('294', 'field', '41', 'en_us', ' little village '),
 ('294', 'field', '8', 'en_us', ' 1 16 '),
 ('294', 'field', '11', 'en_us', ' audio '),
 ('294', 'field', '9', 'en_us', ' composer hsin lei chen composer hsin lei chen '),
 ('294', 'field', '14', 'en_us', ' 2013 '),
 ('295', 'filename', '0', 'en_us', ' nostalgia ogg '),
 ('295', 'extension', '0', 'en_us', ' ogg '),
 ('295', 'kind', '0', 'en_us', ' video '),
 ('295', 'title', '0', 'en_us', ' nostalgia '),
 ('296', 'filename', '0', 'en_us', ' nostalgia mp3 '),
 ('296', 'extension', '0', 'en_us', ' mp3 '),
 ('296', 'kind', '0', 'en_us', ' audio '),
 ('296', 'title', '0', 'en_us', ' nostalgia '),
 ('297', 'filename', '0', 'en_us', ' nostalgia json '),
 ('297', 'extension', '0', 'en_us', ' json '),
 ('297', 'title', '0', 'en_us', ' nostalgia '),
 ('298', 'slug', '0', 'en_us', ' nostalgia '),
 ('298', 'title', '0', 'en_us', ' nostalgia '),
 ('298', 'field', '43', 'en_us', ' n '),
 ('298', 'field', '4', 'en_us', ' nostalgia nostalgia '),
 ('298', 'field', '41', 'en_us', ' nostalgia '),
 ('298', 'field', '8', 'en_us', ' 2 23 '),
 ('298', 'field', '11', 'en_us', ' audio '),
 ('298', 'field', '9', 'en_us', ' composer hsin lei chen composer hsin lei chen '),
 ('298', 'field', '14', 'en_us', ' 2013 '),
 ('299', 'filename', '0', 'en_us', ' on_the_road mp3 '),
 ('299', 'extension', '0', 'en_us', ' mp3 '),
 ('299', 'kind', '0', 'en_us', ' audio '),
 ('299', 'title', '0', 'en_us', ' on the road '),
 ('300', 'filename', '0', 'en_us', ' on_the_road ogg '),
 ('300', 'extension', '0', 'en_us', ' ogg '),
 ('300', 'kind', '0', 'en_us', ' video '),
 ('300', 'title', '0', 'en_us', ' on the road '),
 ('301', 'filename', '0', 'en_us', ' on_the_road json '),
 ('301', 'extension', '0', 'en_us', ' json '),
 ('301', 'title', '0', 'en_us', ' on the road '),
 ('302', 'slug', '0', 'en_us', ' on the road '),
 ('302', 'title', '0', 'en_us', ' on the road '),
 ('302', 'field', '43', 'en_us', ' n '),
 ('302', 'field', '4', 'en_us', ' on the road on the road '),
 ('302', 'field', '41', 'en_us', ' on the road '),
 ('302', 'field', '8', 'en_us', ' 1 46 '),
 ('302', 'field', '11', 'en_us', ' audio '),
 ('302', 'field', '9', 'en_us', ' composer hsin lei chen composer hsin lei chen '),
 ('302', 'field', '14', 'en_us', ' 2013 ');
COMMIT;


--
-- Schema for table `craft_sections`
--

DROP TABLE IF EXISTS `craft_sections`;

CREATE TABLE `craft_sections` (
  `id` int(11) NOT NULL AUTO_INCREMENT,
  `name` varchar(100) COLLATE utf8_unicode_ci NOT NULL,
  `handle` char(45) COLLATE utf8_unicode_ci NOT NULL,
  `titleLabel` varchar(255) COLLATE utf8_unicode_ci NOT NULL DEFAULT 'Title',
  `hasUrls` tinyint(1) unsigned NOT NULL DEFAULT '1',
  `template` varchar(500) COLLATE utf8_unicode_ci DEFAULT NULL,
  `fieldLayoutId` int(10) DEFAULT NULL,
  `dateCreated` datetime NOT NULL,
  `dateUpdated` datetime NOT NULL,
  `uid` char(36) COLLATE utf8_unicode_ci NOT NULL DEFAULT '0',
  PRIMARY KEY (`id`),
  UNIQUE KEY `craft_sections_name_unq_idx` (`name`),
  UNIQUE KEY `craft_sections_handle_unq_idx` (`handle`),
  KEY `craft_sections_fieldLayoutId_fk` (`fieldLayoutId`)
) ENGINE=InnoDB AUTO_INCREMENT=4 DEFAULT CHARSET=utf8 COLLATE=utf8_unicode_ci;

--
-- Data for table `craft_sections`
--

BEGIN;
INSERT INTO `craft_sections` (`id`, `name`, `handle`, `titleLabel`, `hasUrls`, `template`, `fieldLayoutId`, `dateCreated`, `dateUpdated`, `uid`) VALUES
 ('2', 'Album', 'album', 'Album Title', '0', NULL, '42', '2013-06-13 19:55:24', '2013-08-02 05:37:31', 'baa730cf-c398-454a-96ef-525ef6c346c6'),
 ('3', 'Song', 'song', 'Song Title', '0', NULL, '44', '2013-06-13 20:03:14', '2013-08-26 15:23:09', '9ed76c60-a7d7-4826-8518-40e81c331c2d');
COMMIT;


--
-- Schema for table `craft_sections_i18n`
--

DROP TABLE IF EXISTS `craft_sections_i18n`;

CREATE TABLE `craft_sections_i18n` (
  `id` int(11) NOT NULL AUTO_INCREMENT,
  `sectionId` int(11) NOT NULL,
  `locale` char(12) COLLATE utf8_unicode_ci NOT NULL,
  `urlFormat` varchar(255) COLLATE utf8_unicode_ci DEFAULT NULL,
  `dateCreated` datetime NOT NULL,
  `dateUpdated` datetime NOT NULL,
  `uid` char(36) COLLATE utf8_unicode_ci NOT NULL DEFAULT '0',
  PRIMARY KEY (`id`),
  UNIQUE KEY `craft_sections_i18n_sectionId_locale_unq_idx` (`sectionId`,`locale`),
  KEY `craft_sections_i18n_locale_fk` (`locale`)
) ENGINE=InnoDB AUTO_INCREMENT=4 DEFAULT CHARSET=utf8 COLLATE=utf8_unicode_ci;

--
-- Data for table `craft_sections_i18n`
--

BEGIN;
INSERT INTO `craft_sections_i18n` (`id`, `sectionId`, `locale`, `urlFormat`, `dateCreated`, `dateUpdated`, `uid`) VALUES
 ('2', '2', 'en_us', NULL, '2013-06-13 19:55:24', '2013-08-02 05:37:31', '67db99fc-4f2d-42a2-8068-1a95bf69bbcb'),
 ('3', '3', 'en_us', NULL, '2013-06-13 20:03:14', '2013-06-13 20:03:14', '28184d4a-45a7-44d7-b9f6-0e00fb16f006');
COMMIT;


--
-- Schema for table `craft_sessions`
--

DROP TABLE IF EXISTS `craft_sessions`;

CREATE TABLE `craft_sessions` (
  `id` int(11) NOT NULL AUTO_INCREMENT,
  `userId` int(11) NOT NULL,
  `token` char(100) COLLATE utf8_unicode_ci NOT NULL,
  `dateCreated` datetime NOT NULL,
  `dateUpdated` datetime NOT NULL,
  `uid` char(36) COLLATE utf8_unicode_ci NOT NULL DEFAULT '0',
  PRIMARY KEY (`id`),
  KEY `craft_sessions_uid_idx` (`uid`),
  KEY `craft_sessions_token_idx` (`token`),
  KEY `craft_sessions_dateUpdated_idx` (`dateUpdated`),
  KEY `craft_sessions_userId_fk` (`userId`)
) ENGINE=InnoDB AUTO_INCREMENT=37 DEFAULT CHARSET=utf8 COLLATE=utf8_unicode_ci;

--
-- Data for table `craft_sessions`
--

BEGIN;
INSERT INTO `craft_sessions` (`id`, `userId`, `token`, `dateCreated`, `dateUpdated`, `uid`) VALUES
 ('1', '1', '$2a$08$xhR7J3bIm9rYcxX4fSs27.rVk/tW04mxTrl05FFCuQKdHpxjk55Ym', '2013-06-13 00:37:58', '2013-06-13 00:37:58', 'b0fec45b-c627-4baf-8f87-25ea516c7c2f'),
 ('2', '1', '$2a$08$P3i1hXmM9xBIYEnmFPZkoOWSSANL2rvbhldKcDxHwgE8SurPcf/ea', '2013-06-13 18:03:09', '2013-06-13 18:03:09', 'fd7647ae-a148-4591-a6cb-825183b7ffca'),
 ('3', '1', '$2a$08$KXjV9BaCDok/8yK/zvlTwODd4durH0JGgE5JuxR9Pbl0B/QiF5ZgO', '2013-06-13 22:02:26', '2013-06-13 22:02:26', '2bb5dfb4-5160-430d-9212-eb085796933f'),
 ('5', '1', '$2a$08$vspfcQajimIgQ.5Sth2EneiWn3OMbBPH0xVHZfF/44i8mE8OGWrTa', '2013-06-18 18:56:27', '2013-06-18 18:56:27', 'd5b1ae16-5dac-4c0c-9154-c054c1646095'),
 ('6', '1', '$2a$08$tXqpUUJsbTUVZo6vXZQb3uvDHYEEZA1QwO1bu37wS768HAjy4jz/y', '2013-06-19 01:05:04', '2013-06-19 01:05:04', '4ea72e74-771a-4a90-ba27-8d2d1740a4a9'),
 ('7', '1', '$2a$08$iNUdAzteIiQcknQBP/5loeds3mVC8BYpacMkjZcf7s517npYoAOT2', '2013-06-19 05:56:29', '2013-06-19 05:56:29', 'f03b6921-8752-45d6-89cb-d7f8315794a2'),
 ('8', '1', '$2a$08$HA7CtgIb742h24ViI8js..gIfNELWAiugS1TMWhLzu1sjG19LbWjK', '2013-06-20 03:46:04', '2013-06-20 03:46:04', 'e25fde0b-24ca-4d44-b879-280717351ad6'),
 ('9', '1', '$2a$08$o9VrMVK6/UqQ5k0mcxlHeONRC6UKVVKaJ5Ln8XLI1.70QbFhB4yCq', '2013-06-20 06:43:45', '2013-06-20 06:43:45', '91af18c6-d9ee-42c1-9f66-1eb64170dcd5'),
 ('11', '1', '$2a$08$/NV1NEJ.ny4F7fFJjsZkA.jGSGg7In1YCtFbqJ0c23agRWyhnmRi2', '2013-06-20 20:55:21', '2013-06-20 20:55:21', '4f90abcc-4692-484a-a0ee-4600fd23a24f'),
 ('12', '1', '$2a$08$/pPp7KfaF6C0e3Xz/VuoLe7z1x7aYEcgoFCBdi9R73.xP286i0qzW', '2013-06-26 19:35:00', '2013-06-26 19:35:00', 'c3f72ba3-c628-473d-8692-ea1865bf17c2'),
 ('13', '1', '$2a$08$bhBB9FPAnxHWGJ.ErfP/ku9yHoLYJy9PP/w8cmI.IQ2ZvKkyZIajO', '2013-06-26 21:14:12', '2013-06-26 21:14:12', '4c8b832d-5ba4-48d6-970f-ee07f19bdb04'),
 ('14', '1', '$2a$08$9AniUmAGU1ai0UmuqsJsu.dpNK6ta.LUTODhOTEX0oga57hH2Pd8q', '2013-06-27 21:10:25', '2013-06-27 21:10:25', 'b2ca5f46-4c19-4a9d-adbf-742b868956f0'),
 ('15', '1', '$2a$08$IA86t6VqfPP6jWLLU.ftCudnKKiD51sLsvlu/nQtrz4/4XYP.3Ac6', '2013-06-29 20:33:11', '2013-06-29 20:33:11', '5920748e-3dcc-4892-934c-c00a8d0b793f'),
 ('16', '1', '$2a$08$5eM2GpwYqhWLLcPavKvSEurVAyDZPyEbRKiXZOwtUkzxHsFRgtNKi', '2013-06-29 21:52:38', '2013-06-29 21:52:38', 'd3b73523-340d-4d99-93dc-d0d4eb4a2180'),
 ('17', '1', '$2a$08$.UnszdciCC.YZR9PleQP6.qkIU6oXulE9aLQlaFJpmNdl4d9xgHwK', '2013-06-30 14:09:59', '2013-06-30 14:09:59', '13612f58-0c26-4246-9b52-1c1fcdf99251'),
 ('18', '1', '$2a$08$70T78OBv3FTNeBuwBRvFfOkU8E7uT19GL9jUeT6XBh6kc4ROW5E9i', '2013-07-01 03:36:23', '2013-07-01 03:36:23', 'e7f3d9fb-7533-491f-8f1f-a8bd658d6100'),
 ('19', '1', '$2a$08$lf6/oMP26aqbtdKYbXkII.znm5xOgufaJ.PiyQUewMa6ISulfrPbC', '2013-07-17 02:09:15', '2013-07-17 02:09:15', '67cbf8a9-eead-4b26-be3a-d7a2a2a9c4a7'),
 ('20', '1', '$2a$08$FeRixsIVs5QlJmj9fq0Wq.aTejVit2V/F1sXp/ed4zmoXWswSM5ea', '2013-07-17 04:34:34', '2013-07-17 04:34:34', 'a665a33a-2eab-498c-a929-17f4b31656ea'),
 ('21', '1', '$2a$08$U7VbiFanhZZgbFlH51.AY.aMfebmYB5sSr4fTmbJUVi4haNd11g.O', '2013-07-20 14:46:56', '2013-07-20 14:46:56', 'a8da1528-c45a-4a87-94e6-0b51f096a9f7'),
 ('22', '1', '$2a$08$3gRGWi8rkRBL3YwUwufEsewxSSaRkpEHT9T1Rk5cW11X9.jykhIhq', '2013-07-20 17:27:06', '2013-07-20 17:27:06', '41c9cffe-6a40-4229-924c-c62643c5f4db'),
 ('23', '1', '$2a$08$YoMR2vD6HkUJHxyIuch.QOQS/u20tmuEpnsPXgykke/w.c2YTup1y', '2013-07-20 22:43:14', '2013-07-20 22:43:14', '86d84611-772a-4554-8f07-466c5ae1e7ec'),
 ('24', '1', '$2a$08$pPxn1s61EsEvX/L0RaTOLetCaOnecYax9BT.CjFC/EemuvY66IVWO', '2013-07-21 05:24:10', '2013-07-21 05:24:10', '1fd3e17e-8670-4d40-8d12-23c9a558df77'),
 ('25', '1', '$2a$08$D/Q9XAyP8M5IyqTXHCetQe9i8m.dTKlVo.ZlDUmigcUjh5wJGN5eW', '2013-07-21 18:48:47', '2013-07-21 18:48:47', 'c3ac9f96-19b7-49fc-b327-fa95ce725eae'),
 ('26', '1', '$2a$08$Xz.25FgVJS0t7LSw9HzE8u95UHjCbNEwYU3fPh2qFmrMtlOpAIIS2', '2013-07-22 01:25:32', '2013-07-22 01:25:32', '295fcab7-72bb-425a-911c-8632463c4cd3'),
 ('27', '1', '$2a$08$D/vSsp9nsPYa1oqsOTKCSuFAuZ4XSgBU4bcDkMQ1AIXzgZ.CHNMke', '2013-07-23 06:07:27', '2013-07-23 06:07:27', '6c311a76-9985-4756-8bef-4ad604a2011a'),
 ('28', '1', '$2a$08$zbwWvD5fFrMVHkronacQoOXRH/fOem4uKQNhSN8UWlY.Ed36iHXtO', '2013-07-28 23:22:52', '2013-07-28 23:22:52', '2c1a4b33-8d83-490c-af1e-377699df6a6e'),
 ('29', '1', '$2a$08$RrDzQFkbvTXhkXYhWbIQKeJTV5t2lSh3SsGQjW7sZ9hUPm.eDYjf2', '2013-08-01 05:53:10', '2013-08-01 05:53:10', 'a4c15ee5-0852-41d8-a7d7-e409b0252edf'),
 ('34', '1', '$2a$08$O3jJ.olUfZcu/Ae4SzExD.coFbovrcpUAj2mRz2zL1yPDi2KIdvY.', '2013-08-02 05:58:11', '2013-08-02 05:58:11', '4346e10a-6bd5-48c6-83a4-d87f1bff0382'),
 ('35', '1', '$2a$08$..Sl5CT2VAiBoxQ4PNtL8eLnFqsD7SgT2Fkv8SZ6WEtMI1GEovU3y', '2013-08-26 14:45:12', '2013-08-26 14:45:12', '8dd9cb5a-1187-4c00-a63c-568b16c7df00'),
 ('36', '1', '$2a$08$ggFfIsgt.EEAEN4j48sCBOujgkMVanRhETFAyxu/odOdFLXXxRnB2', '2013-08-26 16:48:41', '2013-08-26 16:48:41', '1c8d5f33-bc9e-4b4b-bf83-ff01abcda225');
COMMIT;


--
-- Schema for table `craft_shunnedmessages`
--

DROP TABLE IF EXISTS `craft_shunnedmessages`;

CREATE TABLE `craft_shunnedmessages` (
  `id` int(11) NOT NULL AUTO_INCREMENT,
  `userId` int(11) NOT NULL,
  `message` varchar(255) COLLATE utf8_unicode_ci NOT NULL,
  `expiryDate` datetime DEFAULT NULL,
  `dateCreated` datetime NOT NULL,
  `dateUpdated` datetime NOT NULL,
  `uid` char(36) COLLATE utf8_unicode_ci NOT NULL DEFAULT '0',
  PRIMARY KEY (`id`),
  UNIQUE KEY `craft_shunnedmessages_userId_message_unq_idx` (`userId`,`message`)
) ENGINE=InnoDB DEFAULT CHARSET=utf8 COLLATE=utf8_unicode_ci;

--
-- Schema for table `craft_systemsettings`
--

DROP TABLE IF EXISTS `craft_systemsettings`;

CREATE TABLE `craft_systemsettings` (
  `id` int(11) NOT NULL AUTO_INCREMENT,
  `category` varchar(15) COLLATE utf8_unicode_ci NOT NULL,
  `settings` text COLLATE utf8_unicode_ci,
  `dateCreated` datetime NOT NULL,
  `dateUpdated` datetime NOT NULL,
  `uid` char(36) COLLATE utf8_unicode_ci NOT NULL DEFAULT '0',
  PRIMARY KEY (`id`),
  UNIQUE KEY `craft_systemsettings_category_unq_idx` (`category`)
) ENGINE=InnoDB AUTO_INCREMENT=2 DEFAULT CHARSET=utf8 COLLATE=utf8_unicode_ci;

--
-- Data for table `craft_systemsettings`
--

BEGIN;
INSERT INTO `craft_systemsettings` (`id`, `category`, `settings`, `dateCreated`, `dateUpdated`, `uid`) VALUES
 ('1', 'email', '{\"protocol\":\"php\",\"emailAddress\":\"joe@joeonmars.com\",\"senderName\":\"Hsin-Lei Chen\"}', '2013-06-13 00:37:58', '2013-06-13 00:37:58', '06cbdc79-05d5-479f-ab87-1ed20fdae2b5');
COMMIT;


--
-- Schema for table `craft_tags`
--

DROP TABLE IF EXISTS `craft_tags`;

CREATE TABLE `craft_tags` (
  `id` int(11) NOT NULL,
  `setId` int(11) NOT NULL,
  `name` varchar(255) COLLATE utf8_unicode_ci NOT NULL,
  `dateCreated` datetime NOT NULL,
  `dateUpdated` datetime NOT NULL,
  `uid` char(36) COLLATE utf8_unicode_ci NOT NULL DEFAULT '0',
  PRIMARY KEY (`id`),
  UNIQUE KEY `craft_tags_setId_name_unq_idx` (`setId`,`name`)
) ENGINE=InnoDB DEFAULT CHARSET=utf8 COLLATE=utf8_unicode_ci;

--
-- Schema for table `craft_tagsets`
--

DROP TABLE IF EXISTS `craft_tagsets`;

CREATE TABLE `craft_tagsets` (
  `id` int(11) NOT NULL AUTO_INCREMENT,
  `name` varchar(100) COLLATE utf8_unicode_ci NOT NULL,
  `handle` char(45) COLLATE utf8_unicode_ci NOT NULL,
  `fieldLayoutId` int(10) DEFAULT NULL,
  `dateCreated` datetime NOT NULL,
  `dateUpdated` datetime NOT NULL,
  `uid` char(36) COLLATE utf8_unicode_ci NOT NULL DEFAULT '0',
  PRIMARY KEY (`id`),
  UNIQUE KEY `craft_tagsets_name_unq_idx` (`name`),
  UNIQUE KEY `craft_tagsets_handle_unq_idx` (`handle`)
) ENGINE=InnoDB AUTO_INCREMENT=2 DEFAULT CHARSET=utf8 COLLATE=utf8_unicode_ci;

--
-- Data for table `craft_tagsets`
--

BEGIN;
INSERT INTO `craft_tagsets` (`id`, `name`, `handle`, `fieldLayoutId`, `dateCreated`, `dateUpdated`, `uid`) VALUES
 ('1', 'Default', 'default', NULL, '2013-08-01 01:32:26', '2013-08-01 01:32:26', '0c0c5aeb-559d-4cc2-971d-1b43387a5eea');
COMMIT;


--
-- Schema for table `craft_usergroups`
--

DROP TABLE IF EXISTS `craft_usergroups`;

CREATE TABLE `craft_usergroups` (
  `id` int(11) NOT NULL AUTO_INCREMENT,
  `name` varchar(100) COLLATE utf8_unicode_ci NOT NULL,
  `handle` char(255) COLLATE utf8_unicode_ci NOT NULL,
  `dateCreated` datetime NOT NULL,
  `dateUpdated` datetime NOT NULL,
  `uid` char(36) COLLATE utf8_unicode_ci NOT NULL DEFAULT '0',
  PRIMARY KEY (`id`)
) ENGINE=InnoDB DEFAULT CHARSET=utf8 COLLATE=utf8_unicode_ci;

--
-- Schema for table `craft_usergroups_users`
--

DROP TABLE IF EXISTS `craft_usergroups_users`;

CREATE TABLE `craft_usergroups_users` (
  `id` int(11) NOT NULL AUTO_INCREMENT,
  `groupId` int(11) NOT NULL,
  `userId` int(11) NOT NULL,
  `dateCreated` datetime NOT NULL,
  `dateUpdated` datetime NOT NULL,
  `uid` char(36) COLLATE utf8_unicode_ci NOT NULL DEFAULT '0',
  PRIMARY KEY (`id`),
  UNIQUE KEY `craft_usergroups_users_groupId_userId_unq_idx` (`groupId`,`userId`),
  KEY `craft_usergroups_users_userId_fk` (`userId`)
) ENGINE=InnoDB DEFAULT CHARSET=utf8 COLLATE=utf8_unicode_ci;

--
-- Schema for table `craft_userpermissions`
--

DROP TABLE IF EXISTS `craft_userpermissions`;

CREATE TABLE `craft_userpermissions` (
  `id` int(11) NOT NULL AUTO_INCREMENT,
  `name` varchar(100) COLLATE utf8_unicode_ci NOT NULL,
  `dateCreated` datetime NOT NULL,
  `dateUpdated` datetime NOT NULL,
  `uid` char(36) COLLATE utf8_unicode_ci NOT NULL DEFAULT '0',
  PRIMARY KEY (`id`),
  UNIQUE KEY `craft_userpermissions_name_unq_idx` (`name`)
) ENGINE=InnoDB DEFAULT CHARSET=utf8 COLLATE=utf8_unicode_ci;

--
-- Schema for table `craft_userpermissions_usergroups`
--

DROP TABLE IF EXISTS `craft_userpermissions_usergroups`;

CREATE TABLE `craft_userpermissions_usergroups` (
  `id` int(11) NOT NULL AUTO_INCREMENT,
  `permissionId` int(11) NOT NULL,
  `groupId` int(11) NOT NULL,
  `dateCreated` datetime NOT NULL,
  `dateUpdated` datetime NOT NULL,
  `uid` char(36) COLLATE utf8_unicode_ci NOT NULL DEFAULT '0',
  PRIMARY KEY (`id`),
  UNIQUE KEY `craft_userpermissions_usergroups_permissionId_groupId_unq_idx` (`permissionId`,`groupId`),
  KEY `craft_userpermissions_usergroups_groupId_fk` (`groupId`)
) ENGINE=InnoDB DEFAULT CHARSET=utf8 COLLATE=utf8_unicode_ci;

--
-- Schema for table `craft_userpermissions_users`
--

DROP TABLE IF EXISTS `craft_userpermissions_users`;

CREATE TABLE `craft_userpermissions_users` (
  `id` int(11) NOT NULL AUTO_INCREMENT,
  `permissionId` int(11) NOT NULL,
  `userId` int(11) NOT NULL,
  `dateCreated` datetime NOT NULL,
  `dateUpdated` datetime NOT NULL,
  `uid` char(36) COLLATE utf8_unicode_ci NOT NULL DEFAULT '0',
  PRIMARY KEY (`id`),
  UNIQUE KEY `craft_userpermissions_users_permissionId_userId_unq_idx` (`permissionId`,`userId`),
  KEY `craft_userpermissions_users_userId_fk` (`userId`)
) ENGINE=InnoDB DEFAULT CHARSET=utf8 COLLATE=utf8_unicode_ci;

--
-- Schema for table `craft_users`
--

DROP TABLE IF EXISTS `craft_users`;

CREATE TABLE `craft_users` (
  `id` int(11) NOT NULL,
  `username` varchar(100) COLLATE utf8_unicode_ci NOT NULL,
  `photo` varchar(50) COLLATE utf8_unicode_ci DEFAULT NULL,
  `firstName` varchar(100) COLLATE utf8_unicode_ci DEFAULT NULL,
  `lastName` varchar(100) COLLATE utf8_unicode_ci DEFAULT NULL,
  `email` varchar(255) COLLATE utf8_unicode_ci NOT NULL,
  `password` char(255) COLLATE utf8_unicode_ci DEFAULT NULL,
  `encType` char(10) COLLATE utf8_unicode_ci DEFAULT NULL,
  `preferredLocale` char(12) COLLATE utf8_unicode_ci DEFAULT NULL,
  `admin` tinyint(1) unsigned NOT NULL DEFAULT '0',
  `status` enum('locked','suspended','pending','active','archived') COLLATE utf8_unicode_ci DEFAULT 'pending',
  `lastLoginDate` datetime DEFAULT NULL,
  `lastLoginAttemptIPAddress` varchar(45) COLLATE utf8_unicode_ci DEFAULT NULL,
  `invalidLoginWindowStart` datetime DEFAULT NULL,
  `invalidLoginCount` tinyint(4) unsigned DEFAULT NULL,
  `lastInvalidLoginDate` datetime DEFAULT NULL,
  `lockoutDate` datetime DEFAULT NULL,
  `verificationCode` char(100) COLLATE utf8_unicode_ci DEFAULT NULL,
  `verificationCodeIssuedDate` datetime DEFAULT NULL,
  `passwordResetRequired` tinyint(1) unsigned NOT NULL DEFAULT '0',
  `lastPasswordChangeDate` datetime DEFAULT NULL,
  `dateCreated` datetime NOT NULL,
  `dateUpdated` datetime NOT NULL,
  `uid` char(36) COLLATE utf8_unicode_ci NOT NULL DEFAULT '0',
  PRIMARY KEY (`id`),
  UNIQUE KEY `craft_users_username_unq_idx` (`username`),
  UNIQUE KEY `craft_users_email_unq_idx` (`email`),
  KEY `craft_users_verificationCode_idx` (`verificationCode`),
  KEY `craft_users_uid_idx` (`uid`),
  KEY `craft_users_preferredLocale_fk` (`preferredLocale`)
) ENGINE=InnoDB DEFAULT CHARSET=utf8 COLLATE=utf8_unicode_ci;

--
-- Data for table `craft_users`
--

BEGIN;
INSERT INTO `craft_users` (`id`, `username`, `photo`, `firstName`, `lastName`, `email`, `password`, `encType`, `preferredLocale`, `admin`, `status`, `lastLoginDate`, `lastLoginAttemptIPAddress`, `invalidLoginWindowStart`, `invalidLoginCount`, `lastInvalidLoginDate`, `lockoutDate`, `verificationCode`, `verificationCodeIssuedDate`, `passwordResetRequired`, `lastPasswordChangeDate`, `dateCreated`, `dateUpdated`, `uid`) VALUES
 ('1', 'joeonmars', NULL, 'Joe', 'Zhou', 'joe@joeonmars.com', '$2a$08$DMca.3fdsK.qxdf7HNVQxuHjBNyAdwKD3HRg8CV9Dx1EAbcCUKhoC', 'blowfish', NULL, '1', 'active', '2013-08-26 16:48:41', '127.0.0.1', NULL, NULL, '2013-08-26 16:48:37', NULL, NULL, NULL, '0', '2013-06-20 20:55:13', '2013-06-13 00:37:57', '2013-08-26 16:48:41', '955ff719-258c-40f5-935a-4bb82d2e226e'),
 ('46', 'hsinleichen', NULL, 'Hsin-Lei', 'Chen', 'admin@hsinleichen.com', '$2a$08$0xFQyavqdEqytqmmQaHpNuC68.DVhrkaXM7unHfJgaRXhCV7Tvuc6', 'blowfish', NULL, '1', 'active', NULL, NULL, NULL, NULL, NULL, NULL, NULL, NULL, '0', '2013-07-29 00:11:30', '2013-07-29 00:10:48', '2013-07-29 00:15:36', '5215f08b-ceab-4cd1-84b6-1908c428dfef');
COMMIT;


--
-- Schema for table `craft_widgets`
--

DROP TABLE IF EXISTS `craft_widgets`;

CREATE TABLE `craft_widgets` (
  `id` int(11) NOT NULL AUTO_INCREMENT,
  `userId` int(11) NOT NULL,
  `type` char(150) COLLATE utf8_unicode_ci NOT NULL,
  `sortOrder` tinyint(4) DEFAULT NULL,
  `settings` text COLLATE utf8_unicode_ci,
  `enabled` tinyint(1) unsigned NOT NULL DEFAULT '1',
  `dateCreated` datetime NOT NULL,
  `dateUpdated` datetime NOT NULL,
  `uid` char(36) COLLATE utf8_unicode_ci NOT NULL DEFAULT '0',
  PRIMARY KEY (`id`),
  KEY `craft_widgets_userId_fk` (`userId`)
) ENGINE=InnoDB AUTO_INCREMENT=6 DEFAULT CHARSET=utf8 COLLATE=utf8_unicode_ci;

--
-- Data for table `craft_widgets`
--

BEGIN;
INSERT INTO `craft_widgets` (`id`, `userId`, `type`, `sortOrder`, `settings`, `enabled`, `dateCreated`, `dateUpdated`, `uid`) VALUES
 ('1', '1', 'QuickPost', '1', '{\"section\":\"1\"}', '1', '2013-06-13 00:39:18', '2013-06-13 00:39:18', '6c741916-c3d1-47bc-9333-1c5f7630773c'),
 ('2', '1', 'RecentEntries', '2', NULL, '1', '2013-06-13 00:39:18', '2013-06-13 00:39:18', '792e7ddc-e40b-4e9b-9919-21a6d169ff2f'),
 ('3', '1', 'Feed', '3', '{\"url\":\"http:\\/\\/feeds.feedburner.com\\/blogandtonic\",\"title\":\"Blog & Tonic\"}', '1', '2013-06-13 00:39:18', '2013-06-13 00:39:18', '23ee7b5f-bafe-459b-9550-480f8cda03f3'),
 ('4', '1', 'Updates', '4', NULL, '1', '2013-06-13 00:39:18', '2013-06-13 00:39:18', 'e5b56993-4fd3-4547-a1c8-bb1df08f5b4a'),
 ('5', '1', 'GetHelp', '5', NULL, '1', '2013-06-13 00:39:18', '2013-06-13 00:39:18', 'e4a4e1e5-ea70-42a3-b52c-fe7a8dcf5293');
COMMIT;

--
-- Constraints for tables
--


--
-- Constraints for table `craft_assetfiles`
--
ALTER TABLE `craft_assetfiles`
	ADD CONSTRAINT `craft_assetfiles_folderId_fk` FOREIGN KEY (`folderId`) REFERENCES `craft_assetfolders` (`id`) ON DELETE CASCADE,
	ADD CONSTRAINT `craft_assetfiles_id_fk` FOREIGN KEY (`id`) REFERENCES `craft_elements` (`id`) ON DELETE CASCADE,
	ADD CONSTRAINT `craft_assetfiles_sourceId_fk` FOREIGN KEY (`sourceId`) REFERENCES `craft_assetsources` (`id`) ON DELETE CASCADE;

--
-- Constraints for table `craft_assetfolders`
--
ALTER TABLE `craft_assetfolders`
	ADD CONSTRAINT `craft_assetfolders_parentId_fk` FOREIGN KEY (`parentId`) REFERENCES `craft_assetfolders` (`id`) ON DELETE CASCADE,
	ADD CONSTRAINT `craft_assetfolders_sourceId_fk` FOREIGN KEY (`sourceId`) REFERENCES `craft_assetsources` (`id`) ON DELETE CASCADE;

--
-- Constraints for table `craft_assetindexdata`
--
ALTER TABLE `craft_assetindexdata`
	ADD CONSTRAINT `craft_assetindexdata_sourceId_fk` FOREIGN KEY (`sourceId`) REFERENCES `craft_assetsources` (`id`) ON DELETE CASCADE;

--
-- Constraints for table `craft_content`
--
ALTER TABLE `craft_content`
	ADD CONSTRAINT `craft_content_elementId_fk` FOREIGN KEY (`elementId`) REFERENCES `craft_elements` (`id`) ON DELETE CASCADE,
	ADD CONSTRAINT `craft_content_locale_fk` FOREIGN KEY (`locale`) REFERENCES `craft_locales` (`locale`) ON DELETE CASCADE ON UPDATE CASCADE;

--
-- Constraints for table `craft_elements_i18n`
--
ALTER TABLE `craft_elements_i18n`
	ADD CONSTRAINT `craft_elements_i18n_elementId_fk` FOREIGN KEY (`elementId`) REFERENCES `craft_elements` (`id`) ON DELETE CASCADE,
	ADD CONSTRAINT `craft_elements_i18n_locale_fk` FOREIGN KEY (`locale`) REFERENCES `craft_locales` (`locale`) ON DELETE CASCADE ON UPDATE CASCADE;

--
-- Constraints for table `craft_entries`
--
ALTER TABLE `craft_entries`
	ADD CONSTRAINT `craft_entries_authorId_fk` FOREIGN KEY (`authorId`) REFERENCES `craft_users` (`id`) ON DELETE CASCADE,
	ADD CONSTRAINT `craft_entries_id_fk` FOREIGN KEY (`id`) REFERENCES `craft_elements` (`id`) ON DELETE CASCADE,
	ADD CONSTRAINT `craft_entries_sectionId_fk` FOREIGN KEY (`sectionId`) REFERENCES `craft_sections` (`id`) ON DELETE CASCADE;

--
-- Constraints for table `craft_entries_i18n`
--
ALTER TABLE `craft_entries_i18n`
	ADD CONSTRAINT `craft_entries_i18n_entryId_fk` FOREIGN KEY (`entryId`) REFERENCES `craft_entries` (`id`) ON DELETE CASCADE,
	ADD CONSTRAINT `craft_entries_i18n_locale_fk` FOREIGN KEY (`locale`) REFERENCES `craft_locales` (`locale`) ON DELETE CASCADE ON UPDATE CASCADE,
	ADD CONSTRAINT `craft_entries_i18n_sectionId_fk` FOREIGN KEY (`sectionId`) REFERENCES `craft_sections` (`id`) ON DELETE CASCADE;

--
-- Constraints for table `craft_entrydrafts`
--
ALTER TABLE `craft_entrydrafts`
	ADD CONSTRAINT `craft_entrydrafts_creatorId_fk` FOREIGN KEY (`creatorId`) REFERENCES `craft_users` (`id`),
	ADD CONSTRAINT `craft_entrydrafts_entryId_fk` FOREIGN KEY (`entryId`) REFERENCES `craft_entries` (`id`) ON DELETE CASCADE,
	ADD CONSTRAINT `craft_entrydrafts_locale_fk` FOREIGN KEY (`locale`) REFERENCES `craft_locales` (`locale`) ON DELETE CASCADE ON UPDATE CASCADE,
	ADD CONSTRAINT `craft_entrydrafts_sectionId_fk` FOREIGN KEY (`sectionId`) REFERENCES `craft_sections` (`id`) ON DELETE CASCADE;

--
-- Constraints for table `craft_entrytags_entries`
--
ALTER TABLE `craft_entrytags_entries`
	ADD CONSTRAINT `craft_entrytags_entries_entryId_fk` FOREIGN KEY (`entryId`) REFERENCES `craft_entries` (`id`) ON DELETE CASCADE,
	ADD CONSTRAINT `craft_entrytags_entries_tagId_fk` FOREIGN KEY (`tagId`) REFERENCES `craft_entrytags` (`id`) ON DELETE CASCADE;

--
-- Constraints for table `craft_entryversions`
--
ALTER TABLE `craft_entryversions`
	ADD CONSTRAINT `craft_entryversions_creatorId_fk` FOREIGN KEY (`creatorId`) REFERENCES `craft_users` (`id`),
	ADD CONSTRAINT `craft_entryversions_entryId_fk` FOREIGN KEY (`entryId`) REFERENCES `craft_entries` (`id`) ON DELETE CASCADE,
	ADD CONSTRAINT `craft_entryversions_locale_fk` FOREIGN KEY (`locale`) REFERENCES `craft_locales` (`locale`) ON DELETE CASCADE ON UPDATE CASCADE,
	ADD CONSTRAINT `craft_entryversions_sectionId_fk` FOREIGN KEY (`sectionId`) REFERENCES `craft_sections` (`id`) ON DELETE CASCADE;

--
-- Constraints for table `craft_fieldlayoutfields`
--
ALTER TABLE `craft_fieldlayoutfields`
	ADD CONSTRAINT `craft_fieldlayoutfields_fieldId_fk` FOREIGN KEY (`fieldId`) REFERENCES `craft_fields` (`id`) ON DELETE CASCADE,
	ADD CONSTRAINT `craft_fieldlayoutfields_layoutId_fk` FOREIGN KEY (`layoutId`) REFERENCES `craft_fieldlayouts` (`id`) ON DELETE CASCADE,
	ADD CONSTRAINT `craft_fieldlayoutfields_tabId_fk` FOREIGN KEY (`tabId`) REFERENCES `craft_fieldlayouttabs` (`id`) ON DELETE CASCADE;

--
-- Constraints for table `craft_fieldlayouttabs`
--
ALTER TABLE `craft_fieldlayouttabs`
	ADD CONSTRAINT `craft_fieldlayouttabs_layoutId_fk` FOREIGN KEY (`layoutId`) REFERENCES `craft_fieldlayouts` (`id`) ON DELETE CASCADE;

--
-- Constraints for table `craft_fields`
--
ALTER TABLE `craft_fields`
	ADD CONSTRAINT `craft_fields_groupId_fk` FOREIGN KEY (`groupId`) REFERENCES `craft_fieldgroups` (`id`) ON DELETE CASCADE;

--
-- Constraints for table `craft_globalsets`
--
ALTER TABLE `craft_globalsets`
	ADD CONSTRAINT `craft_globalsets_fieldLayoutId_fk` FOREIGN KEY (`fieldLayoutId`) REFERENCES `craft_fieldlayouts` (`id`) ON DELETE SET NULL,
	ADD CONSTRAINT `craft_globalsets_id_fk` FOREIGN KEY (`id`) REFERENCES `craft_elements` (`id`) ON DELETE CASCADE;

--
-- Constraints for table `craft_migrations`
--
ALTER TABLE `craft_migrations`
	ADD CONSTRAINT `craft_migrations_pluginId_fk` FOREIGN KEY (`pluginId`) REFERENCES `craft_plugins` (`id`) ON DELETE CASCADE;

--
-- Constraints for table `craft_relations`
--
ALTER TABLE `craft_relations`
	ADD CONSTRAINT `craft_relations_childId_fk` FOREIGN KEY (`childId`) REFERENCES `craft_elements` (`id`) ON DELETE CASCADE,
	ADD CONSTRAINT `craft_relations_fieldId_fk` FOREIGN KEY (`fieldId`) REFERENCES `craft_fields` (`id`) ON DELETE CASCADE,
	ADD CONSTRAINT `craft_relations_parentId_fk` FOREIGN KEY (`parentId`) REFERENCES `craft_elements` (`id`) ON DELETE CASCADE;

--
-- Constraints for table `craft_sections`
--
ALTER TABLE `craft_sections`
	ADD CONSTRAINT `craft_sections_fieldLayoutId_fk` FOREIGN KEY (`fieldLayoutId`) REFERENCES `craft_fieldlayouts` (`id`) ON DELETE SET NULL;

--
-- Constraints for table `craft_sections_i18n`
--
ALTER TABLE `craft_sections_i18n`
	ADD CONSTRAINT `craft_sections_i18n_locale_fk` FOREIGN KEY (`locale`) REFERENCES `craft_locales` (`locale`) ON DELETE CASCADE ON UPDATE CASCADE,
	ADD CONSTRAINT `craft_sections_i18n_sectionId_fk` FOREIGN KEY (`sectionId`) REFERENCES `craft_sections` (`id`) ON DELETE CASCADE;

--
-- Constraints for table `craft_sessions`
--
ALTER TABLE `craft_sessions`
	ADD CONSTRAINT `craft_sessions_userId_fk` FOREIGN KEY (`userId`) REFERENCES `craft_users` (`id`) ON DELETE CASCADE;

--
-- Constraints for table `craft_shunnedmessages`
--
ALTER TABLE `craft_shunnedmessages`
	ADD CONSTRAINT `craft_shunnedmessages_userId_fk` FOREIGN KEY (`userId`) REFERENCES `craft_users` (`id`) ON DELETE CASCADE;

--
-- Constraints for table `craft_tags`
--
ALTER TABLE `craft_tags`
	ADD CONSTRAINT `craft_tags_id_fk` FOREIGN KEY (`id`) REFERENCES `craft_elements` (`id`) ON DELETE CASCADE,
	ADD CONSTRAINT `craft_tags_setId_fk` FOREIGN KEY (`setId`) REFERENCES `craft_tagsets` (`id`) ON DELETE CASCADE;

--
-- Constraints for table `craft_usergroups_users`
--
ALTER TABLE `craft_usergroups_users`
	ADD CONSTRAINT `craft_usergroups_users_groupId_fk` FOREIGN KEY (`groupId`) REFERENCES `craft_usergroups` (`id`) ON DELETE CASCADE,
	ADD CONSTRAINT `craft_usergroups_users_userId_fk` FOREIGN KEY (`userId`) REFERENCES `craft_users` (`id`) ON DELETE CASCADE;

--
-- Constraints for table `craft_userpermissions_usergroups`
--
ALTER TABLE `craft_userpermissions_usergroups`
	ADD CONSTRAINT `craft_userpermissions_usergroups_groupId_fk` FOREIGN KEY (`groupId`) REFERENCES `craft_usergroups` (`id`) ON DELETE CASCADE,
	ADD CONSTRAINT `craft_userpermissions_usergroups_permissionId_fk` FOREIGN KEY (`permissionId`) REFERENCES `craft_userpermissions` (`id`) ON DELETE CASCADE;

--
-- Constraints for table `craft_userpermissions_users`
--
ALTER TABLE `craft_userpermissions_users`
	ADD CONSTRAINT `craft_userpermissions_users_permissionId_fk` FOREIGN KEY (`permissionId`) REFERENCES `craft_userpermissions` (`id`) ON DELETE CASCADE,
	ADD CONSTRAINT `craft_userpermissions_users_userId_fk` FOREIGN KEY (`userId`) REFERENCES `craft_users` (`id`) ON DELETE CASCADE;

--
-- Constraints for table `craft_users`
--
ALTER TABLE `craft_users`
	ADD CONSTRAINT `craft_users_id_fk` FOREIGN KEY (`id`) REFERENCES `craft_elements` (`id`) ON DELETE CASCADE,
	ADD CONSTRAINT `craft_users_preferredLocale_fk` FOREIGN KEY (`preferredLocale`) REFERENCES `craft_locales` (`locale`) ON DELETE SET NULL ON UPDATE CASCADE;

--
-- Constraints for table `craft_widgets`
--
ALTER TABLE `craft_widgets`
	ADD CONSTRAINT `craft_widgets_userId_fk` FOREIGN KEY (`userId`) REFERENCES `craft_users` (`id`) ON DELETE CASCADE;

SET FOREIGN_KEY_CHECKS = 1;
COMMIT;

/*!40101 SET CHARACTER_SET_CLIENT=@OLD_CHARACTER_SET_CLIENT */;
/*!40101 SET CHARACTER_SET_RESULTS=@OLD_CHARACTER_SET_RESULTS */;
/*!40101 SET COLLATION_CONNECTION=@OLD_COLLATION_CONNECTION */;
